Global_Rank,Molecule_ID,CAS,SMILES,Formula,MW,LogP,TPSA,HBD,HBA,RotB,AromRings,Rings,FracCsp3,HeavyAtoms,N_Halogen,N_ToxAlerts,Tox_Alerts,S_efficacy,S_safety,S_total,Duplicate_IDs,Nearest_Reference,Ref_Target,Ref_Mechanism,Ref_Tanimoto,Chemotype,Chemotype_Target,Chemotype_Mechanism,Chemotype_Weight,S_mech,Murcko_Scaffold,S_nomination
1,T10732,113932-41-5,CCOC(=O)C(C(=O)O[C@H]1C[C@H]2CC[C@@H](C1)[N+]2(C)C)c1ccccc1,C20H28NO4+,346.45,2.65,52.6,0,4,5,1,3,0.6,25,0,0,none,1.0,1.0,1.0,T10732,Pravastatin,HMGCR,开环羟酸型亲水 HMGCR 抑制剂,0.207,无明确优势骨架命中,,,0.0,0.2073,O=C(Cc1ccccc1)OC1CC2CCC(C1)[NH2+]2,0.6036
2,TN7150,56402-79-0,COc1ccc(NC(=O)Nc2ccc(OC)cc2OC)c(OC)c1,C17H20N2O5,332.36,3.37,78.05,2,5,6,2,2,0.235,24,0,0,none,1.0,1.0,1.0,TN7150,Ranolazine,pFOX / 晚钠电流,部分脂肪酸氧化抑制，改善代谢底物利用,0.226,无明确优势骨架命中,,,0.0,0.2258,O=C(Nc1ccccc1)Nc1ccccc1,0.6129
3,T67952,2417988-00-0,COc1ccc(CN=C(C)c2c(O)c3ccccc3oc2=O)cc1,C19H17NO4,323.35,3.52,72.03,1,5,4,3,3,0.158,24,0,0,none,0.9999,1.0,1.0,T67952,Rosiglitazone,PPAR-gamma,TZD 类 PPAR-gamma 全激动剂，改善胰岛素抵抗与肝内脂肪蓄积,0.195,无明确优势骨架命中,,,0.0,0.1948,O=c1oc2ccccc2cc1C=NCc1ccccc1,0.5974
4,T23003,1443118-44-2,COc1ccc(C#Cc2ccc(C(=O)N3CCC[C@@H](O)C3)c(F)c2)cc1,C21H20FNO3,353.39,2.83,49.77,1,3,2,2,3,0.286,26,1,0,none,1.0,1.0,1.0,T23003,TVB-2640 (Denifanstat),FASN,脂肪酸合酶 beta-酮脂酰还原酶结构域抑制剂，直接阻断棕榈酸从头合成,0.202,哌嗪/哌啶杂芳基甲酰胺,SCD1 / DGAT2,脂质酶抑制剂常见的环胺-酰胺连接模式，倾向作用于 SCD1/DGAT2 等内质网膜结合型脂质合成酶,0.55,0.4497,O=C(c1ccc(C#Cc2ccccc2)cc1)N1CCCCC1,0.7248
5,T2A2486,53350-26-8,COc1cc(OC)c2c(=O)cc(-c3cc(OC)c(OC)c(OC)c3)oc2c1,C20H20O7,372.37,3.5,76.36,0,7,6,3,3,0.25,27,0,0,none,1.0,1.0,1.0,T2A2486,ACC inhibitor chemotype (firsocostat-like proxy),ACC1/ACC2,变构抑制乙酰辅酶A羧化酶，降低丙二酰辅酶A、阻断新发脂质合成(DNL)并解除 CPT1 抑制,0.197,黄酮/黄烷酮母核,AMPK / SREBP-1c,黄酮类多酚激活 AMPK-SIRT1 轴，抑制 SREBP-1c/FAS/ACC 表达并促进脂噬,0.6,0.4672,O=c1cc(-c2ccccc2)oc2ccccc12,0.7336
6,T38367,1208549-68-1,O=C(Nc1ccc(OC(F)(F)F)cc1)NC1CCN(C(=O)C2CC2)CC1,C17H20F3N3O3,371.36,3.11,70.67,2,3,4,1,3,0.529,26,3,0,none,1.0,1.0,1.0,T38367,TVB-2640 (Denifanstat),FASN,脂肪酸合酶 beta-酮脂酰还原酶结构域抑制剂，直接阻断棕榈酸从头合成,0.36,无明确优势骨架命中,,,0.0,0.36,O=C(Nc1ccccc1)NC1CCN(C(=O)C2CC2)CC1,0.68
7,T0151,119-41-5,CCOC(=O)COc1ccc2c(=O)cc(-c3ccccc3)oc2c1,C19H16O5,324.33,3.4,65.74,0,5,5,3,3,0.158,24,0,0,none,1.0,1.0,1.0,T0151,Etomoxir,CPT1a (抑制剂/阴性对照),CPT1 不可逆抑制剂，作为脂肪酸氧化通路机制阴性对照,0.269,黄酮/黄烷酮母核,AMPK / SREBP-1c,黄酮类多酚激活 AMPK-SIRT1 轴，抑制 SREBP-1c/FAS/ACC 表达并促进脂噬,0.6,0.5387,O=c1cc(-c2ccccc2)oc2ccccc12,0.7694
8,T60023,58125-33-0,N#Cc1c(NC(=O)CN2CCCCC2)sc2c1CCCC2,C16H21N3OS,303.43,2.92,56.13,1,4,3,1,3,0.625,21,0,0,none,1.0,1.0,1.0,T60023,Ranolazine,pFOX / 晚钠电流,部分脂肪酸氧化抑制，改善代谢底物利用,0.233,无明确优势骨架命中,,,0.0,0.2329,O=C(CN1CCCCC1)Nc1cc2c(s1)CCCC2,0.6164
9,T16528,942289-87-4,Nc1ccc(-c2cccc3c(=O)cc(N4CCOCC4)oc23)cc1,C19H18N2O3,322.36,2.88,68.7,1,5,2,3,4,0.211,24,0,0,none,1.0,1.0,1.0,T16528,PF-06424439 (DGAT2i),DGAT2,二酰甘油酰基转移酶2 抑制剂，直接阻断甘油三酯酯化终末步骤,0.183,无明确优势骨架命中,,,0.0,0.1831,O=c1cc(N2CCOCC2)oc2c(-c3ccccc3)cccc12,0.5916
10,T73772,1240-04-6,C[C@]12CC[C@@H]3c4ccc(OS(=O)(=O)O)cc4CC[C@H]3[C@@H]1CCC2=O,C18H22O5S,350.44,3.29,80.67,1,4,2,1,4,0.611,24,0,0,none,1.0,1.0,1.0,T0345;T36857;T36857L;T73772,Ciprofibrate,PPAR-alpha,长效贝特类，诱导过氧化物酶体增殖与脂肪酸 beta-氧化,0.179,无明确优势骨架命中,,,0.0,0.1791,O=C1CCC2C1CCC1c3ccccc3CCC12,0.5896
11,T4140,1820787-94-7,N#Cc1ccc2ncnc(N[C@H]3CC[C@H](N4CCOCC4)CC3)c2c1,C19H23N5O,337.43,2.56,74.07,1,6,3,2,4,0.526,25,0,0,none,1.0,1.0,1.0,T4140,PF-06424439 (DGAT2i),DGAT2,二酰甘油酰基转移酶2 抑制剂，直接阻断甘油三酯酯化终末步骤,0.184,无明确优势骨架命中,,,0.0,0.1842,c1ccc2c(NC3CCC(N4CCOCC4)CC3)ncnc2c1,0.5921
12,T1286,1617-90-9,CC[C@]12CCCN3CCc4c(n(c5ccccc45)[C@@](O)(C(=O)OC)C1)[C@@H]32,C21H26N2O3,354.45,2.95,54.7,1,4,2,2,5,0.571,26,0,0,none,1.0,1.0,1.0,T1286,Ranolazine,pFOX / 晚钠电流,部分脂肪酸氧化抑制，改善代谢底物利用,0.182,无明确优势骨架命中,,,0.0,0.1818,c1ccc2c(c1)c1c3n2CCC2CCCN(CC1)C32,0.5909
13,T23470,1135210-68-2,CCCCNc1c(C(=O)OCC)c(C)nc2c1cnn2CC,C16H24N4O2,304.39,3.15,69.04,1,5,7,2,2,0.562,22,0,0,none,1.0,1.0,1.0,T23470,TVB-2640 (Denifanstat),FASN,脂肪酸合酶 beta-酮脂酰还原酶结构域抑制剂，直接阻断棕榈酸从头合成,0.182,无明确优势骨架命中,,,0.0,0.1818,c1cnc2[nH]ncc2c1,0.5909
14,T5S0777,104112-82-5,COc1cc2c(cc1O)C[C@H]1c3cc(O)c(OC)cc3CC[N+]1(C)C2,C20H24NO4+,342.42,2.92,58.92,2,4,2,2,4,0.4,25,0,0,none,1.0,1.0,1.0,T5S0777,Berberine,AMPK / PCSK9 / LDLR,原小檗碱型生物碱，激活 AMPK 并稳定 LDLR mRNA，HepG2 经典降脂阳性对照,0.181,无明确优势骨架命中,,,0.0,0.1806,c1ccc2c(c1)CC1c3ccccc3CC[NH+]1C2,0.5903
15,T2919,607-80-7,c1cc2c(cc1[C@H]1OC[C@H]3[C@@H]1CO[C@@H]3c1ccc3c(c1)OCO3)OCO2,C20H18O6,354.36,3.22,55.38,0,6,2,2,6,0.4,26,0,0,none,1.0,1.0,1.0,T2919,Berberine,AMPK / PCSK9 / LDLR,原小檗碱型生物碱，激活 AMPK 并稳定 LDLR mRNA，HepG2 经典降脂阳性对照,0.217,无明确优势骨架命中,,,0.0,0.2167,c1cc2c(cc1C1OCC3C(c4ccc5c(c4)OCO5)OCC13)OCO2,0.6083
16,T60675L,,CC(C)CNC(=N)NC(=N)Nc1ccc(C(F)(F)F)cc1,C13H18F3N5,301.32,2.82,83.79,5,2,3,1,1,0.385,21,3,0,none,1.0,1.0,1.0,T60675L,Ervogastat (PF-06865571),DGAT2,口服 DGAT2 抑制剂，降低肝内甘油三酯合成与 VLDL 分泌,0.203,双胍 (biguanide),AMPK (indirect),抑制线粒体呼吸链复合物I，升高 AMP/ATP 比值激活 LKB1-AMPK 轴，磷酸化失活 ACC1/2 并抑制 SREBP-1c，阻断新发脂质合成,0.9,0.6079,c1ccccc1,0.8039
17,T11329,2225728-57-2,CC1(C)c2cccc(C(=O)NO)c2CN1c1cnc(C(F)(F)F)cn1,C16H15F3N4O2,352.32,2.87,78.35,2,5,2,2,3,0.312,25,3,0,none,1.0,1.0,1.0,T11329,Ervogastat (PF-06865571),DGAT2,口服 DGAT2 抑制剂，降低肝内甘油三酯合成与 VLDL 分泌,0.212,无明确优势骨架命中,,,0.0,0.2125,c1ccc2c(c1)CN(c1cnccn1)C2,0.6062
18,T2957,7770-78-7,COc1cc(C[C@H]2C(=O)OC[C@@H]2Cc2ccc(OC)c(OC)c2)ccc1O,C21H24O6,372.42,2.99,74.22,1,6,7,2,3,0.381,27,0,0,none,1.0,1.0,1.0,T2957,Berberine,AMPK / PCSK9 / LDLR,原小檗碱型生物碱，激活 AMPK 并稳定 LDLR mRNA，HepG2 经典降脂阳性对照,0.225,无明确优势骨架命中,,,0.0,0.2254,O=C1OCC(Cc2ccccc2)C1Cc1ccccc1,0.6127
19,T4639,1133819-87-0,COc1cccc(C(=O)COc2ccc(CC3SC(=O)NC3=O)cc2)c1,C19H17NO5S,371.41,2.85,81.7,1,6,7,2,3,0.211,26,0,0,none,1.0,1.0,1.0,T38715;T4639,Rosiglitazone,PPAR-gamma,TZD 类 PPAR-gamma 全激动剂，改善胰岛素抵抗与肝内脂肪蓄积,0.484,"噻唑烷-2,4-二酮 (TZD)",PPAR-gamma,TZD 酸性头基占据 PPAR-gamma 配体口袋 AF-2 螺旋，改善胰岛素敏感性、促进脂质向脂肪组织再分布，减轻肝细胞脂毒性,0.92,0.8984,O=C1NC(=O)C(Cc2ccc(OCC(=O)c3ccccc3)cc2)S1,0.9492
20,T72470,148672-09-7,C[C@]12CC[C@@H]3c4ccc(OS(N)(=O)=O)cc4CC[C@H]3[C@@H]1CCC2=O,C18H23NO4S,349.45,2.69,86.46,1,4,2,1,4,0.611,24,0,0,none,1.0,1.0,1.0,T72470,Ciprofibrate,PPAR-alpha,长效贝特类，诱导过氧化物酶体增殖与脂肪酸 beta-氧化,0.162,无明确优势骨架命中,,,0.0,0.1618,O=C1CCC2C1CCC1c3ccccc3CCC12,0.5809
21,T10138,110374-16-8,COc1ccc2nc(S(=O)Cc3ncc(C)cc3C)[nH]c2c1,C16H17N3O2S,315.4,2.89,67.87,1,4,4,3,3,0.25,22,0,0,none,1.0,1.0,1.0,T10138,GW4064,FXR,非甾体高效 FXR 激动剂工具化合物，抑制 DNL 相关转录程序,0.187,无明确优势骨架命中,,,0.0,0.1868,O=S(Cc1ccccn1)c1nc2ccccc2[nH]1,0.5934
22,T0161,164579-32-2,COc1ccnc(CS(=O)c2nc3cc(OC(F)F)ccc3[nH]2)c1OC,C16H15F2N3O4S,383.38,2.88,86.33,1,6,7,3,3,0.25,26,2,0,none,1.0,1.0,1.0,T0161;T6929,Trimetazidine,3-KAT (长链硫解酶),部分脂肪酸氧化抑制剂，代谢调节剂,0.2,无明确优势骨架命中,,,0.0,0.2,O=S(Cc1ccccn1)c1nc2ccccc2[nH]1,0.6
23,T10696,666261-80-9,O=C(NCC1CCOCC1)c1cnc(Nc2ccccc2)nc1C(F)(F)F,C18H19F3N4O2,380.37,3.4,76.14,2,5,5,2,3,0.389,27,3,0,none,1.0,1.0,1.0,T10696,TVB-2640 (Denifanstat),FASN,脂肪酸合酶 beta-酮脂酰还原酶结构域抑制剂，直接阻断棕榈酸从头合成,0.294,无明确优势骨架命中,,,0.0,0.2941,O=C(NCC1CCOCC1)c1cnc(Nc2ccccc2)nc1,0.647
24,T5140,,COC(=O)c1ccc(N2CCN(C)CC2)c(NC(=O)c2cccc(OC)c2)c1,C21H25N3O4,383.45,2.49,71.11,1,6,5,2,3,0.333,28,0,0,none,1.0,1.0,1.0,T3201;T5140,Ranolazine,pFOX / 晚钠电流,部分脂肪酸氧化抑制，改善代谢底物利用,0.215,无明确优势骨架命中,,,0.0,0.2152,O=C(Nc1ccccc1N1CCNCC1)c1ccccc1,0.6076
25,T61989,334668-69-8,O=C(C1CCCCC1)N1CCN(S(=O)(=O)c2cccc(C(F)(F)F)c2)CC1,C18H23F3N2O3S,404.45,3.12,57.69,0,3,3,1,3,0.611,27,3,0,none,1.0,1.0,1.0,T61989,Ervogastat (PF-06865571),DGAT2,口服 DGAT2 抑制剂，降低肝内甘油三酯合成与 VLDL 分泌,0.26,无明确优势骨架命中,,,0.0,0.2603,O=C(C1CCCCC1)N1CCN(S(=O)(=O)c2ccccc2)CC1,0.6302
26,T26630,356102-14-2,COc1ccccc1C=NNC(=O)COc1ccc(Cl)cc1C,C17H17ClN2O3,332.79,3.19,59.92,1,4,6,2,2,0.176,23,1,0,none,1.0,1.0,1.0,T26630,Ranolazine,pFOX / 晚钠电流,部分脂肪酸氧化抑制，改善代谢底物利用,0.28,无明确优势骨架命中,,,0.0,0.28,O=C(COc1ccccc1)NN=Cc1ccccc1,0.64
27,T5056,1188296-52-7,Nc1ncnc2c1c(COc1cccc(Cl)c1)nn2C1CCOCC1,C17H18ClN5O2,359.82,2.99,88.08,1,6,4,3,4,0.353,25,1,0,none,1.0,1.0,1.0,T5056,GW4064,FXR,非甾体高效 FXR 激动剂工具化合物，抑制 DNL 相关转录程序,0.175,无明确优势骨架命中,,,0.0,0.1753,c1ccc(OCc2nn(C3CCOCC3)c3ncncc23)cc1,0.5876
28,T26287,88296-62-2,Cc1cccc(C)c1NC(=O)C1(N(C)C)CCN([C@@H]2CCCC[C@H]2O)CC1,C22H35N3O2,373.54,2.94,55.81,2,4,4,1,3,0.682,27,0,0,none,1.0,1.0,1.0,T26287,Ranolazine,pFOX / 晚钠电流,部分脂肪酸氧化抑制，改善代谢底物利用,0.274,无明确优势骨架命中,,,0.0,0.274,O=C(Nc1ccccc1)C1CCN(C2CCCCC2)CC1,0.637
29,T0214L,112529-15-4,CCc1ccc(CCOc2ccc(CC3SC(=O)NC3=O)cc2)nc1,C19H20N2O3S,356.45,3.16,68.29,1,5,7,2,3,0.316,25,0,0,none,1.0,1.0,1.0,T0214;T0214L,Pioglitazone,PPAR-gamma,噻唑烷二酮胰岛素增敏剂，促进脂肪组织脂质再分布、降低肝细胞脂毒性,1.0,"噻唑烷-2,4-二酮 (TZD)",PPAR-gamma,TZD 酸性头基占据 PPAR-gamma 配体口袋 AF-2 螺旋，改善胰岛素敏感性、促进脂质向脂肪组织再分布，减轻肝细胞脂毒性,0.92,0.964,O=C1NC(=O)C(Cc2ccc(OCCc3ccccn3)cc2)S1,0.982
30,T11005,170569-87-6,NS(=O)(=O)c1ccc(-n2nc(C(F)(F)F)cc2-c2ccccc2)cc1,C16H12F3N3O2S,367.35,3.21,77.98,1,3,3,3,3,0.062,25,3,0,none,1.0,1.0,1.0,T11005,Salicylate,"AMPK (direct, beta1)",直接结合 AMPK beta1 变构位点，抑制脂肪生成,0.167,无明确优势骨架命中,,,0.0,0.1667,c1ccc(-c2ccnn2-c2ccccc2)cc1,0.5834
31,T4244,74805-90-6,Cc1c(O)c(C)c2occ(Cc3ccc4c(c3)OCO4)c(=O)c2c1O,C19H16O6,340.33,3.14,89.13,2,6,2,3,4,0.211,25,0,0,none,1.0,1.0,1.0,T4244,Lanifibranor,PPAR pan (alpha/delta/gamma),泛 PPAR 激动，促进 beta-氧化、抑制脂肪生成与炎症纤维化,0.173,无明确优势骨架命中,,,0.0,0.1733,O=c1c(Cc2ccc3c(c2)OCO3)coc2ccccc12,0.5866
32,TN1527,57906-85-1,COc1cc2c(cc1OC)[C@@H]1Cc3ccc(OC)c(OC)c3C[N+]1([O-])CC2,C21H25NO5,371.43,3.39,59.98,0,5,4,2,4,0.429,27,0,0,none,1.0,1.0,1.0,TN1527,Berberine,AMPK / PCSK9 / LDLR,原小檗碱型生物碱，激活 AMPK 并稳定 LDLR mRNA，HepG2 经典降脂阳性对照,0.239,无明确优势骨架命中,,,0.0,0.2394,c1ccc2c(c1)CC1c3ccccc3CC[NH+]1C2,0.6197
33,TN1346,19716-59-7,COc1cc2c(cc1OC)-c1cc3ccc(OC)c(OC)c3c(=O)n1CC2,C21H21NO5,367.4,3.26,58.92,0,5,4,3,4,0.286,27,0,0,none,1.0,1.0,1.0,TN1346,Berberine,AMPK / PCSK9 / LDLR,原小檗碱型生物碱，激活 AMPK 并稳定 LDLR mRNA，HepG2 经典降脂阳性对照,0.313,无明确优势骨架命中,,,0.0,0.3134,O=c1c2ccccc2cc2n1CCc1ccccc1-2,0.6567
34,T70812,1383376-93-9,CN1Cc2nccc(-c3cn(C)nc3-c3ccc(F)cc3)c2C1=O,C18H15FN4O,322.34,2.87,51.02,0,3,2,3,4,0.167,24,1,0,none,1.0,1.0,1.0,T70812,Atorvastatin,HMGCR,HMG-CoA 还原酶抑制，降低胆固醇合成并上调 LDLR,0.174,哌嗪/哌啶杂芳基甲酰胺,SCD1 / DGAT2,脂质酶抑制剂常见的环胺-酰胺连接模式，倾向作用于 SCD1/DGAT2 等内质网膜结合型脂质合成酶,0.55,0.4219,O=C1NCc2nccc(-c3c[nH]nc3-c3ccccc3)c21,0.711
35,T0173,849-55-8,CC(CCc1ccccc1)NC(C)C(O)c1ccc(O)cc1,C19H25NO2,299.41,3.43,52.49,3,3,7,2,2,0.368,22,0,0,none,1.0,1.0,1.0,T0173,Ezetimibe,NPC1L1,抑制胆固醇再摄取，降低肝内胆固醇酯负荷,0.219,无明确优势骨架命中,,,0.0,0.2188,c1ccc(CCCNCCc2ccccc2)cc1,0.6094
36,T27704,869650-21-5,CC(=O)c1cccc(-c2cnc3ccc(NCC4CC4)nn23)c1,C18H18N4O,306.37,3.42,59.29,1,4,5,3,4,0.278,23,0,0,none,1.0,1.0,1.0,T27704,Ervogastat (PF-06865571),DGAT2,口服 DGAT2 抑制剂，降低肝内甘油三酯合成与 VLDL 分泌,0.198,无明确优势骨架命中,,,0.0,0.1975,c1ccc(-c2cnc3ccc(NCC4CC4)nn23)cc1,0.5988
37,T4S0227,2306-27-6,COc1ccc(-c2cc(=O)c3c(OC)c(OC)c(OC)cc3o2)cc1OC,C20H20O7,372.37,3.5,76.36,0,7,6,3,3,0.25,27,0,0,none,1.0,1.0,1.0,T4S0227,Trimetazidine,3-KAT (长链硫解酶),部分脂肪酸氧化抑制剂，代谢调节剂,0.218,黄酮/黄烷酮母核,AMPK / SREBP-1c,黄酮类多酚激活 AMPK-SIRT1 轴，抑制 SREBP-1c/FAS/ACC 表达并促进脂噬,0.6,0.4882,O=c1cc(-c2ccccc2)oc2ccccc12,0.7441
38,T3119,1802326-66-4,C[C@H](NC(=O)CNC(=O)c1cccc(Cl)c1)c1ccccc1,C17H17ClN2O2,316.79,2.95,58.2,2,2,5,2,2,0.176,22,1,0,none,1.0,1.0,1.0,T3119,Bezafibrate,PPAR pan,泛 PPAR 弱激动剂，降低血浆与肝内甘油三酯,0.266,无明确优势骨架命中,,,0.0,0.2656,O=C(CNC(=O)c1ccccc1)NCc1ccccc1,0.6328
39,T10983L,1831167-98-6,CN1CCN(c2ccc(C(=O)Nc3ccc([C@@H]4C[C@H]4N)cc3)cc2)CC1,C21H26N4O,350.47,2.51,61.6,2,4,4,2,4,0.381,26,0,0,none,1.0,1.0,1.0,T10983L,TVB-2640 (Denifanstat),FASN,脂肪酸合酶 beta-酮脂酰还原酶结构域抑制剂，直接阻断棕榈酸从头合成,0.202,无明确优势骨架命中,,,0.0,0.2024,O=C(Nc1ccc(C2CC2)cc1)c1ccc(N2CCNCC2)cc1,0.6012
40,T16581,62666-20-0,NC(=O)CCCN=C(c1ccc(Cl)cc1)c1cc(F)ccc1O,C17H16ClFN2O2,334.78,3.29,75.68,2,3,6,2,2,0.176,23,2,0,none,1.0,1.0,1.0,T16581,Fenofibric acid,PPAR-alpha,激活 PPAR-alpha 上调 CPT1/ACOX1，增强线粒体与过氧化物酶体脂肪酸氧化,0.22,无明确优势骨架命中,,,0.0,0.2203,N=C(c1ccccc1)c1ccccc1,0.6102
41,T2686,161973-10-0,COc1ccc2[nH]c([S@@](=O)Cc3ncc(C)c(OC)c3C)nc2c1,C17H19N3O3S,345.42,2.9,77.1,1,5,5,3,3,0.294,24,0,0,none,1.0,1.0,1.0,T2686,Ranolazine,pFOX / 晚钠电流,部分脂肪酸氧化抑制，改善代谢底物利用,0.169,无明确优势骨架命中,,,0.0,0.1687,O=S(Cc1ccccn1)c1nc2ccccc2[nH]1,0.5844
42,TN2023,19716-60-0,COc1cc2c(cc1OC)-c1cc3ccc4c(c3c(=O)n1CC2)OCO4,C20H17NO5,351.36,2.97,58.92,0,5,2,3,5,0.25,26,0,0,none,1.0,1.0,1.0,TN2023,Berberine,AMPK / PCSK9 / LDLR,原小檗碱型生物碱，激活 AMPK 并稳定 LDLR mRNA，HepG2 经典降脂阳性对照,0.324,无明确优势骨架命中,,,0.0,0.3239,O=c1c2c3c(ccc2cc2n1CCc1ccccc1-2)OCO3,0.662
43,T40481,385425-03-6,Cc1ccc(-n2cnc(N=CN3CCOCC3)c2C(=O)c2ccccc2)cc1,C22H22N4O2,374.44,3.4,59.72,0,4,5,3,4,0.227,28,0,0,none,1.0,1.0,1.0,T40481,PF-06424439 (DGAT2i),DGAT2,二酰甘油酰基转移酶2 抑制剂，直接阻断甘油三酯酯化终末步骤,0.23,无明确优势骨架命中,,,0.0,0.2297,O=C(c1ccccc1)c1c(N=CN2CCOCC2)ncn1-c1ccccc1,0.6148
44,T207822,1356013-27-8,CC(O)C1CCN(c2ccc(Cl)cc2NC(=O)c2cnn3cccnc23)CC1,C20H22ClN5O2,399.88,3.23,82.76,2,5,4,3,4,0.35,28,1,0,none,1.0,1.0,1.0,T207822,TVB-2640 (Denifanstat),FASN,脂肪酸合酶 beta-酮脂酰还原酶结构域抑制剂，直接阻断棕榈酸从头合成,0.204,无明确优势骨架命中,,,0.0,0.2041,O=C(Nc1ccccc1N1CCCCC1)c1cnn2cccnc12,0.602
45,T22671,519148-48-2,Cc1cn2c(N)c(Cl)cc(C(=O)NCC3CCN(CC(C)C)CC3)c2n1,C19H28ClN5O,377.92,2.98,75.66,2,4,5,2,3,0.579,26,1,0,none,1.0,1.0,1.0,T22671,TVB-2640 (Denifanstat),FASN,脂肪酸合酶 beta-酮脂酰还原酶结构域抑制剂，直接阻断棕榈酸从头合成,0.2,无明确优势骨架命中,,,0.0,0.2,O=C(NCC1CCNCC1)c1cccn2ccnc12,0.6
46,T5183,1311136-84-1,CC[C@H]1NC(=O)N(c2ccc(Oc3ccc(C)c(OC)c3)nc2)C1=O,C18H19N3O4,341.37,3.03,80.76,1,5,5,2,3,0.278,25,0,0,none,1.0,1.0,1.0,T5183,Gemfibrozil,PPAR-alpha,苯氧戊酸类 PPAR-alpha 激动剂，抑制肝脏 VLDL-TG 分泌,0.221,无明确优势骨架命中,,,0.0,0.2206,O=C1CNC(=O)N1c1ccc(Oc2ccccc2)nc1,0.6103
47,T2607,146062-49-9,CCc1ccc(C(=O)COc2ccc(CC3SC(=O)NC3=O)cc2)nc1,C19H18N2O4S,370.43,2.8,85.36,1,6,7,2,3,0.263,26,0,0,none,1.0,1.0,1.0,T2607,Pioglitazone,PPAR-gamma,噻唑烷二酮胰岛素增敏剂，促进脂肪组织脂质再分布、降低肝细胞脂毒性,0.673,"噻唑烷-2,4-二酮 (TZD)",PPAR-gamma,TZD 酸性头基占据 PPAR-gamma 配体口袋 AF-2 螺旋，改善胰岛素敏感性、促进脂质向脂肪组织再分布，减轻肝细胞脂毒性,0.92,0.964,O=C1NC(=O)C(Cc2ccc(OCC(=O)c3ccccn3)cc2)S1,0.982
48,T2599,75444-65-4,Cc1nc2ccccn2c(=O)c1CCN1CCC(C(=O)c2ccc(F)cc2)CC1,C23H24FN3O2,393.46,3.28,54.68,0,4,5,3,4,0.348,29,1,0,none,1.0,1.0,1.0,T2599,Ranolazine,pFOX / 晚钠电流,部分脂肪酸氧化抑制，改善代谢底物利用,0.198,无明确优势骨架命中,,,0.0,0.1977,O=C(c1ccccc1)C1CCN(CCc2cnc3ccccn3c2=O)CC1,0.5988
49,T61191,892772-75-7,O=C(Nc1nccs1)C(c1ccccc1)N1Cc2ccccc2C1=O,C19H15N3O2S,349.42,3.48,62.3,1,4,4,3,4,0.105,25,0,0,none,1.0,1.0,1.0,T61191,Nicotinic acid (Niacin),HCAR2 / DGAT2,抑制脂肪组织脂解并弱抑制 DGAT2，减少肝内 VLDL 底物供应,0.175,哌嗪/哌啶杂芳基甲酰胺,SCD1 / DGAT2,脂质酶抑制剂常见的环胺-酰胺连接模式，倾向作用于 SCD1/DGAT2 等内质网膜结合型脂质合成酶,0.55,0.4229,O=C(Nc1nccs1)C(c1ccccc1)N1Cc2ccccc2C1=O,0.7114
50,TN2148,1245-15-4,COc1cc(O)c2c(=O)c(OC)c(-c3ccc(OC)c(OC)c3)oc2c1,C19H18O7,358.35,3.2,87.36,1,7,5,3,3,0.211,26,0,0,none,1.0,1.0,1.0,TN2148,Trimetazidine,3-KAT (长链硫解酶),部分脂肪酸氧化抑制剂，代谢调节剂,0.197,黄酮/黄烷酮母核,AMPK / SREBP-1c,黄酮类多酚激活 AMPK-SIRT1 轴，抑制 SREBP-1c/FAS/ACC 表达并促进脂噬,0.6,0.4667,O=c1cc(-c2ccccc2)oc2ccccc12,0.7333
51,T10674,908608-06-0,Cc1cc(N2CCOCC2)nc(C)c1NC(=O)OCc1ccccc1,C19H23N3O3,341.41,3.28,63.69,1,5,4,2,3,0.368,25,0,0,none,1.0,1.0,1.0,T10674,TVB-2640 (Denifanstat),FASN,脂肪酸合酶 beta-酮脂酰还原酶结构域抑制剂，直接阻断棕榈酸从头合成,0.241,无明确优势骨架命中,,,0.0,0.2414,O=C(Nc1ccc(N2CCOCC2)nc1)OCc1ccccc1,0.6207
52,T38776,1365060-22-5,O=C(O)CSc1ncnc2c(C3CC3)c(Cl)sc12,C11H9ClN2O2S2,300.79,3.4,63.08,1,5,4,2,3,0.364,18,1,0,none,1.0,1.0,1.0,T38776,GW501516,PPAR-delta,PPAR-delta 选择性激动，提升肝与骨骼肌脂肪酸氧化,0.203,无明确优势骨架命中,,,0.0,0.2025,c1ncc2scc(C3CC3)c2n1,0.6013
53,T5116,36734-19-7,CC(C)NC(=O)N1CC(=O)N(c2cc(Cl)cc(Cl)c2)C1=O,C13H13Cl2N3O3,330.17,2.88,69.72,1,3,2,1,2,0.308,21,2,0,none,1.0,1.0,1.0,T5116,Lanifibranor,PPAR pan (alpha/delta/gamma),泛 PPAR 激动，促进 beta-氧化、抑制脂肪生成与炎症纤维化,0.176,无明确优势骨架命中,,,0.0,0.1765,O=C1CNC(=O)N1c1ccccc1,0.5882
54,T11828,2407782-01-6,COc1ccccc1-c1cc2n(n1)Cc1ccc(NC(C)=O)cc1OC2,C20H19N3O3,349.39,3.46,65.38,1,4,3,3,4,0.2,26,0,0,none,1.0,1.0,1.0,T11828,Ranolazine,pFOX / 晚钠电流,部分脂肪酸氧化抑制，改善代谢底物利用,0.229,无明确优势骨架命中,,,0.0,0.2289,c1ccc(-c2cc3n(n2)Cc2ccccc2OC3)cc1,0.6144
55,T6058,1262036-50-9,NC1=N[C@@]2(c3cc(NC(=O)c4ccc(F)cn4)ccc3F)COC[C@H]2CS1,C18H16F2N4O2S,390.42,2.52,89.6,2,6,3,2,4,0.278,27,2,0,none,1.0,1.0,1.0,T6058,Ervogastat (PF-06865571),DGAT2,口服 DGAT2 抑制剂，降低肝内甘油三酯合成与 VLDL 分泌,0.167,无明确优势骨架命中,,,0.0,0.1667,O=C(Nc1cccc(C23COCC2CSC=N3)c1)c1ccccn1,0.5834
56,T0280,749-02-0,O=C(CCCN1CCC2(CC1)C(=O)NCN2c1ccccc1)c1ccc(F)cc1,C23H26FN3O2,395.48,3.22,52.65,1,4,6,2,4,0.391,29,1,0,none,1.0,1.0,1.0,T0280,Fluvastatin,HMGCR,全合成 HMGCR 抑制剂,0.217,无明确优势骨架命中,,,0.0,0.2169,O=C(CCCN1CCC2(CC1)C(=O)NCN2c1ccccc1)c1ccccc1,0.6085
57,T28362,936345-35-6,Cc1cc(Oc2c(C3CC3)nn(CS(C)(=O)=O)c2C)cc(C)c1C#N,C18H21N3O3S,359.45,3.35,84.98,0,5,5,2,3,0.444,25,0,0,none,1.0,1.0,1.0,T28362,Resmetirom (MGL-3196),THR-beta,肝脏选择性甲状腺激素受体 beta 激动；上调 CPT1A/线粒体 beta-氧化与脂噬，降低肝内甘油三酯,0.179,无明确优势骨架命中,,,0.0,0.1786,c1ccc(Oc2c[nH]nc2C2CC2)cc1,0.5893
58,T60011,1570374-32-1,CCCn1c(NC(=O)c2cccc(C(=O)O)c2)nc2ccccc21,C18H17N3O3,323.35,3.4,84.22,2,3,5,3,3,0.167,24,0,0,none,1.0,1.0,1.0,T60011,Telmisartan,PPAR-gamma partial / AT1R,AT1 受体拮抗兼 PPAR-gamma 部分激动，文献报道减轻肝细胞脂肪变,0.3,无明确优势骨架命中,,,0.0,0.3,O=C(Nc1nc2ccccc2[nH]1)c1ccccc1,0.65
59,T2661,663619-89-4,Cc1cc(C(C)Nc2ccccc2)c2nc(N3CCOCC3)cc(=O)n2c1,C21H24N4O2,364.45,3.01,58.87,1,5,4,3,4,0.333,27,0,0,none,1.0,1.0,1.0,T2661,PF-06424439 (DGAT2i),DGAT2,二酰甘油酰基转移酶2 抑制剂，直接阻断甘油三酯酯化终末步骤,0.192,无明确优势骨架命中,,,0.0,0.1923,O=c1cc(N2CCOCC2)nc2c(CNc3ccccc3)cccn12,0.5962
60,T5341,2131803-90-0,CCOC(=O)c1cnc(C#Cc2ccc3c(c2)C(C)(C)CCS3=O)nc1,C20H20N2O3S,368.46,2.84,69.15,0,5,2,2,3,0.35,26,0,0,none,1.0,1.0,1.0,T5341,Etomoxir,CPT1a (抑制剂/阴性对照),CPT1 不可逆抑制剂，作为脂肪酸氧化通路机制阴性对照,0.224,无明确优势骨架命中,,,0.0,0.2237,O=S1CCCc2cc(C#Cc3ncccn3)ccc21,0.6118
61,T60005,349438-74-0,COc1ccc2nc(NC(=O)Cc3ccccc3OC)sc2c1,C17H16N2O3S,328.39,3.49,60.45,1,5,5,3,3,0.176,23,0,0,none,1.0,1.0,1.0,T60005,Ranolazine,pFOX / 晚钠电流,部分脂肪酸氧化抑制，改善代谢底物利用,0.25,无明确优势骨架命中,,,0.0,0.25,O=C(Cc1ccccc1)Nc1nc2ccccc2s1,0.625
62,T36631,2247890-13-5,C[C@H]1CC(=O)Nc2cc(C(=O)NCCC3CC3)ccc2N1C(=O)N1CC2CC2C1,C22H28N4O3,396.49,2.83,81.75,2,3,4,1,5,0.591,29,0,0,none,1.0,1.0,1.0,T36631,Bezafibrate,PPAR pan,泛 PPAR 弱激动剂，降低血浆与肝内甘油三酯,0.215,无明确优势骨架命中,,,0.0,0.2152,O=C1CCN(C(=O)N2CC3CC3C2)c2ccc(C(=O)NCCC3CC3)cc2N1,0.6076
63,T61786,2260969-36-4,CCN1CCC(S(=O)(=O)NC(=O)Nc2c3c(cc4c2CCC4)CCC3)CC1,C20H29N3O3S,391.54,2.6,78.51,2,4,4,1,4,0.65,27,0,0,none,1.0,1.0,1.0,T61786,Lanifibranor,PPAR pan (alpha/delta/gamma),泛 PPAR 激动，促进 beta-氧化、抑制脂肪生成与炎症纤维化,0.222,无明确优势骨架命中,,,0.0,0.2222,O=C(Nc1c2c(cc3c1CCC3)CCC2)NS(=O)(=O)C1CCNCC1,0.6111
64,T37655,2361327-08-2,O=C(O)c1ccc(C(=O)N2CCc3c(c(=O)oc4ccccc34)C2)cc1,C20H15NO5,349.34,2.69,87.82,1,4,2,3,4,0.15,26,0,0,none,1.0,1.0,1.0,T37655,Nicotinic acid (Niacin),HCAR2 / DGAT2,抑制脂肪组织脂解并弱抑制 DGAT2，减少肝内 VLDL 底物供应,0.212,哌嗪/哌啶杂芳基甲酰胺,SCD1 / DGAT2,脂质酶抑制剂常见的环胺-酰胺连接模式，倾向作用于 SCD1/DGAT2 等内质网膜结合型脂质合成酶,0.55,0.459,O=C(c1ccccc1)N1CCc2c(c(=O)oc3ccccc23)C1,0.7295
65,T2589,878143-33-0,O=C(O[C@@H]1C[C@@H]2C[C@H]3C[C@H](C1)N2CC3=O)c1c[nH]c2ccccc12,C19H20N2O3,324.38,2.52,62.4,1,4,2,2,6,0.474,24,0,0,none,1.0,1.0,1.0,T2589,Salicylate,"AMPK (direct, beta1)",直接结合 AMPK beta1 变构位点，抑制脂肪生成,0.17,无明确优势骨架命中,,,0.0,0.1698,O=C(OC1CC2CC3CC(C1)N2CC3=O)c1c[nH]c2ccccc12,0.5849
66,T83321,3590-93-0,COc1cc([C@@H]2c3cc4c(cc3C[C@H]3COC(=O)[C@@H]32)OCO4)cc(OC)c1O,C21H20O7,384.38,2.62,83.45,1,7,3,2,5,0.381,28,0,0,none,1.0,1.0,1.0,T83321,Berberine,AMPK / PCSK9 / LDLR,原小檗碱型生物碱，激活 AMPK 并稳定 LDLR mRNA，HepG2 经典降脂阳性对照,0.274,无明确优势骨架命中,,,0.0,0.274,O=C1OCC2Cc3cc4c(cc3C(c3ccccc3)C12)OCO4,0.637
67,T21946,134296-40-5,CC(C)n1c(=O)n(C(=O)N[C@H]2C[C@H]3CC[C@@H](C2)N3C)c2ccccc21,C19H26N4O2,342.44,2.57,59.27,1,3,2,2,4,0.579,25,0,0,none,1.0,1.0,1.0,T21946,Fluvastatin,HMGCR,全合成 HMGCR 抑制剂,0.224,无明确优势骨架命中,,,0.0,0.2237,O=C(NC1CC2CCC(C1)N2)n1c(=O)[nH]c2ccccc21,0.6118
68,T77708,764694-25-9,Cc1sc2ncnc(OCC(=O)Nc3cccc(C#N)c3)c2c1C,C17H14N4O2S,338.39,3.2,87.9,1,6,4,3,3,0.176,24,0,0,none,1.0,1.0,1.0,T77708,GW501516,PPAR-delta,PPAR-delta 选择性激动，提升肝与骨骼肌脂肪酸氧化,0.205,无明确优势骨架命中,,,0.0,0.2045,O=C(COc1ncnc2sccc12)Nc1ccccc1,0.6022
69,T3187,154540-49-5,COc1cc(N)c(Cl)cc1C(=O)NC1CCN(Cc2ccc(F)cc2)CC1,C20H23ClFN3O2,391.87,3.46,67.59,2,4,5,2,3,0.35,27,2,0,none,1.0,1.0,1.0,T3187,TVB-2640 (Denifanstat),FASN,脂肪酸合酶 beta-酮脂酰还原酶结构域抑制剂，直接阻断棕榈酸从头合成,0.261,无明确优势骨架命中,,,0.0,0.2614,O=C(NC1CCN(Cc2ccccc2)CC1)c1ccccc1,0.6307
70,T10244,1708113-43-2,O=C(NO)c1cnc(NC2(c3ccccc3)CCC(F)(F)CC2)nc1,C17H18F2N4O2,348.35,3.11,87.14,3,5,4,2,3,0.353,25,2,0,none,1.0,1.0,1.0,T10244,Nicotinic acid (Niacin),HCAR2 / DGAT2,抑制脂肪组织脂解并弱抑制 DGAT2，减少肝内 VLDL 底物供应,0.22,无明确优势骨架命中,,,0.0,0.22,c1ccc(C2(Nc3ncccn3)CCCCC2)cc1,0.61
71,TN6905,13079-95-3,c1cc2c(cc1[C@@H]1OC[C@@H]3[C@H]1CO[C@H]3c1ccc3c(c1)OCO3)OCO2,C20H18O6,354.36,3.22,55.38,0,6,2,2,6,0.4,26,0,0,none,1.0,1.0,1.0,TN6905,Berberine,AMPK / PCSK9 / LDLR,原小檗碱型生物碱，激活 AMPK 并稳定 LDLR mRNA，HepG2 经典降脂阳性对照,0.217,无明确优势骨架命中,,,0.0,0.2167,c1cc2c(cc1C1OCC3C(c4ccc5c(c4)OCO5)OCC13)OCO2,0.6083
72,T2554,31637-97-5,CC(C)(Oc1ccc(Cl)cc1)C(=O)OCCOC(=O)c1cccnc1,C18H18ClNO5,363.8,3.29,74.72,0,6,7,2,2,0.278,25,1,0,none,1.0,1.0,1.0,T2554,Fenofibric acid,PPAR-alpha,激活 PPAR-alpha 上调 CPT1/ACOX1，增强线粒体与过氧化物酶体脂肪酸氧化,0.423,无明确优势骨架命中,,,0.0,0.4231,O=C(COc1ccccc1)OCCOC(=O)c1cccnc1,0.7116
73,T41160,1234569-09-5,O=C(Oc1nsnc1N1CCCCC1)N1CCCCC1,C13H20N4O2S,296.4,2.51,58.56,0,6,2,1,3,0.769,20,0,0,none,1.0,1.0,1.0,T41160,PF-06424439 (DGAT2i),DGAT2,二酰甘油酰基转移酶2 抑制剂，直接阻断甘油三酯酯化终末步骤,0.156,无明确优势骨架命中,,,0.0,0.1562,O=C(Oc1nsnc1N1CCCCC1)N1CCCCC1,0.5781
74,T9994,315693-33-5,O=S(=O)(Nc1ccc2ccccc2c1)c1ccc2c(c1)OCCO2,C18H15NO4S,341.39,3.41,64.63,1,4,3,3,4,0.111,24,0,0,none,1.0,1.0,1.0,T9994,Berberine,AMPK / PCSK9 / LDLR,原小檗碱型生物碱，激活 AMPK 并稳定 LDLR mRNA，HepG2 经典降脂阳性对照,0.169,无明确优势骨架命中,,,0.0,0.169,O=S(=O)(Nc1ccc2ccccc2c1)c1ccc2c(c1)OCCO2,0.5845
75,T61622,2760543-16-4,O=C(CCCc1ccccc1)N1CCC[C@H]1C(=O)N1CCC[C@H]1c1ncc[nH]1,C22H28N4O2,380.49,3.09,69.3,1,3,6,2,4,0.5,28,0,0,none,1.0,1.0,1.0,T61622,Ervogastat (PF-06865571),DGAT2,口服 DGAT2 抑制剂，降低肝内甘油三酯合成与 VLDL 分泌,0.205,无明确优势骨架命中,,,0.0,0.2048,O=C(CCCc1ccccc1)N1CCCC1C(=O)N1CCCC1c1ncc[nH]1,0.6024
76,T41275,1289620-49-0,C[C@@](CCc1ccc(-c2ccccc2)cc1)(C(=O)NO)S(C)(=O)=O,C18H21NO4S,347.44,2.59,83.47,2,4,6,2,2,0.278,24,0,0,none,1.0,1.0,1.0,T41275,Bezafibrate,PPAR pan,泛 PPAR 弱激动剂，降低血浆与肝内甘油三酯,0.258,无明确优势骨架命中,,,0.0,0.2581,c1ccc(-c2ccccc2)cc1,0.629
77,TQ0071,1402837-78-8,O[C@H](C[C@H]1c2c(F)cccc2-c2cncn21)[C@H]1CC[C@H](O)CC1,C18H21FN2O2,316.38,2.89,58.28,2,3,3,2,4,0.5,23,1,0,none,1.0,1.0,1.0,TQ0071,Atorvastatin,HMGCR,HMG-CoA 还原酶抑制，降低胆固醇合成并上调 LDLR,0.169,无明确优势骨架命中,,,0.0,0.1685,c1ccc2c(c1)-c1cncn1C2CCC1CCCCC1,0.5843
78,TQ0233,134234-12-1,C[C@@H]([C@@H](O)c1ccc(O)cc1)N1CCC(O)(c2ccccc2)CC1,C20H25NO3,327.42,2.8,63.93,3,4,4,2,3,0.4,24,0,0,none,1.0,1.0,1.0,TQ0233,Ezetimibe,NPC1L1,抑制胆固醇再摄取，降低肝内胆固醇酯负荷,0.212,无明确优势骨架命中,,,0.0,0.2121,c1ccc(CCN2CCC(c3ccccc3)CC2)cc1,0.606
79,T0324,579-56-6,CC(COc1ccccc1)NC(C)C(O)c1ccc(O)cc1,C18H23NO3,301.39,2.87,61.72,3,4,7,2,2,0.333,22,0,0,none,1.0,1.0,1.0,T0324,Ranolazine,pFOX / 晚钠电流,部分脂肪酸氧化抑制，改善代谢底物利用,0.214,无明确优势骨架命中,,,0.0,0.2143,c1ccc(CCNCCOc2ccccc2)cc1,0.6072
80,T0322,34161-24-5,O=C(COc1ccc(Cl)cc1)N1CCN(Cc2ccc3c(c2)OCO3)CC1,C20H21ClN2O4,388.85,2.79,51.24,0,5,5,2,4,0.35,27,1,0,none,1.0,1.0,1.0,T0322,Etomoxir,CPT1a (抑制剂/阴性对照),CPT1 不可逆抑制剂，作为脂肪酸氧化通路机制阴性对照,0.299,无明确优势骨架命中,,,0.0,0.2985,O=C(COc1ccccc1)N1CCN(Cc2ccc3c(c2)OCO3)CC1,0.6492
81,T0320,64-86-8,COc1cc2c(c(OC)c1OC)-c1ccc(OC)c(=O)cc1[C@@H](NC(C)=O)CC2,C22H25NO6,399.44,2.87,83.09,1,6,5,2,3,0.364,29,0,0,none,1.0,1.0,1.0,T0320,Berberine,AMPK / PCSK9 / LDLR,原小檗碱型生物碱，激活 AMPK 并稳定 LDLR mRNA，HepG2 经典降脂阳性对照,0.221,无明确优势骨架命中,,,0.0,0.2208,O=c1cccc2c(c1)CCCc1ccccc1-2,0.6104
82,T23549,148869-05-0,N#Cc1ccc(N(Cc2ccc(Br)cc2)n2cnnc2)cc1,C16H12BrN5,354.21,3.38,57.74,0,4,4,3,3,0.062,22,1,0,none,1.0,1.0,1.0,T23549,Rosiglitazone,PPAR-gamma,TZD 类 PPAR-gamma 全激动剂，改善胰岛素抵抗与肝内脂肪蓄积,0.135,无明确优势骨架命中,,,0.0,0.1351,c1ccc(CN(c2ccccc2)n2cnnc2)cc1,0.5676
83,T60056,936345-34-5,Cc1cc(Oc2c(C)nn(CS(C)(=O)=O)c2C2CC2)cc(C)c1C#N,C18H21N3O3S,359.45,3.35,84.98,0,5,5,2,3,0.444,25,0,0,none,1.0,1.0,1.0,T60056,Resmetirom (MGL-3196),THR-beta,肝脏选择性甲状腺激素受体 beta 激动；上调 CPT1A/线粒体 beta-氧化与脂噬，降低肝内甘油三酯,0.179,无明确优势骨架命中,,,0.0,0.1786,c1ccc(Oc2cn[nH]c2C2CC2)cc1,0.5893
84,T2639,1194044-20-6,C[C@@]1(c2cc(-c3cncnc3)c(F)cc2F)CCSC(N)=N1,C15H14F2N4S,320.37,3.09,64.16,1,5,2,2,3,0.267,22,2,0,none,1.0,1.0,1.0,T2639,Ervogastat (PF-06865571),DGAT2,口服 DGAT2 抑制剂，降低肝内甘油三酯合成与 VLDL 分泌,0.111,无明确优势骨架命中,,,0.0,0.1111,C1=NC(c2cccc(-c3cncnc3)c2)CCS1,0.5556
85,T40271,2642174-19-2,CCN(C[C@H](C)O)C(=O)Nc1ncc(Cc2cccc(F)c2)s1,C16H20FN3O2S,337.42,3.11,65.46,2,4,6,2,2,0.375,23,1,0,none,1.0,1.0,1.0,T40271,GW501516,PPAR-delta,PPAR-delta 选择性激动，提升肝与骨骼肌脂肪酸氧化,0.191,无明确优势骨架命中,,,0.0,0.191,c1ccc(Cc2cncs2)cc1,0.5955
86,T27625,301297-45-0,Cc1cc(C)cc(C(=O)c2c(C(C)C)c(=O)[nH]c(=O)n2CC2CC2)c1,C20H24N2O3,340.42,2.92,71.93,1,3,5,2,3,0.45,25,0,0,none,1.0,1.0,1.0,T27625,Resmetirom (MGL-3196),THR-beta,肝脏选择性甲状腺激素受体 beta 激动；上调 CPT1A/线粒体 beta-氧化与脂噬，降低肝内甘油三酯,0.185,无明确优势骨架命中,,,0.0,0.1852,O=C(c1ccccc1)c1cc(=O)[nH]c(=O)n1CC1CC1,0.5926
87,T6S0781,6873-13-8,COc1cc2c(cc1O)C[C@H]1c3cc(O)c(OC)cc3CC[N@@+]1(C)C2,C20H24NO4+,342.42,2.92,58.92,2,4,2,2,4,0.4,25,0,0,none,1.0,1.0,1.0,T6S0781,Berberine,AMPK / PCSK9 / LDLR,原小檗碱型生物碱，激活 AMPK 并稳定 LDLR mRNA，HepG2 经典降脂阳性对照,0.181,无明确优势骨架命中,,,0.0,0.1806,c1ccc2c(c1)CC1c3ccccc3CC[NH+]1C2,0.5903
88,T5S1959,133-04-0,c1cc2c(cc1[C@H]1OC[C@@H]3[C@H]1CO[C@H]3c1ccc3c(c1)OCO3)OCO2,C20H18O6,354.36,3.22,55.38,0,6,2,2,6,0.4,26,0,0,none,1.0,1.0,1.0,T5S1959,Berberine,AMPK / PCSK9 / LDLR,原小檗碱型生物碱，激活 AMPK 并稳定 LDLR mRNA，HepG2 经典降脂阳性对照,0.217,无明确优势骨架命中,,,0.0,0.2167,c1cc2c(cc1C1OCC3C(c4ccc5c(c4)OCO5)OCC13)OCO2,0.6083
89,T5S1895,23599-69-1,COc1cc2c(cc1O)C[C@@H]1NCCc3cc(OC)c(O)c-2c31,C18H19NO4,313.35,2.52,70.95,3,5,2,2,4,0.333,23,0,0,none,1.0,1.0,1.0,T5S1895,Trimetazidine,3-KAT (长链硫解酶),部分脂肪酸氧化抑制剂，代谢调节剂,0.177,无明确优势骨架命中,,,0.0,0.1774,c1ccc2c(c1)CC1NCCc3cccc-2c31,0.5887
90,T60205,1354546-42-1,C[C@](CCc1ccc(-c2ccccc2)cc1)(C(=O)NO)S(C)(=O)=O,C18H21NO4S,347.44,2.59,83.47,2,4,6,2,2,0.278,24,0,0,none,1.0,1.0,1.0,T60205,Bezafibrate,PPAR pan,泛 PPAR 弱激动剂，降低血浆与肝内甘油三酯,0.258,无明确优势骨架命中,,,0.0,0.2581,c1ccc(-c2ccccc2)cc1,0.629
91,T2484,1174043-16-3,COC1CCN(C(=O)c2cc(Cc3n[nH]c(=O)c4ccccc34)ccc2F)CC1,C22H22FN3O3,395.43,2.9,75.29,1,4,4,3,4,0.318,29,1,0,none,1.0,1.0,1.0,T2484,Ervogastat (PF-06865571),DGAT2,口服 DGAT2 抑制剂，降低肝内甘油三酯合成与 VLDL 分泌,0.209,哌嗪/哌啶杂芳基甲酰胺,SCD1 / DGAT2,脂质酶抑制剂常见的环胺-酰胺连接模式，倾向作用于 SCD1/DGAT2 等内质网膜结合型脂质合成酶,0.55,0.4568,O=C(c1cccc(Cc2n[nH]c(=O)c3ccccc23)c1)N1CCCCC1,0.7284
92,T22313,115956-13-3,O=C(O[C@H]1C[C@H]2CC3C[C@@H](C1)[N@]2CC3=O)c1c[nH]c2ccccc12,C19H20N2O3,324.38,2.52,62.4,1,4,2,2,6,0.474,24,0,0,none,1.0,1.0,1.0,T22313,Salicylate,"AMPK (direct, beta1)",直接结合 AMPK beta1 变构位点，抑制脂肪生成,0.17,无明确优势骨架命中,,,0.0,0.1698,O=C(OC1CC2CC3CC(C1)N2CC3=O)c1c[nH]c2ccccc12,0.5849
93,T2506,602306-29-6,Cc1ncc(-c2ccnc(Nc3ccc(S(C)(=O)=O)cc3)n2)n1C(C)C,C18H21N5O2S,371.47,3.38,89.77,1,6,5,3,3,0.278,26,0,0,none,1.0,1.0,1.0,T2506,Lanifibranor,PPAR pan (alpha/delta/gamma),泛 PPAR 激动，促进 beta-氧化、抑制脂肪生成与炎症纤维化,0.139,无明确优势骨架命中,,,0.0,0.1392,c1ccc(Nc2nccc(-c3cnc[nH]3)n2)cc1,0.5696
94,T5383,662164-09-2,CC(Nc1nc(N2CCNCC2)nc2ccccc12)c1ccccc1,C20H23N5,333.44,3.21,53.08,2,5,4,3,4,0.3,25,0,0,none,1.0,1.0,1.0,T5383,Trimetazidine,3-KAT (长链硫解酶),部分脂肪酸氧化抑制剂，代谢调节剂,0.2,无明确优势骨架命中,,,0.0,0.2,c1ccc(CNc2nc(N3CCNCC3)nc3ccccc23)cc1,0.6
95,T6320,905281-76-7,OCCn1cc(-c2ccc3c(c2)CC/C3=N\O)c(-c2ccncc2)n1,C19H18N4O2,334.38,2.73,83.53,2,5,4,3,4,0.211,25,0,0,none,1.0,1.0,1.0,T6320,Ervogastat (PF-06865571),DGAT2,口服 DGAT2 抑制剂，降低肝内甘油三酯合成与 VLDL 分泌,0.145,无明确优势骨架命中,,,0.0,0.1446,N=C1CCc2cc(-c3c[nH]nc3-c3ccncc3)ccc21,0.5723
96,T6303,885499-61-6,NC1(Cc2ccc(Cl)cc2)CCN(c2ncnc3[nH]ccc23)CC1,C18H20ClN5,341.85,3.15,70.83,2,4,3,3,4,0.333,24,1,0,none,1.0,1.0,1.0,T6303;T6303L,Bezafibrate,PPAR pan,泛 PPAR 弱激动剂，降低血浆与肝内甘油三酯,0.164,无明确优势骨架命中,,,0.0,0.1644,c1ccc(CC2CCN(c3ncnc4[nH]ccc34)CC2)cc1,0.5822
97,T15001,27313-86-6,COc1cc2c(cc1O)CCN1Cc3c(ccc(OC)c3OC)CC21,C20H23NO4,341.41,3.07,51.16,1,5,3,2,4,0.4,25,0,0,none,1.0,1.0,1.0,T15001,Trimetazidine,3-KAT (长链硫解酶),部分脂肪酸氧化抑制剂，代谢调节剂,0.271,无明确优势骨架命中,,,0.0,0.2712,c1ccc2c(c1)CC1c3ccccc3CCN1C2,0.6356
98,T39694,2222010-71-9,Cn1c(=O)n(CC(=O)N2CCC2)c2cc(-c3ccc(C(F)(F)F)s3)cnc21,C17H15F3N4O2S,396.39,2.71,60.13,0,4,3,3,4,0.353,27,3,0,none,1.0,1.0,1.0,T39694,Pentoxifylline,PDE / TNF-alpha,非选择性磷酸二酯酶抑制剂，降低肝脏炎症与脂质沉积,0.227,无明确优势骨架命中,,,0.0,0.2267,O=C(Cn1c(=O)[nH]c2ncc(-c3cccs3)cc21)N1CCC1,0.6134
99,TN1855,5890-18-6,COc1cc2c(cc1O)C[C@@H]1NCCc3cc(O)c(OC)c-2c31,C18H19NO4,313.35,2.52,70.95,3,5,2,2,4,0.333,23,0,0,none,1.0,1.0,1.0,TN1855,Trimetazidine,3-KAT (长链硫解酶),部分脂肪酸氧化抑制剂，代谢调节剂,0.217,无明确优势骨架命中,,,0.0,0.2167,c1ccc2c(c1)CC1NCCc3cccc-2c31,0.6083
100,T4472,1262417-51-5,NC(=O)c1cc(F)cc2c1C(=O)N(C1CCN(C3CCC(F)(F)CC3)CC1)C2,C20H24F3N3O2,395.43,2.92,66.64,1,3,3,1,4,0.6,28,3,0,none,1.0,1.0,1.0,T4472,Ervogastat (PF-06865571),DGAT2,口服 DGAT2 抑制剂，降低肝内甘油三酯合成与 VLDL 分泌,0.143,哌嗪/哌啶杂芳基甲酰胺,SCD1 / DGAT2,脂质酶抑制剂常见的环胺-酰胺连接模式，倾向作用于 SCD1/DGAT2 等内质网膜结合型脂质合成酶,0.55,0.3904,O=C1c2ccccc2CN1C1CCN(C2CCCCC2)CC1,0.6952
101,TQ0017,1572510-80-5,CC[C@@H](C)NS(=O)(=O)c1ccc(F)c(C(=O)Nc2ccc(F)c(F)c2)c1,C17H17F3N2O3S,386.4,3.43,75.27,2,3,6,2,2,0.235,26,3,0,none,1.0,1.0,1.0,TQ0017,Atorvastatin,HMGCR,HMG-CoA 还原酶抑制，降低胆固醇合成并上调 LDLR,0.202,无明确优势骨架命中,,,0.0,0.2024,O=C(Nc1ccccc1)c1ccccc1,0.6012
102,T0292,113617-63-3,C[C@@H]1CN(c2c(F)c(F)c3c(=O)c(C(=O)O)cn(C4CC4)c3c2F)C[C@H](C)N1,C19H20F3N3O3,395.38,2.64,74.57,2,4,3,2,4,0.474,28,3,0,none,1.0,1.0,1.0,T0292,Salicylate,"AMPK (direct, beta1)",直接结合 AMPK beta1 变构位点，抑制脂肪生成,0.167,无明确优势骨架命中,,,0.0,0.1667,O=c1ccn(C2CC2)c2cc(N3CCNCC3)ccc12,0.5834
103,T9950,1421366-99-5,O=C(C(=O)N1CCCC[C@@H]1C(=O)NCCCc1ccccc1)c1ccccc1,C23H26N2O3,378.47,3.0,66.48,1,3,7,2,3,0.348,28,0,0,none,1.0,1.0,1.0,T9950,Bezafibrate,PPAR pan,泛 PPAR 弱激动剂，降低血浆与肝内甘油三酯,0.211,无明确优势骨架命中,,,0.0,0.2113,O=C(C(=O)N1CCCCC1C(=O)NCCCc1ccccc1)c1ccccc1,0.6056
104,T9969,2411748-50-8,CC(=O)N1CCN([C@H]2CCC[C@@H](NC(=O)c3cc4c(F)ccc(C)c4[nH]3)C2)CC1,C22H29FN4O2,400.5,2.82,68.44,2,3,3,2,4,0.545,29,1,0,none,1.0,1.0,1.0,T9969,TVB-2640 (Denifanstat),FASN,脂肪酸合酶 beta-酮脂酰还原酶结构域抑制剂，直接阻断棕榈酸从头合成,0.2,无明确优势骨架命中,,,0.0,0.2,O=C(NC1CCCC(N2CCNCC2)C1)c1cc2ccccc2[nH]1,0.6
105,T18719,341498-08-6,CC(CCC(=O)ON1C(=O)CCC1=O)SSc1ccccn1,C14H16N2O4S2,340.43,2.6,76.57,0,7,7,1,2,0.429,22,0,0,none,1.0,1.0,1.0,T18719,Rosiglitazone,PPAR-gamma,TZD 类 PPAR-gamma 全激动剂，改善胰岛素抵抗与肝内脂肪蓄积,0.205,无明确优势骨架命中,,,0.0,0.2051,O=C(CCCSSc1ccccn1)ON1C(=O)CCC1=O,0.6026
106,T68083L,57576-17-7,CC(C)C(=O)Oc1cc(OC(=O)C(C)C)cc(C(O)CNC(C)(C)C)c1,C20H31NO5,365.47,3.23,84.86,2,6,7,1,1,0.6,26,0,0,none,1.0,1.0,1.0,T68083L,Gemfibrozil,PPAR-alpha,苯氧戊酸类 PPAR-alpha 激动剂，抑制肝脏 VLDL-TG 分泌,0.19,无明确优势骨架命中,,,0.0,0.1897,c1ccccc1,0.5948
107,T5448,51213-99-1,CN(C)c1cccc(F)c1C(=O)NC(=O)Nc1ccc(Cl)cc1,C16H15ClFN3O2,335.77,3.51,61.44,2,3,3,2,2,0.125,23,2,0,none,1.0,1.0,1.0,T5448,Bezafibrate,PPAR pan,泛 PPAR 弱激动剂，降低血浆与肝内甘油三酯,0.209,无明确优势骨架命中,,,0.0,0.209,O=C(NC(=O)c1ccccc1)Nc1ccccc1,0.6045
108,T20714,138530-95-7,Cc1c(OCC(F)(F)F)ccnc1C[S@](=O)c1nc2ccccc2[nH]1,C16H14F3N3O2S,369.37,3.52,67.87,1,4,5,3,3,0.25,25,3,0,none,0.9999,1.0,1.0,T20714,GW501516,PPAR-delta,PPAR-delta 选择性激动，提升肝与骨骼肌脂肪酸氧化,0.198,无明确优势骨架命中,,,0.0,0.1977,O=S(Cc1ccccn1)c1nc2ccccc2[nH]1,0.5988
109,T16276,333353-44-9,CC1(C)CC(NC(=O)C(=O)Nc2ccc(Cl)cc2)CC(C)(C)N1,C17H24ClN3O2,337.85,2.7,70.23,3,3,2,1,2,0.529,23,1,0,none,1.0,1.0,1.0,T16276,Fenofibric acid,PPAR-alpha,激活 PPAR-alpha 上调 CPT1/ACOX1，增强线粒体与过氧化物酶体脂肪酸氧化,0.222,无明确优势骨架命中,,,0.0,0.2222,O=C(Nc1ccccc1)C(=O)NC1CCNCC1,0.6111
110,TN1392,29388-33-8,COc1cc(C[C@H]2COC[C@@H]2Cc2ccc(O)c(OC)c2)ccc1O,C20H24O5,344.41,3.16,68.15,2,5,6,2,3,0.4,25,0,0,none,1.0,1.0,1.0,TN1392,Trimetazidine,3-KAT (长链硫解酶),部分脂肪酸氧化抑制剂，代谢调节剂,0.26,无明确优势骨架命中,,,0.0,0.26,c1ccc(CC2COCC2Cc2ccccc2)cc1,0.63
111,T10981,2242470-43-3,O=C1C2C3C=CC(C4CC34)C2C(=O)N1c1ccc(Cc2ccncc2)cc1,C23H20N2O2,356.43,3.23,50.27,0,3,3,2,7,0.348,27,0,0,none,1.0,1.0,1.0,T10981,Ezetimibe,NPC1L1,抑制胆固醇再摄取，降低肝内胆固醇酯负荷,0.176,无明确优势骨架命中,,,0.0,0.1765,O=C1C2C3C=CC(C4CC34)C2C(=O)N1c1ccc(Cc2ccncc2)cc1,0.5882
112,TN1271,1168-42-9,COc1ccc(-c2cc(=O)c3c(OC)c(OC)c(OC)cc3o2)cc1,C19H18O6,342.35,3.49,67.13,0,6,5,3,3,0.211,25,0,0,none,1.0,1.0,1.0,TN1271,Trimetazidine,3-KAT (长链硫解酶),部分脂肪酸氧化抑制剂，代谢调节剂,0.196,黄酮/黄烷酮母核,AMPK / SREBP-1c,黄酮类多酚激活 AMPK-SIRT1 轴，抑制 SREBP-1c/FAS/ACC 表达并促进脂噬,0.6,0.4664,O=c1cc(-c2ccccc2)oc2ccccc12,0.7332
113,T16964,173952-44-8,CCCNC(=O)N1N=C(c2ccc(N)cc2)c2cc3c(cc2C1C)OCO3,C20H22N4O3,366.42,3.25,89.18,2,5,3,2,4,0.3,27,0,0,none,1.0,1.0,1.0,T16964,Berberine,AMPK / PCSK9 / LDLR,原小檗碱型生物碱，激活 AMPK 并稳定 LDLR mRNA，HepG2 经典降脂阳性对照,0.193,无明确优势骨架命中,,,0.0,0.1928,c1ccc(C2=NNCc3cc4c(cc32)OCO4)cc1,0.5964
114,T75436,483-43-2,COc1cc2c(cc1O)CC[n+]1cc3c(OC)c(OC)ccc3cc1-2,C20H20NO4+,338.38,3.08,51.8,1,4,3,3,4,0.25,25,0,0,none,1.0,1.0,1.0,T3933;T4912;T75436,Berberine,AMPK / PCSK9 / LDLR,原小檗碱型生物碱，激活 AMPK 并稳定 LDLR mRNA，HepG2 经典降脂阳性对照,0.698,原小檗碱型季铵异喹啉生物碱,AMPK / LDLR,小檗碱型生物碱抑制线粒体复合物I 激活 AMPK，并经 ERK 通路稳定 LDLR mRNA，为 HepG2 脂质蓄积模型的经典降脂阳性对照化学型,0.8,0.91,c1ccc2c(c1)CC[n+]1cc3ccccc3cc1-2,0.955
115,TQ0176,483-34-1,COc1cc2c(cc1O)[C@@H]1Cc3ccc(OC)c(OC)c3CN1CC2,C20H23NO4,341.41,3.07,51.16,1,5,3,2,4,0.4,25,0,0,none,1.0,1.0,1.0,TQ0176,Trimetazidine,3-KAT (长链硫解酶),部分脂肪酸氧化抑制剂，代谢调节剂,0.271,无明确优势骨架命中,,,0.0,0.2712,c1ccc2c(c1)CC1c3ccccc3CCN1C2,0.6356
116,T24873,351071-62-0,Cc1ccccc1Oc1cccc2c(=O)cc(N3CCOCC3)[nH]c12,C20H20N2O3,336.39,3.47,54.56,1,4,3,3,4,0.25,25,0,0,none,1.0,1.0,1.0,T24873,Ranolazine,pFOX / 晚钠电流,部分脂肪酸氧化抑制，改善代谢底物利用,0.221,无明确优势骨架命中,,,0.0,0.2208,O=c1cc(N2CCOCC2)[nH]c2c(Oc3ccccc3)cccc12,0.6104
117,T3231,1038915-60-4,NC(=O)c1cccc2cn(-c3ccc([C@@H]4CCCNC4)cc3)nc12,C19H20N4O,320.4,2.59,72.94,2,3,3,3,4,0.263,24,0,0,none,1.0,1.0,1.0,T3231;T3353;T6892;T9497,TVB-2640 (Denifanstat),FASN,脂肪酸合酶 beta-酮脂酰还原酶结构域抑制剂，直接阻断棕榈酸从头合成,0.189,无明确优势骨架命中,,,0.0,0.1889,c1ccc2nn(-c3ccc(C4CCCNC4)cc3)cc2c1,0.5944
118,T6S1665,41743-73-1,COc1cc(-c2coc3cc4c(c(OC)c3c2=O)OCO4)cc(OC)c1OC,C20H18O8,386.36,3.22,85.59,0,8,5,3,4,0.25,28,0,0,none,1.0,1.0,1.0,T6S1665,Berberine,AMPK / PCSK9 / LDLR,原小檗碱型生物碱，激活 AMPK 并稳定 LDLR mRNA，HepG2 经典降脂阳性对照,0.271,无明确优势骨架命中,,,0.0,0.2714,O=c1c(-c2ccccc2)coc2cc3c(cc12)OCO3,0.6357
119,T5597,2328073-61-4,COc1cc2nc(NC3CC3)nc(NC3CCN(C(C)C)CC3)c2cc1OC,C21H31N5O2,385.51,3.51,71.54,2,7,7,2,4,0.619,28,0,0,none,1.0,1.0,1.0,T5597,Berberine,AMPK / PCSK9 / LDLR,原小檗碱型生物碱，激活 AMPK 并稳定 LDLR mRNA，HepG2 经典降脂阳性对照,0.184,无明确优势骨架命中,,,0.0,0.1842,c1ccc2c(NC3CCNCC3)nc(NC3CC3)nc2c1,0.5921
120,T26559,1361321-96-1,COc1ccc(S(=O)(=O)N2CCC[C@H]2C(=O)Nc2cc(C)cc(C)c2)cc1,C20H24N2O4S,388.49,3.1,75.71,1,4,5,2,3,0.35,27,0,0,none,1.0,1.0,1.0,T26559,Lanifibranor,PPAR pan (alpha/delta/gamma),泛 PPAR 激动，促进 beta-氧化、抑制脂肪生成与炎症纤维化,0.25,无明确优势骨架命中,,,0.0,0.25,O=C(Nc1ccccc1)C1CCCN1S(=O)(=O)c1ccccc1,0.625
121,T5S1262,74805-92-8,Cc1c(O)c(C)c2c(c1O)C(=O)[C@H](Cc1ccc3c(c1)OCO3)CO2,C19H18O6,342.35,2.88,85.22,2,6,2,2,4,0.316,25,0,0,none,1.0,1.0,1.0,T5S1262,Berberine,AMPK / PCSK9 / LDLR,原小檗碱型生物碱，激活 AMPK 并稳定 LDLR mRNA，HepG2 经典降脂阳性对照,0.197,无明确优势骨架命中,,,0.0,0.1974,O=C1c2ccccc2OCC1Cc1ccc2c(c1)OCO2,0.5987
122,T5S1261,74805-91-7,COc1ccc(C[C@@H]2COc3c(C)c(O)c(C)c(O)c3C2=O)cc1,C19H20O5,328.36,3.16,75.99,2,5,3,2,3,0.316,24,0,0,none,1.0,1.0,1.0,T5S1261,Pioglitazone,PPAR-gamma,噻唑烷二酮胰岛素增敏剂，促进脂肪组织脂质再分布、降低肝细胞脂毒性,0.222,无明确优势骨架命中,,,0.0,0.2222,O=C1c2ccccc2OCC1Cc1ccccc1,0.6111
123,T9041,847249-57-4,CC(C)(C)c1ccc(C(=O)Nc2ccc(C(=O)NO)cc2)cc1,C18H20N2O3,312.37,3.36,78.43,3,3,3,2,2,0.222,23,0,0,none,1.0,1.0,1.0,T9041,Bezafibrate,PPAR pan,泛 PPAR 弱激动剂，降低血浆与肝内甘油三酯,0.255,无明确优势骨架命中,,,0.0,0.2545,O=C(Nc1ccccc1)c1ccccc1,0.6272
124,T4529,1126084-37-4,COc1ccc2[nH]c(C(=O)N3CCC(CC(C)(C)O)CC3)cc2c1,C19H26N2O3,330.43,3.19,65.56,2,3,4,2,3,0.526,24,0,0,none,1.0,1.0,1.0,T4529,PF-06424439 (DGAT2i),DGAT2,二酰甘油酰基转移酶2 抑制剂，直接阻断甘油三酯酯化终末步骤,0.216,哌嗪/哌啶杂芳基甲酰胺,SCD1 / DGAT2,脂质酶抑制剂常见的环胺-酰胺连接模式，倾向作用于 SCD1/DGAT2 等内质网膜结合型脂质合成酶,0.55,0.4637,O=C(c1cc2ccccc2[nH]1)N1CCCCC1,0.7318
125,T6339,328543-09-5,CN(C)Cc1ccc(-c2nc3cccc4c3n2CCNC4=O)cc1,C19H20N4O,320.4,2.51,50.16,1,3,3,3,4,0.263,24,0,0,none,1.0,1.0,1.0,T6339,Telmisartan,PPAR-gamma partial / AT1R,AT1 受体拮抗兼 PPAR-gamma 部分激动，文献报道减轻肝细胞脂肪变,0.244,哌嗪/哌啶杂芳基甲酰胺,SCD1 / DGAT2,脂质酶抑制剂常见的环胺-酰胺连接模式，倾向作用于 SCD1/DGAT2 等内质网膜结合型脂质合成酶,0.55,0.4917,O=C1NCCn2c(-c3ccccc3)nc3cccc1c32,0.7458
126,T23888,681173-76-2,O=C(Nc1nc(-c2ccncc2)cs1)C1COc2ccccc2O1,C17H13N3O3S,339.38,2.98,73.34,1,6,3,3,4,0.118,24,0,0,none,1.0,1.0,1.0,T23888,Ervogastat (PF-06865571),DGAT2,口服 DGAT2 抑制剂，降低肝内甘油三酯合成与 VLDL 分泌,0.192,无明确优势骨架命中,,,0.0,0.1923,O=C(Nc1nc(-c2ccncc2)cs1)C1COc2ccccc2O1,0.5962
127,T10616,2270879-17-7,O=C(Nc1cc(C(F)F)ns1)Nc1cc(F)ncc1CO,C11H9F3N4O2S,318.28,2.75,87.14,3,5,4,2,2,0.182,21,3,0,none,1.0,1.0,1.0,T10616,Ervogastat (PF-06865571),DGAT2,口服 DGAT2 抑制剂，降低肝内甘油三酯合成与 VLDL 分泌,0.136,无明确优势骨架命中,,,0.0,0.1358,O=C(Nc1ccncc1)Nc1ccns1,0.5679
128,T5S0803,3621-36-1,COc1cc2c(cc1O)-c1cc3ccc(OC)c(OC)c3c[n+]1CC2,C20H20NO4+,338.38,3.08,51.8,1,4,3,3,4,0.25,25,0,0,none,1.0,1.0,1.0,T5S0803,Berberine,AMPK / PCSK9 / LDLR,原小檗碱型生物碱，激活 AMPK 并稳定 LDLR mRNA，HepG2 经典降脂阳性对照,0.698,原小檗碱型季铵异喹啉生物碱,AMPK / LDLR,小檗碱型生物碱抑制线粒体复合物I 激活 AMPK，并经 ERK 通路稳定 LDLR mRNA，为 HepG2 脂质蓄积模型的经典降脂阳性对照化学型,0.8,0.91,c1ccc2c(c1)CC[n+]1cc3ccccc3cc1-2,0.955
129,T15164,484049-04-9,O=C1NC(=O)C(c2cn(-c3ccccc3)nc2-c2ccc(F)cc2)N1,C18H13FN4O2,336.33,2.56,76.02,2,3,3,3,4,0.056,25,1,0,none,1.0,1.0,1.0,T15164,Fluvastatin,HMGCR,全合成 HMGCR 抑制剂,0.205,无明确优势骨架命中,,,0.0,0.2051,O=C1NC(=O)C(c2cn(-c3ccccc3)nc2-c2ccccc2)N1,0.6026
130,T11886,2189366-77-4,C[C@H](C(=O)Nc1nc2ccccc2[nH]1)N1Cc2ccccc2C1=O,C18H16N4O2,320.35,2.55,78.09,2,3,3,3,4,0.167,24,0,0,none,1.0,1.0,1.0,T11886,A-769662,"AMPK (direct, beta1)",直接变构激活 AMPK beta1 亚基，磷酸化 ACC1/2 抑制 DNL,0.187,哌嗪/哌啶杂芳基甲酰胺,SCD1 / DGAT2,脂质酶抑制剂常见的环胺-酰胺连接模式，倾向作用于 SCD1/DGAT2 等内质网膜结合型脂质合成酶,0.55,0.4342,O=C(CN1Cc2ccccc2C1=O)Nc1nc2ccccc2[nH]1,0.7171
131,T0334,122320-73-4,CN(CCOc1ccc(CC2SC(=O)NC2=O)cc1)c1ccccn1,C18H19N3O3S,357.44,2.49,71.53,1,6,7,2,3,0.278,25,0,0,none,1.0,1.0,1.0,T0334;T1622;T6646,Rosiglitazone,PPAR-gamma,TZD 类 PPAR-gamma 全激动剂，改善胰岛素抵抗与肝内脂肪蓄积,1.0,"噻唑烷-2,4-二酮 (TZD)",PPAR-gamma,TZD 酸性头基占据 PPAR-gamma 配体口袋 AF-2 螺旋，改善胰岛素敏感性、促进脂质向脂肪组织再分布，减轻肝细胞脂毒性,0.92,0.964,O=C1NC(=O)C(Cc2ccc(OCCNc3ccccn3)cc2)S1,0.982
132,T9993,2869148-13-8,CC(=O)NC1CCN(c2ncnc3[nH]cc(-c4cccc(Cl)c4)c23)CC1,C19H20ClN5O,369.86,3.38,73.91,2,4,3,3,4,0.316,26,1,0,none,1.0,1.0,1.0,T9993,TVB-2640 (Denifanstat),FASN,脂肪酸合酶 beta-酮脂酰还原酶结构域抑制剂，直接阻断棕榈酸从头合成,0.231,无明确优势骨架命中,,,0.0,0.2308,c1ccc(-c2c[nH]c3ncnc(N4CCCCC4)c23)cc1,0.6154
133,T9988,912790-59-1,O=C(NCCCn1ccnc1)c1cc(-c2ccc(Cl)cc2)on1,C16H15ClN4O2,330.78,3.01,72.95,1,4,6,3,3,0.188,23,1,0,none,1.0,1.0,1.0,T9988,Bezafibrate,PPAR pan,泛 PPAR 弱激动剂，降低血浆与肝内甘油三酯,0.236,无明确优势骨架命中,,,0.0,0.2361,O=C(NCCCn1ccnc1)c1cc(-c2ccccc2)on1,0.618
134,T2421,1225451-84-2,COc1cc2ncnc(Sc3nnc(C)s3)c2cc1OC,C13H12N4O2S2,320.4,2.96,70.02,0,8,4,3,3,0.231,21,0,0,none,1.0,1.0,1.0,T2421,GW501516,PPAR-delta,PPAR-delta 选择性激动，提升肝与骨骼肌脂肪酸氧化,0.15,无明确优势骨架命中,,,0.0,0.15,c1ccc2c(Sc3nncs3)ncnc2c1,0.575
135,T32191,1005402-19-6,C[C@@H]1CCCN1CCCOc1ccc(-c2ccc(=O)[nH]n2)cc1,C18H23N3O2,313.4,2.69,58.22,1,4,6,2,3,0.444,23,0,0,none,1.0,1.0,1.0,T32191,Pioglitazone,PPAR-gamma,噻唑烷二酮胰岛素增敏剂，促进脂肪组织脂质再分布、降低肝细胞脂毒性,0.227,无明确优势骨架命中,,,0.0,0.2267,O=c1ccc(-c2ccc(OCCCN3CCCC3)cc2)n[nH]1,0.6134
136,T4013,1821908-49-9,Cc1cc(C)cc(Oc2ccc(CNC(=O)[C@H](C)N)cc2C)c1,C19H24N2O2,312.41,3.37,64.35,2,3,5,2,2,0.316,23,0,0,none,1.0,1.0,1.0,T4013;T7089,Gemfibrozil,PPAR-alpha,苯氧戊酸类 PPAR-alpha 激动剂，抑制肝脏 VLDL-TG 分泌,0.25,无明确优势骨架命中,,,0.0,0.25,c1ccc(Oc2ccccc2)cc1,0.625
137,T69656,2378515-04-7,O=S1(=O)N(c2ccccc2)C[C@H](O)[C@]12CCN(Cc1ccc(Cl)cc1)C2,C19H21ClN2O3S,392.91,2.5,60.85,1,4,3,2,4,0.368,26,1,0,none,1.0,1.0,1.0,T69656,Bezafibrate,PPAR pan,泛 PPAR 弱激动剂，降低血浆与肝内甘油三酯,0.194,无明确优势骨架命中,,,0.0,0.1944,O=S1(=O)N(c2ccccc2)CCC12CCN(Cc1ccccc1)C2,0.5972
138,T8457,226878-01-9,O=C(NC12CC3CC(CC(C3)C1)C2)c1cnc2ccccc2n1,C19H21N3O,307.4,3.33,54.88,1,3,2,2,6,0.526,23,0,0,none,1.0,1.0,1.0,T8457,Nicotinic acid (Niacin),HCAR2 / DGAT2,抑制脂肪组织脂解并弱抑制 DGAT2，减少肝内 VLDL 底物供应,0.184,无明确优势骨架命中,,,0.0,0.1837,O=C(NC12CC3CC(CC(C3)C1)C2)c1cnc2ccccc2n1,0.5918
139,T8334,199735-88-1,O=C(O)C1C2C=CC(C2)C1C(=O)Nc1ccc(Cl)c(Cl)c1,C15H13Cl2NO3,326.18,3.45,66.4,2,2,3,1,3,0.333,21,2,0,none,1.0,1.0,1.0,T8334,Lanifibranor,PPAR pan (alpha/delta/gamma),泛 PPAR 激动，促进 beta-氧化、抑制脂肪生成与炎症纤维化,0.176,无明确优势骨架命中,,,0.0,0.1765,O=C(Nc1ccccc1)C1CC2C=CC1C2,0.5882
140,T6786,1883429-22-8,COc1cc(-c2cn(C)c(=O)c3cnccc23)c(OC)cc1CN(C)C,C20H23N3O3,353.42,2.68,56.59,0,5,5,3,3,0.3,26,0,0,none,1.0,1.0,1.0,T6786,ACC inhibitor chemotype (firsocostat-like proxy),ACC1/ACC2,变构抑制乙酰辅酶A羧化酶，降低丙二酰辅酶A、阻断新发脂质合成(DNL)并解除 CPT1 抑制,0.247,无明确优势骨架命中,,,0.0,0.2468,O=c1[nH]cc(-c2ccccc2)c2ccncc12,0.6234
141,T6783,1883429-21-7,COc1cc(-c2cn(C)c(=O)c3cnccc23)cc(OC)c1CN(C)C,C20H23N3O3,353.42,2.68,56.59,0,5,5,3,3,0.3,26,0,0,none,1.0,1.0,1.0,T6783,ACC inhibitor chemotype (firsocostat-like proxy),ACC1/ACC2,变构抑制乙酰辅酶A羧化酶，降低丙二酰辅酶A、阻断新发脂质合成(DNL)并解除 CPT1 抑制,0.301,无明确优势骨架命中,,,0.0,0.3014,O=c1[nH]cc(-c2ccccc2)c2ccncc12,0.6507
142,T50113,1307909-30-3,CC(C)(Oc1ccc(Cl)cc1)C(=O)N1CSC[C@H]1C(=O)O,C14H16ClNO4S,329.81,2.48,66.84,1,4,4,1,2,0.429,21,1,0,none,0.9999,1.0,1.0,T50113,Fenofibric acid,PPAR-alpha,激活 PPAR-alpha 上调 CPT1/ACOX1，增强线粒体与过氧化物酶体脂肪酸氧化,0.449,无明确优势骨架命中,,,0.0,0.449,O=C(COc1ccccc1)N1CCSC1,0.7245
143,T12977,261944-46-1,COCCO[C@@H]1c2ccn3c(C)c(C)nc3c2N[C@H](c2ccccc2)[C@H]1O,C21H25N3O3,367.45,3.18,68.02,2,5,5,3,4,0.381,27,0,0,none,1.0,1.0,1.0,T12977,Rosiglitazone,PPAR-gamma,TZD 类 PPAR-gamma 全激动剂，改善胰岛素抵抗与肝内脂肪蓄积,0.179,无明确优势骨架命中,,,0.0,0.1786,c1ccc(C2CCc3ccn4ccnc4c3N2)cc1,0.5893
144,T26841,153042-42-3,Cc1noc(NS(=O)(=O)c2cccc3c(N(C)C)cccc23)c1C,C17H19N3O3S,345.42,3.31,75.44,1,5,4,3,3,0.235,24,0,0,none,1.0,1.0,1.0,T21790;T26841,GW4064,FXR,非甾体高效 FXR 激动剂工具化合物，抑制 DNL 相关转录程序,0.132,无明确优势骨架命中,,,0.0,0.1319,O=S(=O)(Nc1ccno1)c1cccc2ccccc12,0.5659
145,T2320,312753-06-3,CCc1cc2c(cc1CC)CC(NC[C@H](O)c1ccc(O)c3[nH]c(=O)ccc13)C2,C24H28N2O3,392.5,3.15,85.35,4,4,6,3,4,0.375,29,0,0,none,1.0,1.0,1.0,T1239;T2320,Naringenin,PPAR-alpha / SREBP,柑橘黄烷酮，抑制脂肪生成基因并促进脂肪酸氧化,0.171,无明确优势骨架命中,,,0.0,0.1714,O=c1ccc2c(CCNC3Cc4ccccc4C3)cccc2[nH]1,0.5857
146,T17227,748810-28-8,COc1ccc(CCO[C@@H]2CCCC[C@H]2N2CC[C@@H](O)C2)cc1OC,C20H31NO4,349.47,2.64,51.16,1,5,7,1,3,0.7,25,0,0,none,1.0,1.0,1.0,T17227,Trimetazidine,3-KAT (长链硫解酶),部分脂肪酸氧化抑制剂，代谢调节剂,0.222,无明确优势骨架命中,,,0.0,0.2222,c1ccc(CCOC2CCCCC2N2CCCC2)cc1,0.6111
147,T5S2283,526-07-8,c1cc2c(cc1O[C@H]1OC[C@H]3[C@@H]1CO[C@@H]3c1ccc3c(c1)OCO3)OCO2,C20H18O7,370.36,2.88,64.61,0,7,3,2,6,0.4,27,0,0,none,1.0,1.0,1.0,T5S2283,Berberine,AMPK / PCSK9 / LDLR,原小檗碱型生物碱，激活 AMPK 并稳定 LDLR mRNA，HepG2 经典降脂阳性对照,0.2,无明确优势骨架命中,,,0.0,0.2,c1cc2c(cc1OC1OCC3C(c4ccc5c(c4)OCO5)OCC13)OCO2,0.6
148,T5S2178,31008-19-2,COc1ccc([C@@H]2OC[C@H]3[C@@H]2CO[C@@H]3c2ccc3c(c2)OCO3)cc1OC,C21H22O6,370.4,3.51,55.38,0,6,4,2,5,0.429,27,0,0,none,1.0,1.0,1.0,T5S2178,Berberine,AMPK / PCSK9 / LDLR,原小檗碱型生物碱，激活 AMPK 并稳定 LDLR mRNA，HepG2 经典降脂阳性对照,0.317,无明确优势骨架命中,,,0.0,0.3175,c1ccc(C2OCC3C(c4ccc5c(c4)OCO5)OCC23)cc1,0.6587
149,T40580,4999-79-5,C[C@]12CC[C@@H]3c4ccc(OS(=O)(=O)O)cc4CC[C@H]3[C@@H]1CC[C@@H]2O,C18H24O5S,352.45,3.09,83.83,2,4,2,1,4,0.667,24,0,0,none,1.0,1.0,1.0,T40580,Chenodeoxycholic acid,FXR,内源性 FXR 配体，调控胆汁酸稳态并抑制肝脏脂肪生成,0.177,无明确优势骨架命中,,,0.0,0.1772,c1ccc2c(c1)CCC1C2CCC2CCCC21,0.5886
150,T9893,239463-85-5,C[C@@H](N)Cc1cc(C#N)c2c(c1)CCN2CCCOC(=O)c1ccccc1,C22H25N3O2,363.46,3.06,79.35,1,5,7,2,3,0.364,27,0,0,none,1.0,1.0,1.0,T9893,Lanifibranor,PPAR pan (alpha/delta/gamma),泛 PPAR 激动，促进 beta-氧化、抑制脂肪生成与炎症纤维化,0.217,无明确优势骨架命中,,,0.0,0.2169,O=C(OCCCN1CCc2ccccc21)c1ccccc1,0.6085
151,T2341,1000669-72-6,O=C(c1ccc(/C=C/c2n[nH]c3ccccc23)cc1)N1CCNCC1,C20H20N4O,332.41,2.78,61.02,2,3,3,3,4,0.2,25,0,0,none,1.0,1.0,1.0,T2341,PF-06424439 (DGAT2i),DGAT2,二酰甘油酰基转移酶2 抑制剂，直接阻断甘油三酯酯化终末步骤,0.194,哌嗪/哌啶杂芳基甲酰胺,SCD1 / DGAT2,脂质酶抑制剂常见的环胺-酰胺连接模式，倾向作用于 SCD1/DGAT2 等内质网膜结合型脂质合成酶,0.55,0.4419,O=C(c1ccc(C=Cc2n[nH]c3ccccc23)cc1)N1CCNCC1,0.721
152,T15124,1821370-70-0,CCOC(=O)c1ccc(-c2ncc(C(=O)OCC)s2)nc1,C14H14N2O4S,306.34,2.56,78.38,0,7,5,2,2,0.286,21,0,0,none,1.0,1.0,1.0,T15124,Etomoxir,CPT1a (抑制剂/阴性对照),CPT1 不可逆抑制剂，作为脂肪酸氧化通路机制阴性对照,0.219,无明确优势骨架命中,,,0.0,0.2188,c1ccc(-c2nccs2)nc1,0.6094
153,T32589,301-21-3,COc1ccc(C[C@@H]2c3cc(OC)c(OC)cc3CCN2C)cc1O,C20H25NO4,343.42,3.19,51.16,1,5,5,2,3,0.4,25,0,0,none,1.0,1.0,1.0,T32589,Trimetazidine,3-KAT (长链硫解酶),部分脂肪酸氧化抑制剂，代谢调节剂,0.259,无明确优势骨架命中,,,0.0,0.2586,c1ccc(CC2NCCc3ccccc32)cc1,0.6293
154,TN11090,129168-56-5,COc1ccc2oc3c(OC)c(OC)c(OC)cc3c(=O)c2c1,C17H16O6,316.31,2.98,67.13,0,6,4,3,3,0.235,23,0,0,none,1.0,1.0,1.0,TN11090,Berberine,AMPK / PCSK9 / LDLR,原小檗碱型生物碱，激活 AMPK 并稳定 LDLR mRNA，HepG2 经典降脂阳性对照,0.206,无明确优势骨架命中,,,0.0,0.2059,O=c1c2ccccc2oc2ccccc12,0.603
155,T205083,902586-39-4,Cc1ccc(-c2nc(CSCC(=O)NC3CC3)c(C)o2)cc1,C17H20N2O2S,316.43,3.47,55.13,1,4,6,2,3,0.412,22,0,0,none,1.0,1.0,1.0,T205083,TVB-2640 (Denifanstat),FASN,脂肪酸合酶 beta-酮脂酰还原酶结构域抑制剂，直接阻断棕榈酸从头合成,0.209,无明确优势骨架命中,,,0.0,0.2093,O=C(CSCc1coc(-c2ccccc2)n1)NC1CC1,0.6046
156,T8779,489408-02-8,Cc1cc(C(F)(F)F)nn1CC(=O)Nc1sc2c(c1C(N)=O)CCCC2,C16H17F3N4O2S,386.4,2.89,90.01,2,4,4,2,3,0.438,26,3,0,none,1.0,1.0,1.0,T8779,Ranolazine,pFOX / 晚钠电流,部分脂肪酸氧化抑制，改善代谢底物利用,0.2,无明确优势骨架命中,,,0.0,0.2,O=C(Cn1cccn1)Nc1cc2c(s1)CCCC2,0.6
157,TQ0086,1531634-31-7,Cc1cccc(NC(=O)c2ccc(C(F)(F)F)cc2C(=O)O)n1,C15H11F3N2O3,324.26,3.36,79.29,2,3,3,2,2,0.133,23,3,0,none,1.0,1.0,1.0,TQ0086,GW501516,PPAR-delta,PPAR-delta 选择性激动，提升肝与骨骼肌脂肪酸氧化,0.25,无明确优势骨架命中,,,0.0,0.25,O=C(Nc1ccccn1)c1ccccc1,0.625
158,T11410L,1215085-92-9,CN1C(=O)N(c2ccc(C#N)c(C(F)(F)F)c2)C(=O)[C@@]1(CO)c1ccccc1,C19H14F3N3O3,389.33,2.86,84.64,1,4,3,2,3,0.211,28,3,0,none,1.0,1.0,1.0,T11410L,A-769662,"AMPK (direct, beta1)",直接变构激活 AMPK beta1 亚基，磷酸化 ACC1/2 抑制 DNL,0.179,无明确优势骨架命中,,,0.0,0.1795,O=C1NC(c2ccccc2)C(=O)N1c1ccccc1,0.5898
159,TN2079,81446-29-9,COc1cc([C@@H]2OC[C@@H]3[C@H]2CO[C@H]3c2ccc(O)c(OC)c2)ccc1O,C20H22O6,358.39,3.19,77.38,2,6,4,2,4,0.4,26,0,0,none,1.0,1.0,1.0,TN2079,Naringenin,PPAR-alpha / SREBP,柑橘黄烷酮，抑制脂肪生成基因并促进脂肪酸氧化,0.231,无明确优势骨架命中,,,0.0,0.2308,c1ccc(C2OCC3C(c4ccccc4)OCC23)cc1,0.6154
160,T61518,1358751-06-0,CC1=CN2CCS(=O)(=O)N=C2C(c2ccc(OC3CCCCC3)cc2)=N1,C19H23N3O3S,373.48,3.11,71.33,0,5,3,1,4,0.474,26,0,0,none,1.0,1.0,1.0,T61518,Ervogastat (PF-06865571),DGAT2,口服 DGAT2 抑制剂，降低肝内甘油三酯合成与 VLDL 分泌,0.231,无明确优势骨架命中,,,0.0,0.2308,O=S1(=O)CCN2C=CN=C(c3ccc(OC4CCCCC4)cc3)C2=N1,0.6154
161,T60219,2761063-99-2,c1ccc([C@H]2CN(c3cc(O[C@H]4C[C@@H](n5cccn5)C4)ncn3)CCO2)cc1,C21H23N5O2,377.45,3.03,65.3,0,6,5,3,5,0.381,28,0,0,none,1.0,1.0,1.0,T60219,TVB-2640 (Denifanstat),FASN,脂肪酸合酶 beta-酮脂酰还原酶结构域抑制剂，直接阻断棕榈酸从头合成,0.163,无明确优势骨架命中,,,0.0,0.1633,c1ccc(C2CN(c3cc(OC4CC(n5cccn5)C4)ncn3)CCO2)cc1,0.5816
162,T27795,1000308-25-7,NC(=O)NC[C@@H]1CCCc2cc(S(=O)(=O)c3cccc(F)c3)ccc21,C18H19FN2O3S,362.43,2.75,89.26,2,3,4,2,3,0.278,25,1,0,none,1.0,1.0,1.0,T27795,Lanifibranor,PPAR pan (alpha/delta/gamma),泛 PPAR 激动，促进 beta-氧化、抑制脂肪生成与炎症纤维化,0.195,无明确优势骨架命中,,,0.0,0.1948,O=S(=O)(c1ccccc1)c1ccc2c(c1)CCCC2,0.5974
163,T13057L,1597426-55-5,Cc1nnc(NC(=O)c2cccc([C@H]3C[C@@H]3NC3CCC3)c2)s1,C17H20N4OS,328.44,3.1,66.91,2,5,5,2,4,0.471,23,0,0,none,1.0,1.0,1.0,T13057L,TVB-2640 (Denifanstat),FASN,脂肪酸合酶 beta-酮脂酰还原酶结构域抑制剂，直接阻断棕榈酸从头合成,0.172,无明确优势骨架命中,,,0.0,0.172,O=C(Nc1nncs1)c1cccc(C2CC2NC2CCC2)c1,0.586
164,T15131,3736-81-0,CN(C(=O)C(Cl)Cl)c1ccc(OC(=O)c2ccco2)cc1,C14H11Cl2NO4,328.15,3.27,59.75,0,4,4,2,2,0.143,21,2,0,none,1.0,1.0,1.0,T15131,Fenofibric acid,PPAR-alpha,激活 PPAR-alpha 上调 CPT1/ACOX1，增强线粒体与过氧化物酶体脂肪酸氧化,0.193,无明确优势骨架命中,,,0.0,0.193,O=C(Oc1ccccc1)c1ccco1,0.5965
165,T34924,55219-65-3,CC(C)(C)C(O)C(Oc1ccc(Cl)cc1)n1cncn1,C14H18ClN3O2,295.77,2.92,60.17,1,4,4,2,2,0.429,20,1,0,none,1.0,1.0,1.0,T34924,Fenofibric acid,PPAR-alpha,激活 PPAR-alpha 上调 CPT1/ACOX1，增强线粒体与过氧化物酶体脂肪酸氧化,0.308,无明确优势骨架命中,,,0.0,0.3077,c1ccc(OCn2cncn2)cc1,0.6538
166,T8388,881681-00-1,CNCc1cc(-c2ccccc2F)n(S(=O)(=O)c2cccnc2)c1,C17H16FN3O2S,345.4,2.65,63.99,1,4,5,3,3,0.118,24,1,0,none,1.0,1.0,1.0,T21254;T8388,Nicotinic acid (Niacin),HCAR2 / DGAT2,抑制脂肪组织脂解并弱抑制 DGAT2，减少肝内 VLDL 底物供应,0.211,无明确优势骨架命中,,,0.0,0.2105,O=S(=O)(c1cccnc1)n1cccc1-c1ccccc1,0.6052
167,TN2080,487-36-5,COc1cc([C@H]2OC[C@H]3[C@@H]2CO[C@@H]3c2ccc(O)c(OC)c2)ccc1O,C20H22O6,358.39,3.19,77.38,2,6,4,2,4,0.4,26,0,0,none,1.0,1.0,1.0,TN2080,Naringenin,PPAR-alpha / SREBP,柑橘黄烷酮，抑制脂肪生成基因并促进脂肪酸氧化,0.231,无明确优势骨架命中,,,0.0,0.2308,c1ccc(C2OCC3C(c4ccccc4)OCC23)cc1,0.6154
168,TN1675,2798-20-1,COc1ccc(-c2cc(=O)c3c(O)c(OC)c(OC)c(OC)c3o2)cc1,C19H18O7,358.35,3.2,87.36,1,7,5,3,3,0.211,26,0,0,none,1.0,1.0,1.0,TN1675,Naringenin,PPAR-alpha / SREBP,柑橘黄烷酮，抑制脂肪生成基因并促进脂肪酸氧化,0.18,黄酮/黄烷酮母核,AMPK / SREBP-1c,黄酮类多酚激活 AMPK-SIRT1 轴，抑制 SREBP-1c/FAS/ACC 表达并促进脂噬,0.6,0.4503,O=c1cc(-c2ccccc2)oc2ccccc12,0.7252
169,TN1291,29080-58-8,COc1cc(O)c2c(=O)cc(-c3ccc(OC)c(OC)c3)oc2c1,C18H16O6,328.32,3.19,78.13,1,6,4,3,3,0.167,24,0,0,none,1.0,1.0,1.0,TN1291,ACC inhibitor chemotype (firsocostat-like proxy),ACC1/ACC2,变构抑制乙酰辅酶A羧化酶，降低丙二酰辅酶A、阻断新发脂质合成(DNL)并解除 CPT1 抑制,0.203,黄酮/黄烷酮母核,AMPK / SREBP-1c,黄酮类多酚激活 AMPK-SIRT1 轴，抑制 SREBP-1c/FAS/ACC 表达并促进脂噬,0.6,0.4727,O=c1cc(-c2ccccc2)oc2ccccc12,0.7364
170,T72253,2479276-17-8,CCCCc1nc2c(N)nc3ccccc3c2n1CCCCN,C18H25N5,311.43,3.25,82.75,2,4,7,3,3,0.444,23,0,0,none,1.0,1.0,1.0,T72253,Telmisartan,PPAR-gamma partial / AT1R,AT1 受体拮抗兼 PPAR-gamma 部分激动，文献报道减轻肝细胞脂肪变,0.268,无明确优势骨架命中,,,0.0,0.2683,c1ccc2c(c1)ncc1nc[nH]c12,0.6342
171,T9566,2765218-56-0,O=C(NCCCc1nccs1)c1cc(-c2ccccc2)on1,C16H15N3O2S,313.38,3.16,68.02,1,5,6,3,3,0.188,22,0,0,none,1.0,1.0,1.0,T9566,Bezafibrate,PPAR pan,泛 PPAR 弱激动剂，降低血浆与肝内甘油三酯,0.194,无明确优势骨架命中,,,0.0,0.1944,O=C(NCCCc1nccs1)c1cc(-c2ccccc2)on1,0.5972
172,T2333,164650-44-6,C=C1CCN([C@H](C)C(O)(Cn2cncn2)c2ccc(F)cc2F)CC1,C18H22F2N4O,348.4,2.48,54.18,1,4,5,2,3,0.444,25,2,0,none,0.9999,1.0,1.0,T2333,Fluvastatin,HMGCR,全合成 HMGCR 抑制剂,0.172,无明确优势骨架命中,,,0.0,0.1724,C=C1CCN(CC(Cn2cncn2)c2ccccc2)CC1,0.5862
173,T23449,302799-86-6,O=c1[nH]c2ccc(C#CCN3CCC(Cc4ccccc4)CC3)cc2[nH]1,C22H23N3O,345.45,3.16,51.89,2,2,3,3,4,0.318,26,0,0,none,1.0,1.0,1.0,T23449,Rosiglitazone,PPAR-gamma,TZD 类 PPAR-gamma 全激动剂，改善胰岛素抵抗与肝内脂肪蓄积,0.19,无明确优势骨架命中,,,0.0,0.1899,O=c1[nH]c2ccc(C#CCN3CCC(Cc4ccccc4)CC3)cc2[nH]1,0.595
174,T22128,519170-13-9,COc1ccc(Cc2nnc(NS(=O)(=O)c3ccccc3)s2)cc1,C16H15N3O3S2,361.45,2.94,81.18,1,6,6,3,3,0.125,24,0,0,none,1.0,1.0,1.0,T22128,Rosiglitazone,PPAR-gamma,TZD 类 PPAR-gamma 全激动剂，改善胰岛素抵抗与肝内脂肪蓄积,0.2,无明确优势骨架命中,,,0.0,0.2,O=S(=O)(Nc1nnc(Cc2ccccc2)s1)c1ccccc1,0.6
175,T16475,459856-18-9,CC[C@@H](C)Nc1nc(C)nc2c(-c3ccc(OC)nc3C)c(C)nn12,C18H24N6O,340.43,3.33,77.23,1,6,5,3,3,0.444,25,0,0,none,1.0,1.0,1.0,T16475,Ranolazine,pFOX / 晚钠电流,部分脂肪酸氧化抑制，改善代谢底物利用,0.143,无明确优势骨架命中,,,0.0,0.1429,c1cncc(-c2cnn3cncnc23)c1,0.5714
176,T27320,160146-17-8,N#Cc1ccc([C@H]([C@@H](O)Cc2ccc(F)cc2)n2cncn2)cc1,C18H15FN4O,322.34,2.48,74.73,1,4,5,3,3,0.167,24,1,0,none,0.9999,1.0,1.0,T27320,Ezetimibe,NPC1L1,抑制胆固醇再摄取，降低肝内胆固醇酯负荷,0.208,无明确优势骨架命中,,,0.0,0.2083,c1ccc(CCC(c2ccccc2)n2cncn2)cc1,0.6042
177,T3448,1459687-89-8,COc1cccc(-n2c(SCC(=O)O)nnc2-c2ccccn2)c1,C16H14N4O3S,342.38,2.51,90.13,1,6,6,3,3,0.125,24,0,0,none,1.0,1.0,1.0,T3448;T4251,Ranolazine,pFOX / 晚钠电流,部分脂肪酸氧化抑制，改善代谢底物利用,0.21,无明确优势骨架命中,,,0.0,0.2099,c1ccc(-n2cnnc2-c2ccccn2)cc1,0.605
178,T60680,145158-71-0,CCCCCNC(=N)NN=Cc1c[nH]c2ccc(OC)cc12,C16H23N5O,301.39,2.81,85.29,4,3,7,2,2,0.375,22,0,0,none,1.0,1.0,1.0,T60680,Bezafibrate,PPAR pan,泛 PPAR 弱激动剂，降低血浆与肝内甘油三酯,0.152,无明确优势骨架命中,,,0.0,0.1519,c1ccc2[nH]ccc2c1,0.576
179,T9175,2079068-74-7,Cn1ncc(-c2nc(N[C@H]3CC[C@H](N)CC3)ncc2Cl)c1CC1CC1,C18H25ClN6,360.89,3.16,81.65,2,5,5,2,4,0.611,25,1,0,none,1.0,1.0,1.0,T9175,TVB-2640 (Denifanstat),FASN,脂肪酸合酶 beta-酮脂酰还原酶结构域抑制剂，直接阻断棕榈酸从头合成,0.137,无明确优势骨架命中,,,0.0,0.1368,c1cc(-c2cn[nH]c2CC2CC2)nc(NC2CCCCC2)n1,0.5684
180,T28089,1381846-21-4,CC(C)(C)C(=O)NCc1ccc(Cl)c(C(=O)Nc2ncc[nH]2)c1,C16H19ClN4O2,334.81,2.98,86.88,3,3,4,2,2,0.312,23,1,0,none,1.0,1.0,1.0,T28089,Bezafibrate,PPAR pan,泛 PPAR 弱激动剂，降低血浆与肝内甘油三酯,0.239,无明确优势骨架命中,,,0.0,0.2394,O=C(Nc1ncc[nH]1)c1ccccc1,0.6197
181,T2358,934353-76-1,Cc1cc(Nc2cc(N3CCN(C)CC3)nc(/C=C/c3ccccc3)n2)n[nH]1,C21H25N7,375.48,3.17,72.97,2,6,5,3,4,0.286,28,0,0,none,1.0,1.0,1.0,T2358,Ranolazine,pFOX / 晚钠电流,部分脂肪酸氧化抑制，改善代谢底物利用,0.153,无明确优势骨架命中,,,0.0,0.1529,C(=Cc1nc(Nc2cc[nH]n2)cc(N2CCNCC2)n1)c1ccccc1,0.5764
182,T2342,934240-30-9,NC(=O)[C@@H]1CC[C@H](c2ccc(OCc3ccccc3F)cc2)N1,C18H19FN2O2,314.36,2.68,64.35,2,3,5,2,3,0.278,23,1,0,none,1.0,1.0,1.0,T2342,Rosiglitazone,PPAR-gamma,TZD 类 PPAR-gamma 全激动剂，改善胰岛素抵抗与肝内脂肪蓄积,0.213,无明确优势骨架命中,,,0.0,0.2133,c1ccc(COc2ccc(C3CCCN3)cc2)cc1,0.6066
183,T11811,72361-67-2,COc1cc2c(cc1O)-c1c(OC)c(O)cc3c1C(C2)NCC3,C18H19NO4,313.35,2.52,70.95,3,5,2,2,4,0.333,23,0,0,none,1.0,1.0,1.0,T11811,Trimetazidine,3-KAT (长链硫解酶),部分脂肪酸氧化抑制剂，代谢调节剂,0.213,无明确优势骨架命中,,,0.0,0.2131,c1ccc2c(c1)CC1NCCc3cccc-2c31,0.6066
184,T11561,1672666-82-8,CS(=O)(=O)c1ccc(Oc2cc(F)cc(C#N)c2)c2c1C(O)C(F)C2,C17H13F2NO4S,365.36,2.82,87.39,1,5,3,2,3,0.235,25,2,0,none,1.0,1.0,1.0,T11561,Ciprofibrate,PPAR-alpha,长效贝特类，诱导过氧化物酶体增殖与脂肪酸 beta-氧化,0.151,无明确优势骨架命中,,,0.0,0.1507,c1ccc(Oc2cccc3c2CCC3)cc1,0.5754
185,T2275,1037184-44-3,COc1ccc(C(=O)CC2(O)C(=O)Nc3c(Cl)ccc(Cl)c32)cc1,C17H13Cl2NO4,366.2,3.41,75.63,2,4,4,2,3,0.176,24,2,0,none,1.0,1.0,1.0,T2275,Fenofibric acid,PPAR-alpha,激活 PPAR-alpha 上调 CPT1/ACOX1，增强线粒体与过氧化物酶体脂肪酸氧化,0.25,无明确优势骨架命中,,,0.0,0.25,O=C(CC1C(=O)Nc2ccccc21)c1ccccc1,0.625
186,T19642,934628-27-0,Cc1c(N)cccc1Cn1ccc(OCCc2cccs2)cc1=O,C19H20N2O2S,340.45,3.47,57.25,1,4,6,3,3,0.211,24,0,0,none,1.0,1.0,1.0,T19642,Pioglitazone,PPAR-gamma,噻唑烷二酮胰岛素增敏剂，促进脂肪组织脂质再分布、降低肝细胞脂毒性,0.188,无明确优势骨架命中,,,0.0,0.1875,O=c1cc(OCCc2cccs2)ccn1Cc1ccccc1,0.5938
187,T79854,2088176-96-7,CCc1nc2ccccn2c1C(=O)c1cc(Br)c(O)c(C#N)c1,C17H12BrN3O2,370.21,3.47,78.39,1,4,3,3,3,0.118,23,1,0,none,1.0,1.0,1.0,T79854,A-769662,"AMPK (direct, beta1)",直接变构激活 AMPK beta1 亚基，磷酸化 ACC1/2 抑制 DNL,0.165,无明确优势骨架命中,,,0.0,0.1646,O=C(c1ccccc1)c1cnc2ccccn12,0.5823
188,T33535,886208-65-7,Cc1cc(-c2ccccc2)nnc1N1CCN(c2ncccn2)CC1,C19H20N6,332.41,2.57,58.04,0,6,3,3,4,0.263,25,0,0,none,1.0,1.0,1.0,T33535,PF-06424439 (DGAT2i),DGAT2,二酰甘油酰基转移酶2 抑制剂，直接阻断甘油三酯酯化终末步骤,0.182,无明确优势骨架命中,,,0.0,0.1818,c1ccc(-c2ccc(N3CCN(c4ncccn4)CC3)nn2)cc1,0.5909
189,T28750,676479-06-4,CC(=O)N[C@H]1CC(=O)N(c2ccc(OCc3cccc(F)c3)cc2)C1,C19H19FN2O3,342.37,2.65,58.64,1,3,5,2,3,0.263,25,1,0,none,1.0,1.0,1.0,T28750,Etomoxir,CPT1a (抑制剂/阴性对照),CPT1 不可逆抑制剂，作为脂肪酸氧化通路机制阴性对照,0.211,无明确优势骨架命中,,,0.0,0.2105,O=C1CCCN1c1ccc(OCc2ccccc2)cc1,0.6052
190,T2250,95167-41-2,CCN(CC)c1ccc(/C=N/NC(=O)c2ccc(O)cc2)cc1,C18H21N3O2,311.39,3.0,64.93,2,4,6,2,2,0.222,23,0,0,none,1.0,1.0,1.0,T2250,Bezafibrate,PPAR pan,泛 PPAR 弱激动剂，降低血浆与肝内甘油三酯,0.197,无明确优势骨架命中,,,0.0,0.197,O=C(NN=Cc1ccccc1)c1ccccc1,0.5985
191,T2236,154992-24-2,CC1(C)C(=O)N(c2ccc(C#N)c(C(F)(F)F)c2)C(=O)N1CCCCO,C17H18F3N3O3,369.34,2.9,84.64,1,4,5,1,2,0.471,26,3,0,none,1.0,1.0,1.0,T2236,Gemfibrozil,PPAR-alpha,苯氧戊酸类 PPAR-alpha 激动剂，抑制肝脏 VLDL-TG 分泌,0.153,无明确优势骨架命中,,,0.0,0.1528,O=C1CNC(=O)N1c1ccccc1,0.5764
192,T16782,136199-02-5,CCCn1c(=O)c2[nH]c(C34CC5CC(CC3C5)C4)nc2n(CCC)c1=O,C20H28N4O2,356.47,2.78,72.68,1,3,5,2,6,0.75,26,0,0,none,1.0,1.0,1.0,T16782,Pentoxifylline,PDE / TNF-alpha,非选择性磷酸二酯酶抑制剂，降低肝脏炎症与脂质沉积,0.191,无明确优势骨架命中,,,0.0,0.1912,O=c1[nH]c(=O)c2[nH]c(C34CC5CC(CC3C5)C4)nc2[nH]1,0.5956
193,T5750,549-21-3,COc1ccc2cc3n(c(=O)c2c1OC)CCc1cc2c(cc1-3)OCO2,C20H17NO5,351.36,2.97,58.92,0,5,2,3,5,0.25,26,0,0,none,1.0,1.0,1.0,T5750,Berberine,AMPK / PCSK9 / LDLR,原小檗碱型生物碱，激活 AMPK 并稳定 LDLR mRNA，HepG2 经典降脂阳性对照,0.469,无明确优势骨架命中,,,0.0,0.4688,O=c1c2ccccc2cc2n1CCc1cc3c(cc1-2)OCO3,0.7344
194,T4S1321,6681-18-1,COc1ccc2c(c1O)-c1c(O)c(OC)cc3c1[C@H](C2)[N+](C)(C)CC3,C20H24NO4+,342.42,3.01,58.92,2,4,2,2,4,0.4,25,0,0,none,1.0,1.0,1.0,T3S1319;T3S1320;T4S1321,Berberine,AMPK / PCSK9 / LDLR,原小檗碱型生物碱，激活 AMPK 并稳定 LDLR mRNA，HepG2 经典降脂阳性对照,0.208,无明确优势骨架命中,,,0.0,0.2083,c1ccc2c(c1)CC1[NH2+]CCc3cccc-2c31,0.6042
195,T27053,477865-59-1,CON=CNc1nc2nccc(C(C)Oc3ccc(Cl)cc3C)n2n1,C16H17ClN6O2,360.81,3.23,85.93,1,6,6,3,3,0.25,25,1,0,none,1.0,1.0,1.0,T27053,GW501516,PPAR-delta,PPAR-delta 选择性激动，提升肝与骨骼肌脂肪酸氧化,0.185,无明确优势骨架命中,,,0.0,0.1848,c1ccc(OCc2ccnc3ncnn23)cc1,0.5924
196,T0462,73963-72-1,O=C1CCc2cc(OCCCCc3nnnn3C3CCCCC3)ccc2N1,C20H27N5O2,369.47,3.46,81.93,1,5,7,2,4,0.6,27,0,0,none,1.0,1.0,1.0,T0462,Pioglitazone,PPAR-gamma,噻唑烷二酮胰岛素增敏剂，促进脂肪组织脂质再分布、降低肝细胞脂毒性,0.207,无明确优势骨架命中,,,0.0,0.2073,O=C1CCc2cc(OCCCCc3nnnn3C3CCCCC3)ccc2N1,0.6036
197,T8749,1434643-33-0,Cc1c(Br)sc2[nH]c(=O)n(C(C)(C)C(=O)OC(C)(C)C)c(=O)c12,C15H19BrN2O4S,403.3,2.9,81.16,1,5,2,2,2,0.533,23,1,0,none,1.0,1.0,1.0,T8749,Ciprofibrate,PPAR-alpha,长效贝特类，诱导过氧化物酶体增殖与脂肪酸 beta-氧化,0.141,无明确优势骨架命中,,,0.0,0.1406,O=c1[nH]c(=O)c2ccsc2[nH]1,0.5703
198,TN2121,1247-97-8,COc1cc(OC)c2c(=O)c(OC)c(-c3ccc(OC)c(OC)c3)oc2c1,C20H20O7,372.37,3.5,76.36,0,7,6,3,3,0.25,27,0,0,none,1.0,1.0,1.0,TN2121,Trimetazidine,3-KAT (长链硫解酶),部分脂肪酸氧化抑制剂，代谢调节剂,0.207,黄酮/黄烷酮母核,AMPK / SREBP-1c,黄酮类多酚激活 AMPK-SIRT1 轴，抑制 SREBP-1c/FAS/ACC 表达并促进脂噬,0.6,0.4769,O=c1cc(-c2ccccc2)oc2ccccc12,0.7385
199,T32155,74517-78-5,CC(C)NCCCC1(C(N)=O)c2ccccc2-c2ccccc21,C20H24N2O,308.42,3.22,55.12,2,2,6,2,3,0.35,23,0,0,none,1.0,1.0,1.0,T32155,Ranolazine,pFOX / 晚钠电流,部分脂肪酸氧化抑制，改善代谢底物利用,0.181,无明确优势骨架命中,,,0.0,0.1806,c1ccc2c(c1)Cc1ccccc1-2,0.5903
200,T24840,1609980-39-3,Cc1cc(C)n2nc(OCCOc3ccc(Cl)cc3)nc2n1,C15H15ClN4O2,318.76,2.85,61.54,0,5,5,3,3,0.267,22,1,0,none,1.0,1.0,1.0,T24840,Etomoxir,CPT1a (抑制剂/阴性对照),CPT1 不可逆抑制剂，作为脂肪酸氧化通路机制阴性对照,0.311,无明确优势骨架命中,,,0.0,0.3115,c1ccc(OCCOc2nc3ncccn3n2)cc1,0.6558
201,T4425,942655-44-9,COc1ccc(C(=O)Nc2cc(-c3ccccc3)[nH]n2)cc1OC,C18H17N3O3,323.35,3.35,76.24,2,4,5,3,3,0.111,24,0,0,none,1.0,1.0,1.0,T4425,Ranolazine,pFOX / 晚钠电流,部分脂肪酸氧化抑制，改善代谢底物利用,0.25,无明确优势骨架命中,,,0.0,0.25,O=C(Nc1cc(-c2ccccc2)[nH]n1)c1ccccc1,0.625
202,T6413,130641-38-2,CC(C)(OCc1nn(Cc2ccccc2)c2ccccc12)C(=O)O,C19H20N2O3,324.38,3.46,64.35,1,3,6,3,3,0.263,24,0,0,none,1.0,1.0,1.0,T6413,Fenofibric acid,PPAR-alpha,激活 PPAR-alpha 上调 CPT1/ACOX1，增强线粒体与过氧化物酶体脂肪酸氧化,0.268,无明确优势骨架命中,,,0.0,0.2679,c1ccc(Cn2ncc3ccccc32)cc1,0.634
203,T6406,405165-61-9,N[C@@H]1CCCCN(c2c(F)cc3c(=O)c(C(=O)O)cn(C4CC4)c3c2Cl)C1,C19H21ClFN3O3,393.85,3.14,88.56,2,4,3,2,4,0.474,27,2,0,none,1.0,1.0,1.0,T6406,Lanifibranor,PPAR pan (alpha/delta/gamma),泛 PPAR 激动，促进 beta-氧化、抑制脂肪生成与炎症纤维化,0.153,无明确优势骨架命中,,,0.0,0.1529,O=c1ccn(C2CC2)c2cc(N3CCCCCC3)ccc12,0.5764
204,T6392,935881-37-1,CC(C)[C@H](C(=O)Nc1ccc(C(=O)NO)cc1)c1ccccc1,C18H20N2O3,312.37,3.18,78.43,3,3,5,2,2,0.222,23,0,0,none,1.0,1.0,1.0,T6392,Atorvastatin,HMGCR,HMG-CoA 还原酶抑制，降低胆固醇合成并上调 LDLR,0.227,无明确优势骨架命中,,,0.0,0.2267,O=C(Cc1ccccc1)Nc1ccccc1,0.6134
205,T8698,1805818-57-8,CCOc1cc(F)c(Cl)cc1C(=O)NCC(C)(C)CC(=O)O,C15H19ClFNO4,331.77,3.11,75.63,2,3,7,1,1,0.467,22,2,0,none,1.0,1.0,1.0,T8698,Bezafibrate,PPAR pan,泛 PPAR 弱激动剂，降低血浆与肝内甘油三酯,0.269,无明确优势骨架命中,,,0.0,0.2687,c1ccccc1,0.6344
206,T8701,1309241-34-6,Cc1ccc(C)c(OCCNC2CCN(C(=O)c3ccncc3)CC2)c1,C21H27N3O2,353.47,2.97,54.46,1,4,6,2,3,0.429,26,0,0,none,1.0,1.0,1.0,T8701,Gemfibrozil,PPAR-alpha,苯氧戊酸类 PPAR-alpha 激动剂，抑制肝脏 VLDL-TG 分泌,0.383,嘧啶/吡啶甲酰胺 + 哌啶(哌嗪),DGAT2 / FASN,DGAT2/FASN 抑制剂的通用铰链-酰胺药效团；DGAT2 抑制直接阻断甘油三酯酯化终末步骤，FASN 抑制阻断棕榈酸从头合成，两者均显著降低脂滴负荷,0.7,0.6983,O=C(c1ccncc1)N1CCC(NCCOc2ccccc2)CC1,0.8492
207,TP2417,175013-73-7,CC(=O)c1ccc2c(c1)[C@H](NC(=O)c1cc(F)cc(F)c1)[C@@H](O)C(C)(C)O2,C20H19F2NO4,375.37,3.17,75.63,2,4,3,2,3,0.3,27,2,0,none,1.0,1.0,1.0,TP2417,Bezafibrate,PPAR pan,泛 PPAR 弱激动剂，降低血浆与肝内甘油三酯,0.149,无明确优势骨架命中,,,0.0,0.1486,O=C(NC1CCOc2ccccc21)c1ccccc1,0.5743
208,T36433,482646-13-9,Cc1ccccc1OCc1nnc(SCC(N)=O)n1-c1ccccc1,C18H18N4O2S,354.44,2.73,83.03,1,5,7,3,3,0.167,25,0,0,none,1.0,1.0,1.0,T36433,Ranolazine,pFOX / 晚钠电流,部分脂肪酸氧化抑制，改善代谢底物利用,0.25,无明确优势骨架命中,,,0.0,0.25,c1ccc(OCc2nncn2-c2ccccc2)cc1,0.625
209,T3483,873551-53-2,Cc1c(C2=CCN(C(=O)N(C)C(C)C)CC2)nnn1-c1cccnc1F,C18H23FN6O,358.42,2.66,67.15,0,4,3,2,3,0.444,26,1,0,none,1.0,1.0,1.0,T3483,PF-06424439 (DGAT2i),DGAT2,二酰甘油酰基转移酶2 抑制剂，直接阻断甘油三酯酯化终末步骤,0.185,无明确优势骨架命中,,,0.0,0.1852,C1=C(c2cn(-c3cccnc3)nn2)CCNC1,0.5926
210,T60149,859721-81-6,O=C(CS(=O)(=O)c1ccccc1)c1ccc(C(F)(F)F)cc1,C15H11F3O3S,328.31,3.36,51.21,0,3,4,2,2,0.133,22,3,0,none,1.0,1.0,1.0,T60149,GW501516,PPAR-delta,PPAR-delta 选择性激动，提升肝与骨骼肌脂肪酸氧化,0.229,无明确优势骨架命中,,,0.0,0.2286,O=C(CS(=O)(=O)c1ccccc1)c1ccccc1,0.6143
211,T23563,147695-92-9,CC(O)(C(=O)Nc1ccc(S(=O)(=O)c2ccccc2)cc1)C(F)(F)F,C16H14F3NO4S,373.35,2.77,83.47,2,4,4,2,2,0.188,25,3,0,none,1.0,1.0,1.0,T23563,Salicylate,"AMPK (direct, beta1)",直接结合 AMPK beta1 变构位点，抑制脂肪生成,0.205,无明确优势骨架命中,,,0.0,0.2045,O=S(=O)(c1ccccc1)c1ccccc1,0.6022
212,T4463,283173-50-2,CNCc1ccc(-c2[nH]c3cc(F)cc4c3c2CCNC4=O)cc1,C19H18FN3O,323.37,2.98,56.92,3,2,3,3,4,0.211,24,1,0,none,1.0,1.0,1.0,T16807;T4463,A-769662,"AMPK (direct, beta1)",直接变构激活 AMPK beta1 亚基，磷酸化 ACC1/2 抑制 DNL,0.171,哌嗪/哌啶杂芳基甲酰胺,SCD1 / DGAT2,脂质酶抑制剂常见的环胺-酰胺连接模式，倾向作用于 SCD1/DGAT2 等内质网膜结合型脂质合成酶,0.55,0.4186,O=C1NCCc2c(-c3ccccc3)[nH]c3cccc1c23,0.7093
213,T6366,934162-61-5,NC(=O)c1cccc2[nH]c(-c3ccc([C@@H]4CCCN4)cc3F)nc12,C18H17FN4O,324.36,2.89,83.8,3,3,3,3,4,0.222,24,1,0,none,1.0,1.0,1.0,T6366,TVB-2640 (Denifanstat),FASN,脂肪酸合酶 beta-酮脂酰还原酶结构域抑制剂，直接阻断棕榈酸从头合成,0.156,无明确优势骨架命中,,,0.0,0.1562,c1ccc2[nH]c(-c3ccc(C4CCCN4)cc3)nc2c1,0.5781
214,T67897,2707510-30-1,CC(C)[C@H](NC(=O)c1cc2ccccc2[nH]1)C(=O)Nc1nccs1,C17H18N4O2S,342.42,3.02,86.88,3,4,5,3,3,0.235,24,0,0,none,1.0,1.0,1.0,T67897,Rosiglitazone,PPAR-gamma,TZD 类 PPAR-gamma 全激动剂，改善胰岛素抵抗与肝内脂肪蓄积,0.155,无明确优势骨架命中,,,0.0,0.1548,O=C(CNC(=O)c1cc2ccccc2[nH]1)Nc1nccs1,0.5774
215,T32589L,3122-95-0,COc1ccc(C[C@H]2c3cc(OC)c(OC)cc3CCN2C)cc1O,C20H25NO4,343.42,3.19,51.16,1,5,5,2,3,0.4,25,0,0,none,1.0,1.0,1.0,T32589L,Trimetazidine,3-KAT (长链硫解酶),部分脂肪酸氧化抑制剂，代谢调节剂,0.259,无明确优势骨架命中,,,0.0,0.2586,c1ccc(CC2NCCc3ccccc32)cc1,0.6293
216,T12075,863588-32-3,O=c1cc(N2CCN(c3cccc(Cl)c3)CC2)[nH]c(=O)n1C1CCCCC1,C20H25ClN4O2,388.9,3.02,61.34,1,4,3,2,4,0.5,27,1,0,none,1.0,1.0,1.0,T12075,Resmetirom (MGL-3196),THR-beta,肝脏选择性甲状腺激素受体 beta 激动；上调 CPT1A/线粒体 beta-氧化与脂噬，降低肝内甘油三酯,0.145,无明确优势骨架命中,,,0.0,0.1446,O=c1cc(N2CCN(c3ccccc3)CC2)[nH]c(=O)n1C1CCCCC1,0.5723
217,T17022,107534-96-3,CC(C)(C)C(O)(CCc1ccc(Cl)cc1)Cn1cncn1,C16H22ClN3O,307.82,3.34,50.94,1,3,5,2,2,0.5,21,1,0,none,1.0,1.0,1.0,T17022,Bezafibrate,PPAR pan,泛 PPAR 弱激动剂，降低血浆与肝内甘油三酯,0.295,无明确优势骨架命中,,,0.0,0.2951,c1ccc(CCCCn2cncn2)cc1,0.6476
218,T72814,872506-67-7,Cc1c(Cl)cccc1S(=O)(=O)N1CCC[C@H](C(=O)NC2CCCCC2)C1,C19H27ClN2O3S,398.96,3.5,66.48,1,3,4,1,3,0.632,26,1,0,none,1.0,1.0,1.0,T72814,Lanifibranor,PPAR pan (alpha/delta/gamma),泛 PPAR 激动，促进 beta-氧化、抑制脂肪生成与炎症纤维化,0.247,无明确优势骨架命中,,,0.0,0.2466,O=C(NC1CCCCC1)C1CCCN(S(=O)(=O)c2ccccc2)C1,0.6233
219,T3S1955,78287-27-1,CCc1c2c(nc3ccccc13)-c1cc3c(c(=O)n1C2)COC(=O)[C@]3(O)CC,C22H20N2O4,376.41,2.64,81.42,1,5,2,3,5,0.318,28,0,0,none,1.0,1.0,1.0,T3S1955,Telmisartan,PPAR-gamma partial / AT1R,AT1 受体拮抗兼 PPAR-gamma 部分激动，文献报道减轻肝细胞脂肪变,0.172,无明确优势骨架命中,,,0.0,0.1717,O=C1Cc2cc3n(c(=O)c2CO1)Cc1cc2ccccc2nc1-3,0.5858
220,T3S1457,16176-68-4,COc1cc2c(cc1OC)-c1cc3ccc(OC)c(O)c3c[n+]1CC2,C20H20NO4+,338.38,3.08,51.8,1,4,3,3,4,0.25,25,0,0,none,1.0,1.0,1.0,T3S1457,Berberine,AMPK / PCSK9 / LDLR,原小檗碱型生物碱，激活 AMPK 并稳定 LDLR mRNA，HepG2 经典降脂阳性对照,0.582,原小檗碱型季铵异喹啉生物碱,AMPK / LDLR,小檗碱型生物碱抑制线粒体复合物I 激活 AMPK，并经 ERK 通路稳定 LDLR mRNA，为 HepG2 脂质蓄积模型的经典降脂阳性对照化学型,0.8,0.91,c1ccc2c(c1)CC[n+]1cc3ccccc3cc1-2,0.955
221,T28824,1073969-18-2,Cc1cn(-c2cc(F)c(C(N)=O)c(N[C@H]3CCOC3)c2)c2c1C(=O)CC(C)(C)C2,C22H26FN3O3,399.47,3.38,86.35,2,4,4,2,4,0.455,29,1,0,none,1.0,1.0,1.0,T28824,TVB-2640 (Denifanstat),FASN,脂肪酸合酶 beta-酮脂酰还原酶结构域抑制剂，直接阻断棕榈酸从头合成,0.188,无明确优势骨架命中,,,0.0,0.1881,O=C1CCCc2c1ccn2-c1cccc(NC2CCOC2)c1,0.594
222,T12269,1060524-97-1,CCCn1nc(C(=O)N2CCCCC2)c2c1CCC(NCCc1ccncc1)C2,C23H33N5O,395.55,3.0,63.05,1,4,7,2,4,0.609,29,0,0,none,1.0,1.0,1.0,T12269,Ervogastat (PF-06865571),DGAT2,口服 DGAT2 抑制剂，降低肝内甘油三酯合成与 VLDL 分泌,0.205,哌嗪/哌啶杂芳基甲酰胺,SCD1 / DGAT2,脂质酶抑制剂常见的环胺-酰胺连接模式，倾向作用于 SCD1/DGAT2 等内质网膜结合型脂质合成酶,0.55,0.452,O=C(c1n[nH]c2c1CC(NCCc1ccncc1)CC2)N1CCCCC1,0.726
223,T10032,134729-13-8,CS(=O)(=O)c1ccc(-c2cc(C#N)nn2-c2ccc(F)cc2)cc1,C17H12FN3O2S,341.37,2.95,75.75,0,4,3,3,3,0.059,24,1,0,none,1.0,1.0,1.0,T10032,Rosuvastatin,HMGCR,亲水性强效 HMGCR 抑制剂，肝选择性摄取(OATP1B1),0.195,无明确优势骨架命中,,,0.0,0.1951,c1ccc(-c2ccnn2-c2ccccc2)cc1,0.5976
224,T23000,1382481-79-9,COc1ccc(C#Cc2ccc(C(=O)N3CCC[C@@H](CO)C3)cc2)cc1,C22H23NO3,349.43,2.94,49.77,1,3,3,2,3,0.318,26,0,0,none,1.0,1.0,1.0,T23000,PF-06424439 (DGAT2i),DGAT2,二酰甘油酰基转移酶2 抑制剂，直接阻断甘油三酯酯化终末步骤,0.211,哌嗪/哌啶杂芳基甲酰胺,SCD1 / DGAT2,脂质酶抑制剂常见的环胺-酰胺连接模式，倾向作用于 SCD1/DGAT2 等内质网膜结合型脂质合成酶,0.55,0.4588,O=C(c1ccc(C#Cc2ccccc2)cc1)N1CCCCC1,0.7294
225,TQ0271,196612-93-8,CN1CCC(Nc2ncc3ncnc(Nc4ccc(F)c(Cl)c4)c3n2)CC1,C18H19ClFN7,387.85,3.46,78.86,2,7,4,3,4,0.333,27,2,0,none,1.0,1.0,1.0,TQ0271,TVB-2640 (Denifanstat),FASN,脂肪酸合酶 beta-酮脂酰还原酶结构域抑制剂，直接阻断棕榈酸从头合成,0.165,无明确优势骨架命中,,,0.0,0.1649,c1ccc(Nc2ncnc3cnc(NC4CCNCC4)nc23)cc1,0.5824
226,T9055,2055101-86-3,O=C(CNc1ccc(Cl)cn1)NCCc1cccc(Br)c1,C15H15BrClN3O,368.66,3.27,54.02,2,3,6,2,2,0.2,21,2,0,none,1.0,1.0,1.0,T9055,Bezafibrate,PPAR pan,泛 PPAR 弱激动剂，降低血浆与肝内甘油三酯,0.265,无明确优势骨架命中,,,0.0,0.2647,O=C(CNc1ccccn1)NCCc1ccccc1,0.6324
227,T9106,1031195-19-3,CC(=O)N1CCN(C(=O)c2cc(-c3ccc(C)o3)nc3ccccc23)CC1,C21H21N3O3,363.42,3.11,66.65,0,4,2,3,4,0.286,27,0,0,none,1.0,1.0,1.0,T9106,Telmisartan,PPAR-gamma partial / AT1R,AT1 受体拮抗兼 PPAR-gamma 部分激动，文献报道减轻肝细胞脂肪变,0.205,哌嗪/哌啶杂芳基甲酰胺,SCD1 / DGAT2,脂质酶抑制剂常见的环胺-酰胺连接模式，倾向作用于 SCD1/DGAT2 等内质网膜结合型脂质合成酶,0.55,0.452,O=C(c1cc(-c2ccco2)nc2ccccc12)N1CCNCC1,0.726
228,T14521,2226507-04-4,c1cc(-c2c[nH]c3nccc(N4CCC[C@@]5(CCCCN5)C4)c23)ncn1,C20H24N6,348.45,3.13,69.73,2,5,2,3,5,0.45,26,0,0,none,1.0,1.0,1.0,T14521,Ervogastat (PF-06865571),DGAT2,口服 DGAT2 抑制剂，降低肝内甘油三酯合成与 VLDL 分泌,0.163,无明确优势骨架命中,,,0.0,0.1628,c1cc(-c2c[nH]c3nccc(N4CCCC5(CCCCN5)C4)c23)ncn1,0.5814
229,T5720,476-70-0,COc1cc2c(cc1O)C[C@H]1c3c(cc(O)c(OC)c3-2)CCN1C,C19H21NO4,327.38,2.87,62.16,2,5,2,2,4,0.368,24,0,0,none,1.0,1.0,1.0,T5720,Trimetazidine,3-KAT (长链硫解酶),部分脂肪酸氧化抑制剂，代谢调节剂,0.237,无明确优势骨架命中,,,0.0,0.2373,c1ccc2c(c1)CC1NCCc3cccc-2c31,0.6186
230,TN6930,21763-80-4,COc1ccc(-c2cc(=O)c3c(O)c(OC)c(OC)cc3o2)cc1OC,C19H18O7,358.35,3.2,87.36,1,7,5,3,3,0.211,26,0,0,none,1.0,1.0,1.0,TN6930,Trimetazidine,3-KAT (长链硫解酶),部分脂肪酸氧化抑制剂，代谢调节剂,0.203,黄酮/黄烷酮母核,AMPK / SREBP-1c,黄酮类多酚激活 AMPK-SIRT1 轴，抑制 SREBP-1c/FAS/ACC 表达并促进脂噬,0.6,0.4734,O=c1cc(-c2ccccc2)oc2ccccc12,0.7367
231,T7300,1196541-47-5,N[C@@H]1CCCN(c2c(Br)cnc3[nH]cc(NC(=O)C4CC4)c23)C1,C16H20BrN5O,378.27,2.6,87.04,3,4,3,2,4,0.5,23,1,0,none,1.0,1.0,1.0,T27407;T7300,PF-06424439 (DGAT2i),DGAT2,二酰甘油酰基转移酶2 抑制剂，直接阻断甘油三酯酯化终末步骤,0.192,无明确优势骨架命中,,,0.0,0.1923,O=C(Nc1c[nH]c2nccc(N3CCCCC3)c12)C1CC1,0.5962
232,T16887,130800-90-7,CN1CCN(c2ncc(-c3cc(Cl)cc(Cl)c3Cl)c(N)n2)CC1,C15H16Cl3N5,372.69,3.44,58.28,1,5,2,2,3,0.333,23,3,0,none,1.0,1.0,1.0,T16887,PF-06424439 (DGAT2i),DGAT2,二酰甘油酰基转移酶2 抑制剂，直接阻断甘油三酯酯化终末步骤,0.188,无明确优势骨架命中,,,0.0,0.1884,c1ccc(-c2cnc(N3CCNCC3)nc2)cc1,0.5942
233,T11235,172377-52-5,C[C@]12CC[C@@H]3c4ccc(OS(N)(=O)=O)cc4CC[C@H]3[C@@H]1CC[C@@H]2O,C18H25NO4S,351.47,2.49,89.62,2,4,2,1,4,0.667,24,0,0,none,1.0,1.0,1.0,T11235,Chenodeoxycholic acid,FXR,内源性 FXR 配体，调控胆汁酸稳态并抑制肝脏脂肪生成,0.175,无明确优势骨架命中,,,0.0,0.175,c1ccc2c(c1)CCC1C2CCC2CCCC21,0.5875
234,T7198,113559-13-0,Cc1cccc(CCN2CCC(C(=O)c3ccc(NS(C)(=O)=O)cc3)CC2)n1,C21H27N3O3S,401.53,2.9,79.37,1,5,7,2,3,0.429,28,0,0,none,1.0,1.0,1.0,T7198,Ranolazine,pFOX / 晚钠电流,部分脂肪酸氧化抑制，改善代谢底物利用,0.205,无明确优势骨架命中,,,0.0,0.2048,O=C(c1ccccc1)C1CCN(CCc2ccccn2)CC1,0.6024
235,T69685,2316782-88-2,CC(CC(=O)NCc1ccc2[nH]c(=O)[nH]c2c1)c1c(F)cccc1F,C18H17F2N3O2,345.35,2.94,77.75,3,2,5,3,3,0.222,25,2,0,none,1.0,1.0,1.0,T69685,Fluvastatin,HMGCR,全合成 HMGCR 抑制剂,0.185,无明确优势骨架命中,,,0.0,0.1852,O=C(CCc1ccccc1)NCc1ccc2[nH]c(=O)[nH]c2c1,0.5926
236,T4399,1378872-36-6,O=C(COc1c(Cl)cc(Cl)cc1Cl)N/N=C/c1ccc[nH]1,C13H10Cl3N3O2,346.6,3.5,66.48,2,3,5,2,2,0.077,21,3,0,none,1.0,1.0,1.0,T4399,VK2809 active acid (MB07344),THR-beta,肝靶向 THR-beta 激动剂活性代谢物；促进脂肪酸氧化与 LDL-C 清除,0.188,无明确优势骨架命中,,,0.0,0.1884,O=C(COc1ccccc1)NN=Cc1ccc[nH]1,0.5942
237,T61028,1933460-19-5,C[C@@H](N)c1cc(Cl)ccc1Cn1c(=S)[nH]c(=O)c2[nH]ccc21,C15H15ClN4OS,334.83,3.11,79.6,3,3,3,3,3,0.2,22,1,0,none,1.0,1.0,1.0,T61028,Resmetirom (MGL-3196),THR-beta,肝脏选择性甲状腺激素受体 beta 激动；上调 CPT1A/线粒体 beta-氧化与脂噬，降低肝内甘油三酯,0.176,无明确优势骨架命中,,,0.0,0.1765,O=c1[nH]c(=S)n(Cc2ccccc2)c2cc[nH]c12,0.5882
238,T33452,460331-61-7,Cc1nc(N2CCN(C(=O)c3ccco3)CC2)c2c3c(sc2n1)CCCC3,C20H22N4O2S,382.49,3.43,62.47,0,6,2,3,5,0.45,27,0,0,none,1.0,1.0,1.0,T33452,PF-06424439 (DGAT2i),DGAT2,二酰甘油酰基转移酶2 抑制剂，直接阻断甘油三酯酯化终末步骤,0.188,哌嗪/哌啶杂芳基甲酰胺,SCD1 / DGAT2,脂质酶抑制剂常见的环胺-酰胺连接模式，倾向作用于 SCD1/DGAT2 等内质网膜结合型脂质合成酶,0.55,0.435,O=C(c1ccco1)N1CCN(c2ncnc3sc4c(c23)CCCC4)CC1,0.7175
239,T0659,7477-67-0,CC1=NN(c2ccccc2)C(=O)C1C1C(=O)N(c2ccccc2)N=C1C,C20H18N4O2,346.39,3.06,65.34,0,4,3,2,4,0.2,26,0,0,none,1.0,1.0,1.0,T0659,Salicylate,"AMPK (direct, beta1)",直接结合 AMPK beta1 变构位点，抑制脂肪生成,0.189,无明确优势骨架命中,,,0.0,0.1892,O=C1C(C2C=NN(c3ccccc3)C2=O)C=NN1c1ccccc1,0.5946
240,TN1834,36150-23-9,COc1ccc([C@H]2OC[C@H]3[C@@H]2CO[C@@H]3c2ccc3c(c2)OCO3)cc1OC,C21H22O6,370.4,3.51,55.38,0,6,4,2,5,0.429,27,0,0,none,1.0,1.0,1.0,TN1834,Berberine,AMPK / PCSK9 / LDLR,原小檗碱型生物碱，激活 AMPK 并稳定 LDLR mRNA，HepG2 经典降脂阳性对照,0.317,无明确优势骨架命中,,,0.0,0.3175,c1ccc(C2OCC3C(c4ccc5c(c4)OCO5)OCC23)cc1,0.6587
241,TN2481,64756-86-1,COc1cc2oc3cc(OC)c(OC)c(OC)c3c(=O)c2cc1OC,C18H18O7,346.34,2.99,76.36,0,7,5,3,3,0.278,25,0,0,none,1.0,1.0,1.0,TN2481,Berberine,AMPK / PCSK9 / LDLR,原小檗碱型生物碱，激活 AMPK 并稳定 LDLR mRNA，HepG2 经典降脂阳性对照,0.206,无明确优势骨架命中,,,0.0,0.2063,O=c1c2ccccc2oc2ccccc12,0.6032
242,T3482,864864-17-5,Cc1c(-c2ccc3c(c2)CN(C2CC2)C3=O)nnn1-c1cccnc1F,C19H16FN5O,349.37,2.9,63.91,0,4,3,3,5,0.263,26,1,0,none,1.0,1.0,1.0,T3482,Fluvastatin,HMGCR,全合成 HMGCR 抑制剂,0.154,哌嗪/哌啶杂芳基甲酰胺,SCD1 / DGAT2,脂质酶抑制剂常见的环胺-酰胺连接模式，倾向作用于 SCD1/DGAT2 等内质网膜结合型脂质合成酶,0.55,0.4013,O=C1c2ccc(-c3cn(-c4cccnc4)nn3)cc2CN1C1CC1,0.7006
243,T4S0794,13063-54-2,COc1cc2c(cc1O)CCN1Cc3c(ccc(OC)c3OC)C[C@H]21,C20H23NO4,341.41,3.07,51.16,1,5,3,2,4,0.4,25,0,0,none,1.0,1.0,1.0,T4S0794,Trimetazidine,3-KAT (长链硫解酶),部分脂肪酸氧化抑制剂，代谢调节剂,0.271,无明确优势骨架命中,,,0.0,0.2712,c1ccc2c(c1)CC1c3ccccc3CCN1C2,0.6356
244,T22391,95510-70-6,COc1ccc2[nH]c(S(=O)Cc3ncc(C)c(OC)c3C)nc2c1,C17H19N3O3S,345.42,2.9,77.1,1,5,5,3,3,0.294,24,0,0,none,1.0,1.0,1.0,T22391,Ranolazine,pFOX / 晚钠电流,部分脂肪酸氧化抑制，改善代谢底物利用,0.169,无明确优势骨架命中,,,0.0,0.1687,O=S(Cc1ccccn1)c1nc2ccccc2[nH]1,0.5844
245,T20812,35575-96-3,COP(=O)(OC)SCn1c(=O)oc2cc(Cl)cnc21,C9H10ClN2O5PS,324.68,2.73,83.56,0,7,5,2,2,0.333,19,1,0,none,1.0,1.0,1.0,T20812,Fenofibric acid,PPAR-alpha,激活 PPAR-alpha 上调 CPT1/ACOX1，增强线粒体与过氧化物酶体脂肪酸氧化,0.18,无明确优势骨架命中,,,0.0,0.1803,O=c1[nH]c2ncccc2o1,0.5901
246,T204712,162650-77-3,CCNc1nc(CC)c(C(=O)NC(C#N)c2cccs2)s1,C14H16N4OS2,320.44,3.19,77.81,2,6,6,2,2,0.357,21,0,0,none,1.0,1.0,1.0,T204712,GW501516,PPAR-delta,PPAR-delta 选择性激动，提升肝与骨骼肌脂肪酸氧化,0.157,无明确优势骨架命中,,,0.0,0.1573,O=C(NCc1cccs1)c1cncs1,0.5786
247,T20155,131926-99-3,Cc1c(OCC(F)(F)F)ccnc1CS(=O)(=O)c1nc2ccccc2[nH]1,C16H14F3N3O3S,385.37,3.18,84.94,1,5,5,3,3,0.25,26,3,0,none,1.0,1.0,1.0,T20155,Telmisartan,PPAR-gamma partial / AT1R,AT1 受体拮抗兼 PPAR-gamma 部分激动，文献报道减轻肝细胞脂肪变,0.185,无明确优势骨架命中,,,0.0,0.1848,O=S(=O)(Cc1ccccn1)c1nc2ccccc2[nH]1,0.5924
248,T23348,874450-44-9,O=C(CCCCN1CCOCC1)Nc1ccc(-c2cccnc2)cc1,C20H25N3O2,339.44,3.19,54.46,1,4,7,2,3,0.4,25,0,0,none,1.0,1.0,1.0,T23348,Nicotinic acid (Niacin),HCAR2 / DGAT2,抑制脂肪组织脂解并弱抑制 DGAT2，减少肝内 VLDL 底物供应,0.259,无明确优势骨架命中,,,0.0,0.2593,O=C(CCCCN1CCOCC1)Nc1ccc(-c2cccnc2)cc1,0.6296
249,T0674,103577-45-3,Cc1c(OCC(F)(F)F)ccnc1CS(=O)c1nc2ccccc2[nH]1,C16H14F3N3O2S,369.37,3.52,67.87,1,4,5,3,3,0.25,25,3,0,none,0.9999,1.0,1.0,T0674;T21651,GW501516,PPAR-delta,PPAR-delta 选择性激动，提升肝与骨骼肌脂肪酸氧化,0.198,无明确优势骨架命中,,,0.0,0.1977,O=S(Cc1ccccn1)c1nc2ccccc2[nH]1,0.5988
250,T2S2169,38302-15-7,COc1ccc([C@@H]2CC(=O)c3c(OC)cc(OC)cc3O2)cc1,C18H18O5,314.34,3.42,53.99,0,5,4,2,3,0.278,23,0,0,none,1.0,1.0,1.0,T2S2169,Naringenin,PPAR-alpha / SREBP,柑橘黄烷酮，抑制脂肪生成基因并促进脂肪酸氧化,0.469,黄酮/黄烷酮母核,AMPK / SREBP-1c,黄酮类多酚激活 AMPK-SIRT1 轴，抑制 SREBP-1c/FAS/ACC 表达并促进脂噬,0.6,0.7394,O=C1CC(c2ccccc2)Oc2ccccc21,0.8697
251,T33581,42050-23-7,CC(C)(C)NCC(O)COc1ccc(O)c2c1C1CCC2CC1,C19H29NO3,319.45,3.27,61.72,3,4,5,1,4,0.684,23,0,0,none,1.0,1.0,1.0,T33581,Ranolazine,pFOX / 晚钠电流,部分脂肪酸氧化抑制，改善代谢底物利用,0.239,无明确优势骨架命中,,,0.0,0.2394,c1ccc2c(c1)C1CCC2CC1,0.6197
252,T3S1089,487-39-8,COc1cc([C@H]2OC[C@H]3[C@@H]2CO[C@H]3c2ccc(OC)c(OC)c2)ccc1O,C21H24O6,372.42,3.49,66.38,1,6,5,2,4,0.429,27,0,0,none,1.0,1.0,1.0,T3S1089,Naringenin,PPAR-alpha / SREBP,柑橘黄烷酮，抑制脂肪生成基因并促进脂肪酸氧化,0.218,无明确优势骨架命中,,,0.0,0.2182,c1ccc(C2OCC3C(c4ccccc4)OCC23)cc1,0.6091
253,T71924L,162705-22-8,COc1ccc(/C=C\c2cc(OC)c(OC)c(OC)c2)cc1N,C18H21NO4,315.37,3.47,62.94,1,5,6,2,2,0.222,23,0,0,none,1.0,1.0,1.0,T71924L,Trimetazidine,3-KAT (长链硫解酶),部分脂肪酸氧化抑制剂，代谢调节剂,0.25,无明确优势骨架命中,,,0.0,0.25,C(=Cc1ccccc1)c1ccccc1,0.625
254,T69730,2250261-59-5,O=C(Nc1ccc(N2CCCC2=O)cc1)c1cnc(-c2ccccn2)nc1,C20H17N5O2,359.39,2.92,88.08,1,5,4,3,4,0.15,27,0,0,none,1.0,1.0,1.0,T69730,Nicotinic acid (Niacin),HCAR2 / DGAT2,抑制脂肪组织脂解并弱抑制 DGAT2，减少肝内 VLDL 底物供应,0.236,无明确优势骨架命中,,,0.0,0.2364,O=C(Nc1ccc(N2CCCC2=O)cc1)c1cnc(-c2ccccn2)nc1,0.6182
255,T67828,1152747-82-4,C[C@@H]1CCCN1CCCOc1ccc(-n2cc(C(=O)N3CCOCC3)cn2)cc1,C22H30N4O3,398.51,2.6,59.83,0,5,7,2,4,0.545,29,0,0,none,1.0,1.0,1.0,T67828;T70489,PF-06424439 (DGAT2i),DGAT2,二酰甘油酰基转移酶2 抑制剂，直接阻断甘油三酯酯化终末步骤,0.32,哌嗪/哌啶杂芳基甲酰胺,SCD1 / DGAT2,脂质酶抑制剂常见的环胺-酰胺连接模式，倾向作用于 SCD1/DGAT2 等内质网膜结合型脂质合成酶,0.55,0.5675,O=C(c1cnn(-c2ccc(OCCCN3CCCC3)cc2)c1)N1CCOCC1,0.7837
256,T7281,635323-95-4,Cc1cnc(CNCC2(F)CCN(C(=O)c3ccc(F)c(Cl)c3)CC2)nc1,C19H21ClF2N4O,394.85,3.31,58.12,1,4,5,2,3,0.421,27,3,0,none,1.0,1.0,1.0,T7281,PF-06424439 (DGAT2i),DGAT2,二酰甘油酰基转移酶2 抑制剂，直接阻断甘油三酯酯化终末步骤,0.218,哌嗪/哌啶杂芳基甲酰胺,SCD1 / DGAT2,脂质酶抑制剂常见的环胺-酰胺连接模式，倾向作用于 SCD1/DGAT2 等内质网膜结合型脂质合成酶,0.55,0.4654,O=C(c1ccccc1)N1CCC(CNCc2ncccn2)CC1,0.7327
257,T33513,135980-66-4,CCCCN1C(=O)c2cccc3c(S(C)(=O)=O)ccc(c23)C1=O,C17H17NO4S,331.39,2.64,71.52,0,4,4,2,3,0.294,23,0,0,none,1.0,1.0,1.0,T33513,Telmisartan,PPAR-gamma partial / AT1R,AT1 受体拮抗兼 PPAR-gamma 部分激动，文献报道减轻肝细胞脂肪变,0.167,哌嗪/哌啶杂芳基甲酰胺,SCD1 / DGAT2,脂质酶抑制剂常见的环胺-酰胺连接模式，倾向作用于 SCD1/DGAT2 等内质网膜结合型脂质合成酶,0.55,0.4142,O=C1NC(=O)c2cccc3cccc1c23,0.7071
258,T61933,2641484-61-7,COCCO[C@H]1CC[C@H](NC(=O)c2cc(-c3cncs3)nc3[nH]ccc23)CC1,C20H24N4O3S,400.5,3.39,89.13,2,6,7,3,4,0.45,28,0,0,none,1.0,1.0,1.0,T61933,TVB-2640 (Denifanstat),FASN,脂肪酸合酶 beta-酮脂酰还原酶结构域抑制剂，直接阻断棕榈酸从头合成,0.229,无明确优势骨架命中,,,0.0,0.2292,O=C(NC1CCCCC1)c1cc(-c2cncs2)nc2[nH]ccc12,0.6146
259,T2138,125-52-0,CN1CCCN=C1COC(=O)C(O)(c1ccccc1)C1CCCCC1,C20H28N2O3,344.46,2.73,62.13,1,5,5,1,3,0.6,25,0,0,none,1.0,1.0,1.0,T2138,Ervogastat (PF-06865571),DGAT2,口服 DGAT2 抑制剂，降低肝内甘油三酯合成与 VLDL 分泌,0.185,无明确优势骨架命中,,,0.0,0.1852,O=C(OCC1=NCCCN1)C(c1ccccc1)C1CCCCC1,0.5926
260,T35868,1800024-45-6,CCCc1cc(=O)n2nc(NCc3c(F)cc(Cl)cc3F)c(C#N)c2[nH]1,C17H14ClF2N5O,377.78,3.39,85.98,2,4,5,3,3,0.235,26,3,0,none,1.0,1.0,1.0,T35868,Resmetirom (MGL-3196),THR-beta,肝脏选择性甲状腺激素受体 beta 激动；上调 CPT1A/线粒体 beta-氧化与脂噬，降低肝内甘油三酯,0.193,无明确优势骨架命中,,,0.0,0.1932,O=c1cc[nH]c2cc(NCc3ccccc3)nn12,0.5966
261,T2093,928774-43-0,Cc1cn2cc(C(=O)N(C)CCO)cc(N[C@@H]3CCOc4cccc(C)c43)c2n1,C22H26N4O3,394.48,2.95,79.1,2,5,5,3,4,0.364,29,0,0,none,1.0,1.0,1.0,T2093,PF-06424439 (DGAT2i),DGAT2,二酰甘油酰基转移酶2 抑制剂，直接阻断甘油三酯酯化终末步骤,0.182,无明确优势骨架命中,,,0.0,0.1818,c1ccc2c(c1)OCCC2Nc1cccn2ccnc12,0.5909
262,T7199,1222780-33-7,CCC(=O)N1CCC(NC(=O)Nc2ccc(OC(F)(F)F)cc2)CC1,C16H20F3N3O3,359.35,3.11,70.67,2,3,4,1,2,0.5,25,3,0,none,1.0,1.0,1.0,T7199,TVB-2640 (Denifanstat),FASN,脂肪酸合酶 beta-酮脂酰还原酶结构域抑制剂，直接阻断棕榈酸从头合成,0.351,无明确优势骨架命中,,,0.0,0.3506,O=C(Nc1ccccc1)NC1CCNCC1,0.6753
263,T11501,2361146-30-5,CNC(=O)c1ccc2c(c1)ncn2-c1ccc(CC(=O)OC(C)(C)C)cc1,C21H23N3O3,365.43,3.27,73.22,1,4,4,3,3,0.286,27,0,0,none,1.0,1.0,1.0,T11501,Bezafibrate,PPAR pan,泛 PPAR 弱激动剂，降低血浆与肝内甘油三酯,0.233,无明确优势骨架命中,,,0.0,0.2329,c1ccc(-n2cnc3ccccc32)cc1,0.6164
264,T4345,440662-09-9,Cn1cc(C(=O)Nc2ccc3c(c2)OCCO3)c2ccccc2c1=O,C19H16N2O4,336.35,2.56,69.56,1,4,2,3,4,0.158,25,0,0,none,1.0,1.0,1.0,T4345,ACC inhibitor chemotype (firsocostat-like proxy),ACC1/ACC2,变构抑制乙酰辅酶A羧化酶，降低丙二酰辅酶A、阻断新发脂质合成(DNL)并解除 CPT1 抑制,0.237,无明确优势骨架命中,,,0.0,0.2368,O=C(Nc1ccc2c(c1)OCCO2)c1c[nH]c(=O)c2ccccc12,0.6184
265,T67749,141283-87-6,CCS(=O)(=O)Nc1ncc(C(F)(F)F)cc1NC(=O)C1CCCCC1,C15H20F3N3O3S,379.4,3.38,88.16,2,4,5,1,2,0.6,25,3,0,none,1.0,1.0,1.0,T67749,Ervogastat (PF-06865571),DGAT2,口服 DGAT2 抑制剂，降低肝内甘油三酯合成与 VLDL 分泌,0.267,无明确优势骨架命中,,,0.0,0.2667,O=C(Nc1cccnc1)C1CCCCC1,0.6334
266,TN4371,1098-92-6,COc1ccc(-c2oc3cc(OC)cc(OC)c3c(=O)c2O)cc1,C18H16O6,328.32,3.19,78.13,1,6,4,3,3,0.167,24,0,0,none,1.0,1.0,1.0,TN4371,ACC inhibitor chemotype (firsocostat-like proxy),ACC1/ACC2,变构抑制乙酰辅酶A羧化酶，降低丙二酰辅酶A、阻断新发脂质合成(DNL)并解除 CPT1 抑制,0.189,黄酮/黄烷酮母核,AMPK / SREBP-1c,黄酮类多酚激活 AMPK-SIRT1 轴，抑制 SREBP-1c/FAS/ACC 表达并促进脂噬,0.6,0.4592,O=c1cc(-c2ccccc2)oc2ccccc12,0.7296
267,TN2869,65548-55-2,COc1ccc(-c2cc(=O)c3ccc(OC)c(OC)c3o2)cc1OC,C19H18O6,342.35,3.49,67.13,0,6,5,3,3,0.211,25,0,0,none,1.0,1.0,1.0,TN2869,Berberine,AMPK / PCSK9 / LDLR,原小檗碱型生物碱，激活 AMPK 并稳定 LDLR mRNA，HepG2 经典降脂阳性对照,0.242,黄酮/黄烷酮母核,AMPK / SREBP-1c,黄酮类多酚激活 AMPK-SIRT1 轴，抑制 SREBP-1c/FAS/ACC 表达并促进脂噬,0.6,0.5124,O=c1cc(-c2ccccc2)oc2ccccc12,0.7562
268,T15635,1672691-74-5,CN(C(=O)Oc1nsnc1N1CCOCC1)C1CCCCCCC1,C16H26N4O3S,354.48,2.92,67.79,0,7,3,1,3,0.812,24,0,0,none,1.0,1.0,1.0,T15635,PF-06424439 (DGAT2i),DGAT2,二酰甘油酰基转移酶2 抑制剂，直接阻断甘油三酯酯化终末步骤,0.303,无明确优势骨架命中,,,0.0,0.303,O=C(NC1CCCCCCC1)Oc1nsnc1N1CCOCC1,0.6515
269,T7207,116686-15-8,CC(=O)c1ccc(NS(C)(=O)=O)c(Oc2ccc(F)cc2F)c1,C15H13F2NO4S,341.33,3.33,72.47,1,4,5,2,2,0.133,23,2,0,none,1.0,1.0,1.0,T7207,Bezafibrate,PPAR pan,泛 PPAR 弱激动剂，降低血浆与肝内甘油三酯,0.171,无明确优势骨架命中,,,0.0,0.1714,c1ccc(Oc2ccccc2)cc1,0.5857
270,T7309,174634-09-4,CN(C)CCNc1nc2cc(O)ccc2c2c1C(=O)c1ccccc1-2,C20H19N3O2,333.39,3.13,65.46,2,5,4,3,4,0.2,25,0,0,none,1.0,1.0,1.0,T7309,Rosiglitazone,PPAR-gamma,TZD 类 PPAR-gamma 全激动剂，改善胰岛素抵抗与肝内脂肪蓄积,0.175,无明确优势骨架命中,,,0.0,0.175,O=C1c2ccccc2-c2c1cnc1ccccc21,0.5875
271,T2002,1255517-76-0,CCc1cncnc1N1CCN(Cc2nc3ccc(C(F)(F)F)cc3[nH]2)CC1,C19H21F3N6,390.41,3.26,60.94,1,5,4,3,4,0.421,28,3,0,none,1.0,1.0,1.0,T2002,Ervogastat (PF-06865571),DGAT2,口服 DGAT2 抑制剂，降低肝内甘油三酯合成与 VLDL 分泌,0.229,无明确优势骨架命中,,,0.0,0.2289,c1ccc2[nH]c(CN3CCN(c4ccncn4)CC3)nc2c1,0.6144
272,T10435,248919-64-4,Cc1cccc(C)c1CNc1cc(C(=O)NCCO)cn2c(C)c(C)nc12,C21H26N4O2,366.47,2.9,78.66,3,4,6,3,3,0.333,27,0,0,none,1.0,1.0,1.0,T10435,Bezafibrate,PPAR pan,泛 PPAR 弱激动剂，降低血浆与肝内甘油三酯,0.197,无明确优势骨架命中,,,0.0,0.1974,c1ccc(CNc2cccn3ccnc23)cc1,0.5987
273,T2S0223,17290-70-9,COc1ccc(-c2cc(=O)c3c(OC)cc(OC)c(OC)c3o2)cc1OC,C20H20O7,372.37,3.5,76.36,0,7,6,3,3,0.25,27,0,0,none,1.0,1.0,1.0,T2S0223,Trimetazidine,3-KAT (长链硫解酶),部分脂肪酸氧化抑制剂，代谢调节剂,0.214,黄酮/黄烷酮母核,AMPK / SREBP-1c,黄酮类多酚激活 AMPK-SIRT1 轴，抑制 SREBP-1c/FAS/ACC 表达并促进脂噬,0.6,0.4843,O=c1cc(-c2ccccc2)oc2ccccc12,0.7422
274,TN2058,28590-40-1,COc1cc(O)c2c(c1)O[C@H](c1ccc(OC)c(O)c1)CC2=O,C17H16O6,316.31,2.82,85.22,2,6,3,2,3,0.235,23,0,0,none,1.0,1.0,1.0,TN2058,Naringenin,PPAR-alpha / SREBP,柑橘黄烷酮，抑制脂肪生成基因并促进脂肪酸氧化,0.571,黄酮/黄烷酮母核,AMPK / SREBP-1c,黄酮类多酚激活 AMPK-SIRT1 轴，抑制 SREBP-1c/FAS/ACC 表达并促进脂噬,0.6,0.82,O=C1CC(c2ccccc2)Oc2ccccc21,0.91
275,T203076,708245-32-3,COc1ccccc1C(=O)Nc1ccc(S(=O)(=O)N2CCCC2)cc1,C18H20N2O4S,360.44,2.73,75.71,1,4,5,2,3,0.278,25,0,0,none,1.0,1.0,1.0,T203076,Ranolazine,pFOX / 晚钠电流,部分脂肪酸氧化抑制，改善代谢底物利用,0.282,无明确优势骨架命中,,,0.0,0.2817,O=C(Nc1ccc(S(=O)(=O)N2CCCC2)cc1)c1ccccc1,0.6408
276,T12779,90807-98-0,COc1nc2nc(C(=O)c3ccccc3)cn2c2c1CCCC2,C18H17N3O2,307.35,2.85,56.49,0,4,3,3,4,0.278,23,0,0,none,1.0,1.0,1.0,T12779,ACC inhibitor chemotype (firsocostat-like proxy),ACC1/ACC2,变构抑制乙酰辅酶A羧化酶，降低丙二酰辅酶A、阻断新发脂质合成(DNL)并解除 CPT1 抑制,0.221,无明确优势骨架命中,,,0.0,0.2208,O=C(c1ccccc1)c1cn2c3c(cnc2n1)CCCC3,0.6104
277,T18707,890409-85-5,CC(C)(CCC(=O)ON1C(=O)CCC1=O)SSc1ccccn1,C15H18N2O4S2,354.45,2.99,76.57,0,7,7,1,2,0.467,23,0,0,none,1.0,1.0,1.0,T18707,Rosiglitazone,PPAR-gamma,TZD 类 PPAR-gamma 全激动剂，改善胰岛素抵抗与肝内脂肪蓄积,0.208,无明确优势骨架命中,,,0.0,0.2078,O=C(CCCSSc1ccccn1)ON1C(=O)CCC1=O,0.6039
278,TN3207,70987-96-1,COc1cc(O)c2c(c1)O[C@H](c1ccc(OC)c(OC)c1)CC2=O,C18H18O6,330.34,3.12,74.22,1,6,4,2,3,0.278,24,0,0,none,1.0,1.0,1.0,TN3207,Naringenin,PPAR-alpha / SREBP,柑橘黄烷酮，抑制脂肪生成基因并促进脂肪酸氧化,0.571,黄酮/黄烷酮母核,AMPK / SREBP-1c,黄酮类多酚激活 AMPK-SIRT1 轴，抑制 SREBP-1c/FAS/ACC 表达并促进脂噬,0.6,0.82,O=C1CC(c2ccccc2)Oc2ccccc21,0.91
279,T73462,1424371-93-6,Cc1ccc([C@H]2C[C@@H]2COc2cc(NCc3nnc(C)s3)nc(C)n2)nc1,C19H22N6OS,382.49,3.44,85.71,1,8,7,3,4,0.421,27,0,0,none,1.0,1.0,1.0,T73462,Gemfibrozil,PPAR-alpha,苯氧戊酸类 PPAR-alpha 激动剂，抑制肝脏 VLDL-TG 分泌,0.141,无明确优势骨架命中,,,0.0,0.141,c1ccc(C2CC2COc2cc(NCc3nncs3)ncn2)nc1,0.5705
280,T19636,65847-85-0,O=C(OCCN1CCOCC1)c1cccnc1Nc1cccc(C(F)(F)F)c1,C19H20F3N3O3,395.38,3.33,63.69,1,6,6,2,3,0.368,28,3,0,none,1.0,1.0,1.0,T19636,Ervogastat (PF-06865571),DGAT2,口服 DGAT2 抑制剂，降低肝内甘油三酯合成与 VLDL 分泌,0.253,无明确优势骨架命中,,,0.0,0.253,O=C(OCCN1CCOCC1)c1cccnc1Nc1ccccc1,0.6265
281,T26086L,184653-89-2,CC1(C)Oc2ccc(S(=O)(=O)c3ccccc3)cc2[C@H](N2CCCC2=O)[C@H]1O,C21H23NO5S,401.48,2.71,83.91,1,5,3,2,4,0.381,28,0,0,none,1.0,1.0,1.0,T26086L,Lanifibranor,PPAR pan (alpha/delta/gamma),泛 PPAR 激动，促进 beta-氧化、抑制脂肪生成与炎症纤维化,0.237,无明确优势骨架命中,,,0.0,0.2368,O=C1CCCN1C1CCOc2ccc(S(=O)(=O)c3ccccc3)cc21,0.6184
282,T2093L,928774-44-1,Cc1cn2cc(C(=O)N(C)CCO)cc(N[C@H]3CCOc4cccc(C)c43)c2n1,C22H26N4O3,394.48,2.95,79.1,2,5,5,3,4,0.364,29,0,0,none,1.0,1.0,1.0,T2093L,PF-06424439 (DGAT2i),DGAT2,二酰甘油酰基转移酶2 抑制剂，直接阻断甘油三酯酯化终末步骤,0.182,无明确优势骨架命中,,,0.0,0.1818,c1ccc2c(c1)OCCC2Nc1cccn2ccnc12,0.5909
283,T2S0663,82354-38-9,CCC1=N[C@H]2C[C@@]3(C(=O)N(OC)c4ccccc43)[C@H]3C[C@@H]1[C@@H]2CO3,C19H22N2O3,326.4,2.49,51.13,0,4,2,1,6,0.579,24,0,0,none,1.0,1.0,1.0,T2S0663,Pioglitazone,PPAR-gamma,噻唑烷二酮胰岛素增敏剂，促进脂肪组织脂质再分布、降低肝细胞脂毒性,0.153,无明确优势骨架命中,,,0.0,0.1529,O=C1Nc2ccccc2C12CC1N=CC3CC2OCC31,0.5764
284,T28270,137275-80-0,c1ccc2c(c1)OC[C@H](CNCCCOc1ccc3c(c1)OCO3)O2,C19H21NO5,343.38,2.61,58.18,1,6,7,2,4,0.368,25,0,0,none,1.0,1.0,1.0,T28270,Berberine,AMPK / PCSK9 / LDLR,原小檗碱型生物碱，激活 AMPK 并稳定 LDLR mRNA，HepG2 经典降脂阳性对照,0.184,无明确优势骨架命中,,,0.0,0.1842,c1ccc2c(c1)OCC(CNCCCOc1ccc3c(c1)OCO3)O2,0.5921
285,T2028,212779-48-1,CC(C)n1cnc2c(Nc3cccc(Cl)c3)nc(NCCO)nc21,C16H19ClN6O,346.82,3.21,87.89,3,6,6,3,3,0.312,24,1,0,none,1.0,1.0,1.0,T2028,GW4064,FXR,非甾体高效 FXR 激动剂工具化合物，抑制 DNL 相关转录程序,0.153,无明确优势骨架命中,,,0.0,0.1531,c1ccc(Nc2ncnc3[nH]cnc23)cc1,0.5766
286,T1972,901245-65-6,COc1ccccc1C(=O)Nc1cc2c(cc1N1CCCCC1)n(C)c(=O)n2C,C22H26N4O3,394.48,3.13,68.5,1,4,4,3,4,0.364,29,0,0,none,1.0,1.0,1.0,T1972,Ranolazine,pFOX / 晚钠电流,部分脂肪酸氧化抑制，改善代谢底物利用,0.263,无明确优势骨架命中,,,0.0,0.2632,O=C(Nc1cc2[nH]c(=O)[nH]c2cc1N1CCCCC1)c1ccccc1,0.6316
287,T1971,1123231-07-1,NCC1CCN(c2nccc(-c3ccc4ccccc4c3)n2)CC1,C20H22N4,318.42,3.47,55.04,1,4,3,3,4,0.3,24,0,0,none,1.0,1.0,1.0,T1971,TVB-2640 (Denifanstat),FASN,脂肪酸合酶 beta-酮脂酰还原酶结构域抑制剂，直接阻断棕榈酸从头合成,0.202,无明确优势骨架命中,,,0.0,0.2024,c1ccc2cc(-c3ccnc(N4CCCCC4)n3)ccc2c1,0.6012
288,T1973,900305-37-5,COc1ccccc1C(=O)Nc1cc2c(cc1N1CCCC1)n(C)c(=O)n2C,C21H24N4O3,380.45,2.74,68.5,1,4,4,3,4,0.333,28,0,0,none,1.0,1.0,1.0,T1973,Ranolazine,pFOX / 晚钠电流,部分脂肪酸氧化抑制，改善代谢底物利用,0.267,无明确优势骨架命中,,,0.0,0.2667,O=C(Nc1cc2[nH]c(=O)[nH]c2cc1N1CCCC1)c1ccccc1,0.6334
289,T61934,144980-29-0,O=C1c2ccccc2S(=O)(=O)N1CCCCNC[C@H]1CCc2ccccc2O1,C21H24N2O4S,400.5,2.59,75.71,1,5,7,2,4,0.381,28,0,0,none,1.0,1.0,1.0,T28518;T61934,Naringenin,PPAR-alpha / SREBP,柑橘黄烷酮，抑制脂肪生成基因并促进脂肪酸氧化,0.147,哌嗪/哌啶杂芳基甲酰胺,SCD1 / DGAT2,脂质酶抑制剂常见的环胺-酰胺连接模式，倾向作用于 SCD1/DGAT2 等内质网膜结合型脂质合成酶,0.55,0.3942,O=C1c2ccccc2S(=O)(=O)N1CCCCNCC1CCc2ccccc2O1,0.6971
290,T3544,2200214-93-1,CC1(N)CCN(c2cnc(-c3cccc(Cl)c3Cl)c(N)n2)CC1,C16H19Cl2N5,352.27,3.35,81.06,2,5,2,2,3,0.375,23,2,0,none,1.0,1.0,1.0,T3544;T3564,GW4064,FXR,非甾体高效 FXR 激动剂工具化合物，抑制 DNL 相关转录程序,0.152,无明确优势骨架命中,,,0.0,0.1522,c1ccc(-c2cnc(N3CCCCC3)cn2)cc1,0.5761
291,T3542,376638-65-2,CCN(CC)C(=O)Cc1csc(NS(=O)(=O)c2cccc(Cl)c2C)n1,C16H20ClN3O3S2,401.94,3.32,79.37,1,5,7,2,2,0.375,25,1,0,none,1.0,1.0,1.0,T3542,Lanifibranor,PPAR pan (alpha/delta/gamma),泛 PPAR 激动，促进 beta-氧化、抑制脂肪生成与炎症纤维化,0.205,无明确优势骨架命中,,,0.0,0.2051,O=S(=O)(Nc1nccs1)c1ccccc1,0.6026
292,T3539,1445605-23-1,NC(=O)[C@@H]1CCCC[C@@H]1C(=O)Nc1ccc(Cl)c(Cl)c1,C14H16Cl2N2O2,315.2,3.22,72.19,2,2,3,1,2,0.429,20,2,0,none,1.0,1.0,1.0,T3539,Fenretinide (4-HPR),DES1 / RBP4,视黄酰胺，抑制二氢神经酰胺去饱和酶，改善肝脂肪变,0.162,无明确优势骨架命中,,,0.0,0.1622,O=C(Nc1ccccc1)C1CCCCC1,0.5811
293,T64331,71989-31-6,O=C(O)[C@@H]1CCCN1C(=O)OCC1c2ccccc2-c2ccccc21,C20H19NO4,337.37,3.48,66.84,1,3,3,2,4,0.3,25,0,0,none,1.0,1.0,1.0,T64331,Salicylate,"AMPK (direct, beta1)",直接结合 AMPK beta1 变构位点，抑制脂肪生成,0.188,无明确优势骨架命中,,,0.0,0.1875,O=C(OCC1c2ccccc2-c2ccccc21)N1CCCC1,0.5938
294,T16802,91431-42-4,COc1c(OC)c(OC(C)=O)c2cc(Cl)ccc2c1OC(C)=O,C16H15ClO6,338.74,3.36,71.06,0,6,4,2,2,0.25,23,1,0,none,1.0,1.0,1.0,T16802,Fenofibric acid,PPAR-alpha,激活 PPAR-alpha 上调 CPT1/ACOX1，增强线粒体与过氧化物酶体脂肪酸氧化,0.277,无明确优势骨架命中,,,0.0,0.2766,c1ccc2ccccc2c1,0.6383
295,T34994,364321-71-1,CSc1ccc(Oc2ccc(S(N)(=O)=O)cc2CN(C)C)cc1,C16H20N2O3S2,352.48,2.91,72.63,1,5,6,2,2,0.25,23,0,0,none,1.0,1.0,1.0,T34994,Elafibranor,PPAR-alpha/delta,双重 PPAR-alpha/delta 激动，提升脂肪酸氧化并抑制脂肪生成,0.217,无明确优势骨架命中,,,0.0,0.2174,c1ccc(Oc2ccccc2)cc1,0.6087
296,T12733,808732-98-1,Cc1ccc(COC(=O)N2CC[C@H](CNc3ncccn3)[C@H](F)C2)cc1,C19H23FN4O2,358.42,3.19,67.35,1,5,5,2,3,0.421,26,1,0,none,1.0,1.0,1.0,T12733,Ervogastat (PF-06865571),DGAT2,口服 DGAT2 抑制剂，降低肝内甘油三酯合成与 VLDL 分泌,0.235,无明确优势骨架命中,,,0.0,0.2346,O=C(OCc1ccccc1)N1CCC(CNc2ncccn2)CC1,0.6173
297,T36310,1430056-54-4,Cn1ncc(C#N)c1-c1ccc2c(c1)CN([C@H](CN)Cc1cccc(F)c1)C2=O,C22H20FN5O,389.43,2.62,87.94,1,4,5,3,4,0.227,29,1,0,none,1.0,1.0,1.0,T36310,Atorvastatin,HMGCR,HMG-CoA 还原酶抑制，降低胆固醇合成并上调 LDLR,0.178,哌嗪/哌啶杂芳基甲酰胺,SCD1 / DGAT2,脂质酶抑制剂常见的环胺-酰胺连接模式，倾向作用于 SCD1/DGAT2 等内质网膜结合型脂质合成酶,0.55,0.4257,O=C1c2ccc(-c3ccn[nH]3)cc2CN1CCc1ccccc1,0.7128
298,T67705,1144075-32-0,CNC(=O)Nc1ccc(-c2nc(N3CC4CCC(C3)O4)c3sccc3n2)cc1,C20H21N5O2S,395.49,3.48,79.38,2,6,3,3,5,0.35,28,0,0,none,1.0,1.0,1.0,T67705,PF-06424439 (DGAT2i),DGAT2,二酰甘油酰基转移酶2 抑制剂，直接阻断甘油三酯酯化终末步骤,0.173,无明确优势骨架命中,,,0.0,0.1728,c1ccc(-c2nc(N3CC4CCC(C3)O4)c3sccc3n2)cc1,0.5864
299,T6655,261901-57-9,CC1CCN(CC[C@H]2CCCN2S(=O)(=O)c2cccc(O)c2)CC1,C18H28N2O3S,352.5,2.67,60.85,1,4,5,1,3,0.667,24,0,0,none,1.0,1.0,1.0,T6655,Lanifibranor,PPAR pan (alpha/delta/gamma),泛 PPAR 激动，促进 beta-氧化、抑制脂肪生成与炎症纤维化,0.216,无明确优势骨架命中,,,0.0,0.2162,O=S(=O)(c1ccccc1)N1CCCC1CCN1CCCCC1,0.6081
300,T13055,1422535-52-1,Cn1cc(C(=O)Nc2ccc([C@@H]3C[C@H]3NCC3CC3)cc2)cn1,C18H22N4O,310.4,2.53,58.95,2,3,6,2,4,0.444,23,0,0,none,1.0,1.0,1.0,T13055,Atorvastatin,HMGCR,HMG-CoA 还原酶抑制，降低胆固醇合成并上调 LDLR,0.195,无明确优势骨架命中,,,0.0,0.1954,O=C(Nc1ccc(C2CC2NCC2CC2)cc1)c1cn[nH]c1,0.5977
301,T8423,1386162-69-1,COc1ccc(OCCN2CCN(C(=O)c3cc4ccccc4[nH]3)CC2)cc1,C22H25N3O3,379.46,3.01,57.8,1,4,6,3,4,0.318,28,0,0,none,1.0,1.0,1.0,T8423,Ranolazine,pFOX / 晚钠电流,部分脂肪酸氧化抑制，改善代谢底物利用,0.244,哌嗪/哌啶杂芳基甲酰胺,SCD1 / DGAT2,脂质酶抑制剂常见的环胺-酰胺连接模式，倾向作用于 SCD1/DGAT2 等内质网膜结合型脂质合成酶,0.55,0.4911,O=C(c1cc2ccccc2[nH]1)N1CCN(CCOc2ccccc2)CC1,0.7455
302,T25528,870768-70-0,CN(CC(=O)Nc1ccc(F)c(F)c1F)C(=O)c1ccc2c(c1)OCCO2,C18H15F3N2O4,380.32,2.59,67.87,1,4,4,2,3,0.222,27,3,0,none,1.0,1.0,1.0,T25528,Bezafibrate,PPAR pan,泛 PPAR 弱激动剂，降低血浆与肝内甘油三酯,0.173,无明确优势骨架命中,,,0.0,0.1733,O=C(CNC(=O)c1ccc2c(c1)OCCO2)Nc1ccccc1,0.5866
303,T77550,70877-75-7,C=C[C@H]1C[N@]2CC[C@H]1C[C@@H]2[C@@H](O)c1ccnc2ccc(O)cc12,C19H22N2O2,310.4,2.87,56.59,2,4,3,2,5,0.421,23,0,0,none,1.0,1.0,1.0,T77550,Ezetimibe,NPC1L1,抑制胆固醇再摄取，降低肝内胆固醇酯负荷,0.148,无明确优势骨架命中,,,0.0,0.1481,c1ccc2c(CC3CC4CCN3CC4)ccnc2c1,0.574
304,T77551,5962-19-6,CC[C@H]1C[N@]2CC[C@H]1C[C@H]2[C@H](O)c1ccnc2ccc(O)cc12,C19H24N2O2,312.41,3.09,56.59,2,4,3,2,5,0.526,23,0,0,none,1.0,1.0,1.0,T77551,Ezetimibe,NPC1L1,抑制胆固醇再摄取，降低肝内胆固醇酯负荷,0.16,无明确优势骨架命中,,,0.0,0.1605,c1ccc2c(CC3CC4CCN3CC4)ccnc2c1,0.5802
305,T3986,1174428-47-7,O=c1cc(N2CCOCC2)oc2c(-c3ccc4c(c3)OCCO4)csc12,C19H17NO5S,371.41,3.13,61.14,0,7,2,3,5,0.316,26,0,0,none,1.0,1.0,1.0,T3986,PF-06424439 (DGAT2i),DGAT2,二酰甘油酰基转移酶2 抑制剂，直接阻断甘油三酯酯化终末步骤,0.173,无明确优势骨架命中,,,0.0,0.1733,O=c1cc(N2CCOCC2)oc2c(-c3ccc4c(c3)OCCO4)csc12,0.5866
306,T39252L,1818253-48-3,O=C(NC1CCOCC1)c1csc([C@H]2C[C@@H]2NCC2CC2)c1,C17H24N2O2S,320.46,2.51,50.36,2,4,6,1,4,0.706,22,0,0,none,1.0,1.0,1.0,T39252L,TVB-2640 (Denifanstat),FASN,脂肪酸合酶 beta-酮脂酰还原酶结构域抑制剂，直接阻断棕榈酸从头合成,0.235,无明确优势骨架命中,,,0.0,0.2353,O=C(NC1CCOCC1)c1csc(C2CC2NCC2CC2)c1,0.6176
307,T8694,774589-47-8,CC(=O)c1ccc(N2CCN(C(=O)c3ccc4c(c3)OCO4)CC2)cc1,C20H20N2O4,352.39,2.58,59.08,0,5,3,2,4,0.3,26,0,0,none,1.0,1.0,1.0,T8694,PF-06424439 (DGAT2i),DGAT2,二酰甘油酰基转移酶2 抑制剂，直接阻断甘油三酯酯化终末步骤,0.286,哌嗪/哌啶杂芳基甲酰胺,SCD1 / DGAT2,脂质酶抑制剂常见的环胺-酰胺连接模式，倾向作用于 SCD1/DGAT2 等内质网膜结合型脂质合成酶,0.55,0.5332,O=C(c1ccc2c(c1)OCO2)N1CCN(c2ccccc2)CC1,0.7666
308,T13381,1005883-72-6,CCOC(=O)c1ccc(NC(=O)NCc2ccc(-n3cccn3)cc2)cc1,C20H20N4O3,364.41,3.37,85.25,2,4,6,3,3,0.15,27,0,0,none,1.0,1.0,1.0,T13381,Bezafibrate,PPAR pan,泛 PPAR 弱激动剂，降低血浆与肝内甘油三酯,0.2,无明确优势骨架命中,,,0.0,0.2,O=C(NCc1ccc(-n2cccn2)cc1)Nc1ccccc1,0.6
309,T34880,166741-91-9,COc1cnc(C(=O)Nc2c(Cl)c[n+]([O-])cc2Cl)cc1OCC1CC1,C16H15Cl2N3O4,384.22,3.07,87.39,1,5,6,2,3,0.312,25,2,0,none,1.0,1.0,1.0,T34880,Ranolazine,pFOX / 晚钠电流,部分脂肪酸氧化抑制，改善代谢底物利用,0.215,无明确优势骨架命中,,,0.0,0.2152,O=C(Nc1cc[nH+]cc1)c1cc(OCC2CC2)ccn1,0.6076
310,T83946,3025894-92-9,C[C@H](CN1CCC[C@@H]1C)NC(=O)c1ccc(-c2noc(C(F)(F)F)n2)cc1,C18H21F3N4O2,382.39,3.36,71.26,1,5,5,2,3,0.5,27,3,0,none,1.0,1.0,1.0,T83946,TVB-2640 (Denifanstat),FASN,脂肪酸合酶 beta-酮脂酰还原酶结构域抑制剂，直接阻断棕榈酸从头合成,0.213,无明确优势骨架命中,,,0.0,0.2128,O=C(NCCN1CCCC1)c1ccc(-c2ncon2)cc1,0.6064
311,T0757,73590-58-6,COc1ccc2nc(S(=O)Cc3ncc(C)c(OC)c3C)[nH]c2c1,C17H19N3O3S,345.42,2.9,77.1,1,5,5,3,3,0.294,24,0,0,none,1.0,1.0,1.0,T0757,GW4064,FXR,非甾体高效 FXR 激动剂工具化合物，抑制 DNL 相关转录程序,0.17,无明确优势骨架命中,,,0.0,0.1702,O=S(Cc1ccccn1)c1nc2ccccc2[nH]1,0.5851
312,T88677,2728291-29-8,O=C(COc1ccc(Br)cc1)Nc1ccc2nc[nH]c2c1,C15H12BrN3O2,346.18,3.34,67.01,2,3,4,3,3,0.067,21,1,0,none,1.0,1.0,1.0,T88677,Etomoxir,CPT1a (抑制剂/阴性对照),CPT1 不可逆抑制剂，作为脂肪酸氧化通路机制阴性对照,0.186,无明确优势骨架命中,,,0.0,0.1857,O=C(COc1ccccc1)Nc1ccc2nc[nH]c2c1,0.5928
313,T22414,2360851-29-0,O=c1[nH]c(CS[C@H]2CC[C@H](O)CC2)nc2cc(OCC3CC3)cc(F)c12,C19H23FN2O3S,378.47,3.39,75.21,2,5,6,2,4,0.579,26,1,0,none,1.0,1.0,1.0,T22414,Pioglitazone,PPAR-gamma,噻唑烷二酮胰岛素增敏剂，促进脂肪组织脂质再分布、降低肝细胞脂毒性,0.155,无明确优势骨架命中,,,0.0,0.1548,O=c1[nH]c(CSC2CCCCC2)nc2cc(OCC3CC3)ccc12,0.5774
314,T16962,2126744-35-0,O=C(NO)c1ccc(CN2CCCc3cc(Cl)ccc32)cc1,C17H17ClN2O2,316.79,3.41,52.57,2,3,3,2,3,0.235,22,1,0,none,1.0,1.0,1.0,T16962,Bezafibrate,PPAR pan,泛 PPAR 弱激动剂，降低血浆与肝内甘油三酯,0.277,无明确优势骨架命中,,,0.0,0.2769,c1ccc(CN2CCCc3ccccc32)cc1,0.6384
315,TQ0074,1375466-18-4,O=C(NO)c1cnc(NC2(c3cccc(F)c3)CCCCC2)nc1,C17H19FN4O2,330.36,3.01,87.14,3,5,4,2,3,0.353,24,1,0,none,1.0,1.0,1.0,TQ0074,Nicotinic acid (Niacin),HCAR2 / DGAT2,抑制脂肪组织脂解并弱抑制 DGAT2，减少肝内 VLDL 底物供应,0.182,无明确优势骨架命中,,,0.0,0.1818,c1ccc(C2(Nc3ncccn3)CCCCC2)cc1,0.5909
316,T203998,2404652-24-8,COc1cc(N2CC[C@@]3(O)C(=O)c4cc(C)c(C)cc4N=C23)ccn1,C19H19N3O3,337.38,2.57,75.02,1,6,2,2,4,0.316,25,0,0,none,1.0,1.0,1.0,T203998,ACC inhibitor chemotype (firsocostat-like proxy),ACC1/ACC2,变构抑制乙酰辅酶A羧化酶，降低丙二酰辅酶A、阻断新发脂质合成(DNL)并解除 CPT1 抑制,0.205,无明确优势骨架命中,,,0.0,0.2048,O=C1c2ccccc2N=C2C1CCN2c1ccncc1,0.6024
317,T10394L,,c1ccc(Nc2nc(N/N=C3\CN4CCC3CC4)nc(N3CCCCC3)n2)cc1,C21H28N8,392.51,3.1,81.57,2,8,5,2,6,0.524,29,0,0,none,1.0,1.0,1.0,T10394L,TVB-2640 (Denifanstat),FASN,脂肪酸合酶 beta-酮脂酰还原酶结构域抑制剂，直接阻断棕榈酸从头合成,0.178,无明确优势骨架命中,,,0.0,0.1778,c1ccc(Nc2nc(NN=C3CN4CCC3CC4)nc(N3CCCCC3)n2)cc1,0.5889
318,T3587,132819-92-2,CCOC(=O)c1cc2ccccc2n1S(=O)(=O)c1ccc(C)cc1,C18H17NO4S,343.4,3.36,65.37,0,4,4,3,3,0.167,24,0,0,none,1.0,1.0,1.0,T3587,Lanifibranor,PPAR pan (alpha/delta/gamma),泛 PPAR 激动，促进 beta-氧化、抑制脂肪生成与炎症纤维化,0.232,无明确优势骨架命中,,,0.0,0.2319,O=S(=O)(c1ccccc1)n1ccc2ccccc21,0.616
319,T3765,133-05-1,c1cc2c(cc1[C@H]1OC[C@H]3[C@@H]1CO[C@H]3c1ccc3c(c1)OCO3)OCO2,C20H18O6,354.36,3.22,55.38,0,6,2,2,6,0.4,26,0,0,none,1.0,1.0,1.0,T3765,Berberine,AMPK / PCSK9 / LDLR,原小檗碱型生物碱，激活 AMPK 并稳定 LDLR mRNA，HepG2 经典降脂阳性对照,0.217,无明确优势骨架命中,,,0.0,0.2167,c1cc2c(cc1C1OCC3C(c4ccc5c(c4)OCO5)OCC13)OCO2,0.6083
320,T11061,1215833-62-7,CCc1c(C(=O)OC)ncc2[nH]c3cc(OC)c(OC)cc3c12,C17H18N2O4,314.34,3.08,73.44,1,5,4,3,3,0.294,23,0,0,none,1.0,1.0,1.0,T11061,Trimetazidine,3-KAT (长链硫解酶),部分脂肪酸氧化抑制剂，代谢调节剂,0.197,无明确优势骨架命中,,,0.0,0.1967,c1ccc2c(c1)[nH]c1cnccc12,0.5984
321,T7366,790702-57-7,Cc1cnc(NC(=O)c2cc(S(=O)(=O)N(C)C)ccc2N2CCCC2)s1,C17H22N4O3S2,394.52,2.55,82.61,1,6,5,2,3,0.412,26,0,0,none,1.0,1.0,1.0,T7366,Lanifibranor,PPAR pan (alpha/delta/gamma),泛 PPAR 激动，促进 beta-氧化、抑制脂肪生成与炎症纤维化,0.203,无明确优势骨架命中,,,0.0,0.2025,O=C(Nc1nccs1)c1ccccc1N1CCCC1,0.6013
322,T21766,1649450-12-3,COc1ccc(C(=O)NCc2cc(C(C)C)no2)cc1OC1CCN(C)CC1,C21H29N3O4,387.48,3.21,76.83,1,6,7,2,3,0.524,28,0,0,none,1.0,1.0,1.0,T21766,Ranolazine,pFOX / 晚钠电流,部分脂肪酸氧化抑制，改善代谢底物利用,0.218,无明确优势骨架命中,,,0.0,0.2184,O=C(NCc1ccno1)c1cccc(OC2CCNCC2)c1,0.6092
323,T7382,333352-59-3,CC1(C)CC(NC(=O)C(=O)Nc2ccc(Br)cc2)CC(C)(C)N1,C17H24BrN3O2,382.3,2.81,70.23,3,3,2,1,2,0.529,23,1,0,none,1.0,1.0,1.0,T7382,Fenretinide (4-HPR),DES1 / RBP4,视黄酰胺，抑制二氢神经酰胺去饱和酶，改善肝脂肪变,0.208,无明确优势骨架命中,,,0.0,0.2083,O=C(Nc1ccccc1)C(=O)NC1CCNCC1,0.6042
324,T7310,248282-01-1,CCc1cccc2c1c(O)c(C(=O)N(CC)c1ccccc1)c(=O)n2C,C21H22N2O3,350.42,3.47,62.54,1,3,4,3,3,0.238,26,0,0,none,1.0,1.0,1.0,T7310,Telmisartan,PPAR-gamma partial / AT1R,AT1 受体拮抗兼 PPAR-gamma 部分激动，文献报道减轻肝细胞脂肪变,0.195,无明确优势骨架命中,,,0.0,0.1954,O=C(Nc1ccccc1)c1cc2ccccc2[nH]c1=O,0.5977
325,T7397,2226735-55-1,N#Cc1cc(N2CCC(C(=O)N3N=CC[C@H]3c3cc(F)cc(F)c3)CC2)ncn1,C20H18F2N6O,396.4,2.8,85.48,0,6,3,2,4,0.35,29,2,0,none,1.0,1.0,1.0,T7397,PF-06424439 (DGAT2i),DGAT2,二酰甘油酰基转移酶2 抑制剂，直接阻断甘油三酯酯化终末步骤,0.203,无明确优势骨架命中,,,0.0,0.2025,O=C(C1CCN(c2ccncn2)CC1)N1N=CCC1c1ccccc1,0.6013
326,T27308,1374760-95-8,Cc1ccc(OCC(=O)N(Cc2cccs2)c2cc[nH]n2)cc1,C17H17N3O2S,327.41,3.39,58.22,1,4,6,3,3,0.176,23,0,0,none,1.0,1.0,1.0,T27308,Etomoxir,CPT1a (抑制剂/阴性对照),CPT1 不可逆抑制剂，作为脂肪酸氧化通路机制阴性对照,0.269,无明确优势骨架命中,,,0.0,0.2687,O=C(COc1ccccc1)N(Cc1cccs1)c1cc[nH]n1,0.6344
327,T27193,2135749-60-7,Nc1nc(Cl)c2cnn(Cc3cc4c(cc3Br)OCO4)c2n1,C13H9BrClN5O2,382.61,2.6,88.08,1,6,2,3,4,0.154,22,2,0,none,1.0,1.0,1.0,T27193,Berberine,AMPK / PCSK9 / LDLR,原小檗碱型生物碱，激活 AMPK 并稳定 LDLR mRNA，HepG2 经典降脂阳性对照,0.169,无明确优势骨架命中,,,0.0,0.1688,c1ncc2cnn(Cc3ccc4c(c3)OCO4)c2n1,0.5844
328,T4300,566203-88-1,COc1nccnc1NS(=O)(=O)c1cccc(Cl)c1Cl,C11H9Cl2N3O3S,334.18,2.59,81.18,1,5,4,2,2,0.091,20,2,0,none,1.0,1.0,1.0,T4300,GW4064,FXR,非甾体高效 FXR 激动剂工具化合物，抑制 DNL 相关转录程序,0.163,无明确优势骨架命中,,,0.0,0.1628,O=S(=O)(Nc1cnccn1)c1ccccc1,0.5814
329,T12642,1330782-69-8,Cc1n[nH]cc1-c1cc2[nH]c([C@H]3CC4CCN3CC4)nc(=O)c2s1,C17H19N5OS,341.44,2.84,77.67,2,5,2,3,6,0.471,24,0,0,none,1.0,1.0,1.0,T12642,GW501516,PPAR-delta,PPAR-delta 选择性激动，提升肝与骨骼肌脂肪酸氧化,0.154,无明确优势骨架命中,,,0.0,0.1538,O=c1nc(C2CC3CCN2CC3)[nH]c2cc(-c3cn[nH]c3)sc12,0.5769
330,T11238L,677773-32-9,NCCc1c[nH]c(=S)n1[C@H]1COc2c(F)cc(F)cc2C1,C14H15F2N3OS,311.36,2.5,55.97,2,3,3,2,3,0.357,21,2,0,none,1.0,1.0,1.0,T11238L,Berberine,AMPK / PCSK9 / LDLR,原小檗碱型生物碱，激活 AMPK 并稳定 LDLR mRNA，HepG2 经典降脂阳性对照,0.122,无明确优势骨架命中,,,0.0,0.122,S=c1[nH]ccn1C1COc2ccccc2C1,0.561
331,T33514,1124381-43-6,O=C(Nc1nc2cc(C(F)(F)F)cc(NC3CC3)n2n1)c1cccnc1,C16H13F3N6O,362.31,2.97,84.21,2,5,4,3,4,0.25,26,3,0,none,1.0,1.0,1.0,T33514,Nicotinic acid (Niacin),HCAR2 / DGAT2,抑制脂肪组织脂解并弱抑制 DGAT2，减少肝内 VLDL 底物供应,0.293,无明确优势骨架命中,,,0.0,0.2931,O=C(Nc1nc2cccc(NC3CC3)n2n1)c1cccnc1,0.6466
332,T29137,1432436-13-9,Cn1cc(-c2ccc(CN3Cc4ncccc4C3=O)c(F)c2)cn1,C18H15FN4O,322.34,2.78,51.02,0,3,3,3,4,0.167,24,1,0,none,1.0,1.0,1.0,T29137,Telmisartan,PPAR-gamma partial / AT1R,AT1 受体拮抗兼 PPAR-gamma 部分激动，文献报道减轻肝细胞脂肪变,0.158,哌嗪/哌啶杂芳基甲酰胺,SCD1 / DGAT2,脂质酶抑制剂常见的环胺-酰胺连接模式，倾向作用于 SCD1/DGAT2 等内质网膜结合型脂质合成酶,0.55,0.4054,O=C1c2cccnc2CN1Cc1ccc(-c2cn[nH]c2)cc1,0.7027
333,T22655,111205-55-1,COc1ccc(-n2nc3c4c([nH]cc-3c2=O)CCCCC4)cc1,C18H19N3O2,309.37,2.94,59.91,1,3,2,1,4,0.333,23,0,0,none,1.0,1.0,1.0,T22655,ACC inhibitor chemotype (firsocostat-like proxy),ACC1/ACC2,变构抑制乙酰辅酶A羧化酶，降低丙二酰辅酶A、阻断新发脂质合成(DNL)并解除 CPT1 抑制,0.205,无明确优势骨架命中,,,0.0,0.2051,O=c1c2c[nH]c3c(c-2nn1-c1ccccc1)CCCCC3,0.6026
334,T16866,150779-71-8,COC(=O)c1cc(CCc2cc(OC)ccc2OC)ccc1O,C18H20O5,316.35,2.98,64.99,1,5,6,2,2,0.278,23,0,0,none,1.0,1.0,1.0,T16866,Bezafibrate,PPAR pan,泛 PPAR 弱激动剂，降低血浆与肝内甘油三酯,0.227,无明确优势骨架命中,,,0.0,0.2273,c1ccc(CCc2ccccc2)cc1,0.6136
335,T20626,119141-88-7,COc1ccc2nc([S@@](=O)Cc3ncc(C)c(OC)c3C)[nH]c2c1,C17H19N3O3S,345.42,2.9,77.1,1,5,5,3,3,0.294,24,0,0,none,1.0,1.0,1.0,T20626,GW4064,FXR,非甾体高效 FXR 激动剂工具化合物，抑制 DNL 相关转录程序,0.17,无明确优势骨架命中,,,0.0,0.1702,O=S(Cc1ccccn1)c1nc2ccccc2[nH]1,0.5851
336,T29201,1199236-64-0,CC(C)(C)NC(=O)CN1CCC(CNC(=O)c2cc(F)cc(Cl)c2)CC1,C19H27ClFN3O2,383.9,2.84,61.44,2,3,5,1,2,0.579,26,2,0,none,1.0,1.0,1.0,T29201,Bezafibrate,PPAR pan,泛 PPAR 弱激动剂，降低血浆与肝内甘油三酯,0.233,无明确优势骨架命中,,,0.0,0.2329,O=C(NCC1CCNCC1)c1ccccc1,0.6164
337,T61189,902128-92-1,O=c1[nH]nc2c3c(cccc13)Oc1ccc(CN3CCC(O)CC3)cc1-2,C20H19N3O3,349.39,2.65,78.45,2,5,2,3,5,0.3,26,0,0,none,1.0,1.0,1.0,T61189,Naringenin,PPAR-alpha / SREBP,柑橘黄烷酮，抑制脂肪生成基因并促进脂肪酸氧化,0.176,无明确优势骨架命中,,,0.0,0.1757,O=c1[nH]nc2c3c(cccc13)Oc1ccc(CN3CCCCC3)cc1-2,0.5878
338,T3968,1025015-40-0,C(#Cc1nc2ncccc2nc1OCCN1CCCC1)c1ccccc1,C21H20N4O,344.42,2.9,51.14,0,5,4,3,4,0.286,26,0,0,none,1.0,1.0,1.0,T3968,Rosiglitazone,PPAR-gamma,TZD 类 PPAR-gamma 全激动剂，改善胰岛素抵抗与肝内脂肪蓄积,0.175,无明确优势骨架命中,,,0.0,0.175,C(#Cc1nc2ncccc2nc1OCCN1CCCC1)c1ccccc1,0.5875
339,T6801,1790895-25-8,Cn1c(=O)cc(C(=O)Nc2ccc3c(c2)OCCO3)c2ccccc21,C19H16N2O4,336.35,2.56,69.56,1,4,2,3,4,0.158,25,0,0,none,1.0,1.0,1.0,T6801,Atorvastatin,HMGCR,HMG-CoA 还原酶抑制，降低胆固醇合成并上调 LDLR,0.2,无明确优势骨架命中,,,0.0,0.2,O=C(Nc1ccc2c(c1)OCCO2)c1cc(=O)[nH]c2ccccc12,0.6
340,T8007,1160247-92-6,COc1ccc(CN2C(=O)C(=O)c3cc(OC(F)(F)F)ccc32)cc1,C17H12F3NO4,351.28,3.32,55.84,0,4,4,2,3,0.176,25,3,0,none,1.0,1.0,1.0,T8007,Bezafibrate,PPAR pan,泛 PPAR 弱激动剂，降低血浆与肝内甘油三酯,0.206,无明确优势骨架命中,,,0.0,0.2059,O=C1C(=O)N(Cc2ccccc2)c2ccccc21,0.603
341,T74271,3033288-68-2,COc1ccc(C2CC2)cc1S(=O)(=O)Nc1ccc2c(c1)CCN2C(C)=O,C20H22N2O4S,386.47,3.28,75.71,1,4,5,2,4,0.35,27,0,0,none,1.0,1.0,1.0,T74271,Lanifibranor,PPAR pan (alpha/delta/gamma),泛 PPAR 激动，促进 beta-氧化、抑制脂肪生成与炎症纤维化,0.198,无明确优势骨架命中,,,0.0,0.1975,O=S(=O)(Nc1ccc2c(c1)CCN2)c1cccc(C2CC2)c1,0.5988
342,T30476,17692-24-9,O=C1Nc2ccccc2OC1(c1ccc(O)cc1)c1ccc(O)cc1,C20H15NO4,333.34,3.37,78.79,3,4,2,3,4,0.05,25,0,0,none,1.0,1.0,1.0,T30476,Naringenin,PPAR-alpha / SREBP,柑橘黄烷酮，抑制脂肪生成基因并促进脂肪酸氧化,0.226,无明确优势骨架命中,,,0.0,0.2264,O=C1Nc2ccccc2OC1(c1ccccc1)c1ccccc1,0.6132
343,T9213,2369751-07-3,Cn1ccc(-c2cc(Cl)c(Cl)c3[nH]c4c(c23)CN(C(=O)CO)CC4)n1,C17H16Cl2N4O2,379.25,2.75,74.15,2,3,2,3,4,0.294,25,2,0,none,1.0,1.0,1.0,T9213,Lanifibranor,PPAR pan (alpha/delta/gamma),泛 PPAR 激动，促进 beta-氧化、抑制脂肪生成与炎症纤维化,0.195,无明确优势骨架命中,,,0.0,0.1951,c1cc(-c2cc[nH]n2)c2c3c([nH]c2c1)CCNC3,0.5976
344,T3624,1527503-11-2,COc1cc2c(cc1OCCCN1CCCC1)N=C(N)C21CCC1,C19H27N3O2,329.44,2.98,60.08,1,5,6,1,4,0.632,24,0,0,none,1.0,1.0,1.0,T3624,Trimetazidine,3-KAT (长链硫解酶),部分脂肪酸氧化抑制剂，代谢调节剂,0.203,无明确优势骨架命中,,,0.0,0.2031,C1=Nc2cc(OCCCN3CCCC3)ccc2C12CCC2,0.6016
345,T3620,1206163-45-2,CC1(C)CN(C(=O)c2ccc(-c3cccc4nc(NC(=O)C5CC5)nn34)cc2)C1,C22H23N5O2,389.46,3.23,79.6,1,4,4,3,5,0.364,29,0,0,none,1.0,1.0,1.0,T3620,PF-06424439 (DGAT2i),DGAT2,二酰甘油酰基转移酶2 抑制剂，直接阻断甘油三酯酯化终末步骤,0.208,哌嗪/哌啶杂芳基甲酰胺,SCD1 / DGAT2,脂质酶抑制剂常见的环胺-酰胺连接模式，倾向作用于 SCD1/DGAT2 等内质网膜结合型脂质合成酶,0.55,0.4553,O=C(Nc1nc2cccc(-c3ccc(C(=O)N4CCC4)cc3)n2n1)C1CC1,0.7276
346,T3618,1539314-06-1,C[C@H](CS(C)(=O)=O)n1ccc2c(C(F)(F)F)c(C#N)ccc21,C14H13F3N2O2S,330.33,3.14,62.86,0,3,3,2,2,0.357,22,3,0,none,1.0,1.0,1.0,T3618,Fluvastatin,HMGCR,全合成 HMGCR 抑制剂,0.146,无明确优势骨架命中,,,0.0,0.1463,c1ccc2[nH]ccc2c1,0.5732
347,T68053,483369-58-0,N#C[C@@H]1C[C@H](F)CN1C(=O)[C@@H](N)C(c1ccc(F)cc1)c1ccc(F)cc1,C20H18F3N3O,373.38,2.89,70.12,1,3,4,2,3,0.3,27,3,0,none,1.0,1.0,1.0,T68053,Ezetimibe,NPC1L1,抑制胆固醇再摄取，降低肝内胆固醇酯负荷,0.232,无明确优势骨架命中,,,0.0,0.2319,O=C(CC(c1ccccc1)c1ccccc1)N1CCCC1,0.616
348,T77601,303134-93-2,O=C(O)Cn1c(SCCOc2ccccc2F)nc2ccccc21,C17H15FN2O3S,346.38,3.43,64.35,1,4,7,3,3,0.176,24,1,0,none,1.0,1.0,1.0,T77601,GW501516,PPAR-delta,PPAR-delta 选择性激动，提升肝与骨骼肌脂肪酸氧化,0.22,无明确优势骨架命中,,,0.0,0.2195,c1ccc(OCCSc2nc3ccccc3[nH]2)cc1,0.6098
349,T7715,139756-21-1,CCCc1nn(C)c2c(=O)[nH]c(-c3ccccc3OCC)nc12,C17H20N4O2,312.37,2.67,72.8,1,4,5,3,3,0.353,23,0,0,none,1.0,1.0,1.0,T7715,Telmisartan,PPAR-gamma partial / AT1R,AT1 受体拮抗兼 PPAR-gamma 部分激动，文献报道减轻肝细胞脂肪变,0.216,无明确优势骨架命中,,,0.0,0.2159,O=c1[nH]c(-c2ccccc2)nc2cn[nH]c12,0.608
350,T7642,68550-75-4,CN(C(=O)CCCOc1ccc2[nH]c(=O)ccc2c1)C1CCCCC1,C20H26N2O3,342.44,3.48,62.4,1,3,6,2,3,0.5,25,0,0,none,1.0,1.0,1.0,T7642,Etomoxir,CPT1a (抑制剂/阴性对照),CPT1 不可逆抑制剂，作为脂肪酸氧化通路机制阴性对照,0.233,无明确优势骨架命中,,,0.0,0.2329,O=C(CCCOc1ccc2[nH]c(=O)ccc2c1)NC1CCCCC1,0.6164
351,T7667,449811-92-1,Cn1c(=O)c(Oc2ccc(F)cc2F)cc2cnc(NC3CCOCC3)nc21,C19H18F2N4O3,388.37,2.99,78.27,1,6,4,3,4,0.316,28,2,0,none,1.0,1.0,1.0,T7667,TVB-2640 (Denifanstat),FASN,脂肪酸合酶 beta-酮脂酰还原酶结构域抑制剂，直接阻断棕榈酸从头合成,0.253,无明确优势骨架命中,,,0.0,0.2527,O=c1[nH]c2nc(NC3CCOCC3)ncc2cc1Oc1ccccc1,0.6264
352,TP1437,84000-07-7,C[C@@H](C(=O)O)N(C)C(=O)OCC1c2ccccc2-c2ccccc21,C19H19NO4,325.36,3.34,66.84,1,3,4,2,3,0.263,24,0,0,none,1.0,1.0,1.0,TP1437,Salicylate,"AMPK (direct, beta1)",直接结合 AMPK beta1 变构位点，抑制脂肪生成,0.196,无明确优势骨架命中,,,0.0,0.1957,c1ccc2c(c1)Cc1ccccc1-2,0.5978
353,T8492,2408648-20-2,COc1ccc(-c2cc(Nc3ccnc(N4CCOCC4)n3)on2)cc1,C18H19N5O3,353.38,2.72,85.54,1,8,5,3,4,0.278,26,0,0,none,1.0,1.0,1.0,T8492,TVB-2640 (Denifanstat),FASN,脂肪酸合酶 beta-酮脂酰还原酶结构域抑制剂，直接阻断棕榈酸从头合成,0.253,无明确优势骨架命中,,,0.0,0.2529,c1ccc(-c2cc(Nc3ccnc(N4CCOCC4)n3)on2)cc1,0.6264
354,T35544,912798-42-6,COc1cc(NC(=O)c2cc(C3CC3)on2)c(OC)cc1Cl,C15H15ClN2O4,322.75,3.47,73.59,1,5,5,2,3,0.333,22,1,0,none,1.0,1.0,1.0,T35544,TVB-2640 (Denifanstat),FASN,脂肪酸合酶 beta-酮脂酰还原酶结构域抑制剂，直接阻断棕榈酸从头合成,0.19,无明确优势骨架命中,,,0.0,0.1905,O=C(Nc1ccccc1)c1cc(C2CC2)on1,0.5953
355,T7503,1310726-60-3,CC[C@@H]1CN(C(=O)NCC(F)(F)F)C[C@@H]1c1cnc2cnc3[nH]ccc3n12,C17H19F3N6O,380.37,2.91,78.32,2,3,3,3,4,0.471,27,3,0,none,1.0,1.0,1.0,T7503,Ervogastat (PF-06865571),DGAT2,口服 DGAT2 抑制剂，降低肝内甘油三酯合成与 VLDL 分泌,0.209,无明确优势骨架命中,,,0.0,0.2093,c1cc2c(ncc3ncc(C4CCNC4)n32)[nH]1,0.6046
356,T7569,57645-91-7,COc1cc(N)c(Cl)cc1C(=O)NC1CCN(Cc2ccccc2)CC1,C20H24ClN3O2,373.88,3.33,67.59,2,4,5,2,3,0.35,26,1,0,none,1.0,1.0,1.0,T7569,Ranolazine,pFOX / 晚钠电流,部分脂肪酸氧化抑制，改善代谢底物利用,0.253,无明确优势骨架命中,,,0.0,0.2532,O=C(NC1CCN(Cc2ccccc2)CC1)c1ccccc1,0.6266
357,T16679,1672668-24-4,CS(=O)(=O)c1ccc(Oc2cc(F)cc(C#N)c2)c2c1[C@H](O)[C@H](F)[C@@H]2F,C17H12F3NO4S,383.35,3.29,87.39,1,5,3,2,3,0.235,26,3,0,none,1.0,1.0,1.0,T16679,Gemfibrozil,PPAR-alpha,苯氧戊酸类 PPAR-alpha 激动剂，抑制肝脏 VLDL-TG 分泌,0.169,无明确优势骨架命中,,,0.0,0.169,c1ccc(Oc2cccc3c2CCC3)cc1,0.5845
358,T60921L,2415317-57-4,CCCOc1cc(-c2cncc([C@@H]3COB(O)C3)c2)ccc1OC,C18H22BNO4,327.19,3.14,60.81,1,5,6,2,3,0.389,24,0,0,none,1.0,1.0,1.0,T60921L,Trimetazidine,3-KAT (长链硫解酶),部分脂肪酸氧化抑制剂，代谢调节剂,0.191,无明确优势骨架命中,,,0.0,0.1912,B1CC(c2cncc(-c3ccccc3)c2)CO1,0.5956
359,T7591,135463-81-9,Cc1oc2nc3c(c(NC(=O)CN4CCCC4=O)c2c1C)CCCC3,C19H23N3O3,341.41,2.88,75.44,1,4,3,2,4,0.526,25,0,0,none,1.0,1.0,1.0,T7591,Ranolazine,pFOX / 晚钠电流,部分脂肪酸氧化抑制，改善代谢底物利用,0.225,无明确优势骨架命中,,,0.0,0.225,O=C(CN1CCCC1=O)Nc1c2c(nc3occc13)CCCC2,0.6125
360,T14301,945966-46-1,CC1(C)Oc2cc(NS(C)(=O)=O)ccc2N(c2ccc(F)cc2)C1=O,C17H17FN2O4S,364.4,3.03,75.71,1,4,3,2,3,0.235,25,1,0,none,1.0,1.0,1.0,T14301,Ezetimibe,NPC1L1,抑制胆固醇再摄取，降低肝内胆固醇酯负荷,0.194,无明确优势骨架命中,,,0.0,0.1944,O=C1COc2ccccc2N1c1ccccc1,0.5972
361,T22889,257292-29-8,COc1ccc(C2CC(c3c(O)cc(C)oc3=O)=NCCS2)c(OC)c1,C19H21NO5S,375.45,3.34,81.26,1,7,4,2,3,0.368,26,0,0,none,1.0,1.0,1.0,T22889,Naringenin,PPAR-alpha / SREBP,柑橘黄烷酮，抑制脂肪生成基因并促进脂肪酸氧化,0.205,无明确优势骨架命中,,,0.0,0.2055,O=c1occcc1C1=NCCSC(c2ccccc2)C1,0.6028
362,T6980,287383-59-9,O=C(CCCCCN1C(=O)c2cccc3cccc(c23)C1=O)NO,C18H18N2O4,326.35,2.5,86.71,2,4,6,2,3,0.278,24,0,0,none,1.0,1.0,1.0,T6980,Pentoxifylline,PDE / TNF-alpha,非选择性磷酸二酯酶抑制剂，降低肝脏炎症与脂质沉积,0.23,哌嗪/哌啶杂芳基甲酰胺,SCD1 / DGAT2,脂质酶抑制剂常见的环胺-酰胺连接模式，倾向作用于 SCD1/DGAT2 等内质网膜结合型脂质合成酶,0.55,0.477,O=C1NC(=O)c2cccc3cccc1c23,0.7385
363,T7635,84225-95-6,CCN1CCCC1CNC(=O)c1c(O)c(Cl)cc(Cl)c1OC,C15H20Cl2N2O3,347.24,2.92,61.8,2,4,5,1,2,0.533,22,2,0,none,1.0,1.0,1.0,T7635,VK2809 active acid (MB07344),THR-beta,肝靶向 THR-beta 激动剂活性代谢物；促进脂肪酸氧化与 LDL-C 清除,0.225,无明确优势骨架命中,,,0.0,0.2254,O=C(NCC1CCCN1)c1ccccc1,0.6127
364,T61874,,COc1cc(CN2CC(N)C2)cc(OC)c1-c1cn(C)c(=O)c2cc(F)ccc12,C22H24FN3O3,397.45,2.5,69.72,1,5,5,3,4,0.318,29,1,0,none,1.0,1.0,1.0,T61874,ACC inhibitor chemotype (firsocostat-like proxy),ACC1/ACC2,变构抑制乙酰辅酶A羧化酶，降低丙二酰辅酶A、阻断新发脂质合成(DNL)并解除 CPT1 抑制,0.253,无明确优势骨架命中,,,0.0,0.2532,O=c1[nH]cc(-c2ccc(CN3CCC3)cc2)c2ccccc12,0.6266
365,T13767,2286411-30-9,O=C(Nc1nnc(-c2ccc(F)cc2)o1)N1CCc2ccccc2C1,C18H15FN4O2,338.34,3.47,71.26,1,4,2,3,4,0.167,25,1,0,none,1.0,1.0,1.0,T13767,Atorvastatin,HMGCR,HMG-CoA 还原酶抑制，降低胆固醇合成并上调 LDLR,0.226,杂芳基脲 (DGAT2/SCD1 型),DGAT2 / SCD1,杂芳基脲连接的哌啶醚母核，抑制 DGAT2 或 SCD1，减少甘油三酯与单不饱和脂肪酸生成，降低脂滴体积,0.68,0.5322,O=C(Nc1nnc(-c2ccccc2)o1)N1CCc2ccccc2C1,0.7661
366,T67845,2924824-56-4,Cc1cc2c(Nc3ccc(S(C)(=O)=O)cc3)ncnc2s1,C14H13N3O2S2,319.41,3.15,71.95,1,6,3,3,3,0.143,21,0,0,none,1.0,1.0,1.0,T67845,Lanifibranor,PPAR pan (alpha/delta/gamma),泛 PPAR 激动，促进 beta-氧化、抑制脂肪生成与炎症纤维化,0.153,无明确优势骨架命中,,,0.0,0.1528,c1ccc(Nc2ncnc3sccc23)cc1,0.5764
367,T67855,912789-08-3,O=C(NCCCn1ccnc1)c1cc(-c2cccc(Cl)c2)on1,C16H15ClN4O2,330.78,3.01,72.95,1,4,6,3,3,0.188,23,1,0,none,1.0,1.0,1.0,T67855,Bezafibrate,PPAR pan,泛 PPAR 弱激动剂，降低血浆与肝内甘油三酯,0.195,无明确优势骨架命中,,,0.0,0.1948,O=C(NCCCn1ccnc1)c1cc(-c2ccccc2)on1,0.5974
368,T4264,1111556-37-6,CCCn1c(NC(=O)c2cccc(C(N)=O)c2)nc2ccccc21,C18H18N4O2,322.37,2.8,90.01,2,3,5,3,3,0.167,24,0,0,none,1.0,1.0,1.0,T4264,Telmisartan,PPAR-gamma partial / AT1R,AT1 受体拮抗兼 PPAR-gamma 部分激动，文献报道减轻肝细胞脂肪变,0.268,无明确优势骨架命中,,,0.0,0.2683,O=C(Nc1nc2ccccc2[nH]1)c1ccccc1,0.6342
369,T6578,1445251-22-8,C[C@H](NC(=O)CCc1nc2ccccc2c(=O)[nH]1)c1ccccc1,C19H19N3O2,321.38,2.73,74.85,2,3,5,3,3,0.211,24,0,0,none,1.0,1.0,1.0,T6578,Fluvastatin,HMGCR,全合成 HMGCR 抑制剂,0.205,无明确优势骨架命中,,,0.0,0.2051,O=C(CCc1nc2ccccc2c(=O)[nH]1)NCc1ccccc1,0.6026
370,T26873,99390-76-8,C[C@@H]1CCC[C@@H]2C[C@@H](NC(=O)c3cc(Cl)c(N)cc3O)CCN21,C17H24ClN3O2,337.85,2.76,78.59,3,4,2,1,3,0.588,23,1,0,none,1.0,1.0,1.0,T26873,TVB-2640 (Denifanstat),FASN,脂肪酸合酶 beta-酮脂酰还原酶结构域抑制剂，直接阻断棕榈酸从头合成,0.227,无明确优势骨架命中,,,0.0,0.2273,O=C(NC1CCN2CCCCC2C1)c1ccccc1,0.6136
371,T66848,94744-50-0,CC(C)(NC(=O)OCC1c2ccccc2-c2ccccc21)C(=O)O,C19H19NO4,325.36,3.39,75.63,2,3,4,2,3,0.263,24,0,0,none,1.0,1.0,1.0,T66848,Ciprofibrate,PPAR-alpha,长效贝特类，诱导过氧化物酶体增殖与脂肪酸 beta-氧化,0.232,无明确优势骨架命中,,,0.0,0.2321,c1ccc2c(c1)Cc1ccccc1-2,0.616
372,T36946,1643462-93-4,Cc1cc(Oc2ncccc2OC(F)F)ccc1-c1c(C)c(=O)[nH]c(=O)n1C,C19H17F2N3O4,389.36,3.15,86.21,1,5,5,3,3,0.211,28,2,0,none,1.0,1.0,1.0,T36946,Rosiglitazone,PPAR-gamma,TZD 类 PPAR-gamma 全激动剂，改善胰岛素抵抗与肝内脂肪蓄积,0.186,无明确优势骨架命中,,,0.0,0.186,O=c1cc(-c2ccc(Oc3ccccn3)cc2)[nH]c(=O)[nH]1,0.593
373,T8657,796874-99-2,N#C[C@@H]1CCCN1C(=O)[C@@H]1CCCN1C(=O)CCCc1ccccc1,C20H25N3O2,339.44,2.51,64.41,0,3,5,1,3,0.55,25,0,0,none,1.0,1.0,1.0,T8657,Lanifibranor,PPAR pan (alpha/delta/gamma),泛 PPAR 激动，促进 beta-氧化、抑制脂肪生成与炎症纤维化,0.187,无明确优势骨架命中,,,0.0,0.1867,O=C(C1CCCN1C(=O)CCCc1ccccc1)N1CCCC1,0.5934
374,TQ0078,1269815-17-9,COc1ccc(F)cc1-c1cc(NC(=O)[C@@H]2CCCNC2)ncc1Cl,C18H19ClFN3O2,363.82,3.49,63.25,2,4,4,2,3,0.333,25,2,0,none,1.0,1.0,1.0,TQ0078,Ervogastat (PF-06865571),DGAT2,口服 DGAT2 抑制剂，降低肝内甘油三酯合成与 VLDL 分泌,0.209,无明确优势骨架命中,,,0.0,0.2093,O=C(Nc1cc(-c2ccccc2)ccn1)C1CCCNC1,0.6046
375,T70880,1358749-55-9,O=S1(=O)CCN2C=CC=C(c3ccc(Oc4ccccc4)cc3)C2=N1,C19H16N2O3S,352.42,3.43,58.97,0,4,3,2,4,0.105,25,0,0,none,1.0,1.0,1.0,T70880,Rosiglitazone,PPAR-gamma,TZD 类 PPAR-gamma 全激动剂，改善胰岛素抵抗与肝内脂肪蓄积,0.154,无明确优势骨架命中,,,0.0,0.1538,O=S1(=O)CCN2C=CC=C(c3ccc(Oc4ccccc4)cc3)C2=N1,0.5769
376,T8312,251945-92-3,O[C@H]1CC[C@H](Nc2nc(-c3ccccc3)nc3[nH]ccc23)CC1,C18H20N4O,308.38,3.34,73.83,3,4,3,3,4,0.333,23,0,0,none,1.0,1.0,1.0,T8312,Nicotinic acid (Niacin),HCAR2 / DGAT2,抑制脂肪组织脂解并弱抑制 DGAT2，减少肝内 VLDL 底物供应,0.154,无明确优势骨架命中,,,0.0,0.1538,c1ccc(-c2nc(NC3CCCCC3)c3cc[nH]c3n2)cc1,0.5769
377,T36809,875927-64-3,CC(C)S(=O)(=O)N[C@H]1Cc2ccc(-c3ccc(F)nc3)cc2C1,C17H19FN2O2S,334.42,2.68,59.06,1,3,4,2,3,0.353,23,1,0,none,1.0,1.0,1.0,T36809,Rosuvastatin,HMGCR,亲水性强效 HMGCR 抑制剂，肝选择性摄取(OATP1B1),0.165,无明确优势骨架命中,,,0.0,0.1647,c1cncc(-c2ccc3c(c2)CCC3)c1,0.5824
378,T29123,612514-42-8,Cc1cc(C)c2c(N)c(C(=O)NCc3ccc4c(c3)OCO4)sc2n1,C18H17N3O3S,355.42,3.15,86.47,2,6,3,3,4,0.222,25,0,0,none,1.0,1.0,1.0,T29123,GW501516,PPAR-delta,PPAR-delta 选择性激动，提升肝与骨骼肌脂肪酸氧化,0.191,无明确优势骨架命中,,,0.0,0.191,O=C(NCc1ccc2c(c1)OCO2)c1cc2cccnc2s1,0.5955
379,T17238,409351-28-6,COc1ccc(CNC(=O)c2sc3nc(C)cc(C)c3c2N)cc1,C18H19N3O2S,341.44,3.43,77.24,2,5,4,3,3,0.222,24,0,0,none,1.0,1.0,1.0,T17238,Bezafibrate,PPAR pan,泛 PPAR 弱激动剂，降低血浆与肝内甘油三酯,0.222,无明确优势骨架命中,,,0.0,0.2222,O=C(NCc1ccccc1)c1cc2cccnc2s1,0.6111
380,T88118,2644662-83-7,COc1cc(OC)c2c(=O)nc(-c3cc(C)c(OC4COC4)c(C)c3)[nH]c2c1,C21H22N2O5,382.42,3.0,82.67,1,6,5,3,4,0.333,28,0,0,none,1.0,1.0,1.0,T88118,Berberine,AMPK / PCSK9 / LDLR,原小檗碱型生物碱，激活 AMPK 并稳定 LDLR mRNA，HepG2 经典降脂阳性对照,0.203,无明确优势骨架命中,,,0.0,0.2025,O=c1nc(-c2ccc(OC3COC3)cc2)[nH]c2ccccc12,0.6013
381,T8195,6871-67-6,COc1cc2c(cc1O)CC[N+](C)(C)[C@@H]2Cc1ccc(O)cc1,C19H24NO3+,314.4,3.02,49.69,2,3,3,2,3,0.368,23,0,0,none,1.0,1.0,1.0,T8195,Trimetazidine,3-KAT (长链硫解酶),部分脂肪酸氧化抑制剂，代谢调节剂,0.2,无明确优势骨架命中,,,0.0,0.2,c1ccc(CC2[NH2+]CCc3ccccc32)cc1,0.6
382,T8152,6601-66-7,COc1ccc(-c2cc(=O)c3c(OC)cc(OC)c(OC)c3o2)cc1,C19H18O6,342.35,3.49,67.13,0,6,5,3,3,0.211,25,0,0,none,1.0,1.0,1.0,T8152,Trimetazidine,3-KAT (长链硫解酶),部分脂肪酸氧化抑制剂，代谢调节剂,0.193,黄酮/黄烷酮母核,AMPK / SREBP-1c,黄酮类多酚激活 AMPK-SIRT1 轴，抑制 SREBP-1c/FAS/ACC 表达并促进脂噬,0.6,0.463,O=c1cc(-c2ccccc2)oc2ccccc12,0.7315
383,T20721,141112-29-0,CS(=O)(=O)c1cc(C(F)(F)F)ccc1C(=O)c1cnoc1C1CC1,C15H12F3NO4S,359.33,3.21,77.24,0,5,4,2,3,0.333,24,3,0,none,1.0,1.0,1.0,T20721,Ervogastat (PF-06865571),DGAT2,口服 DGAT2 抑制剂，降低肝内甘油三酯合成与 VLDL 分泌,0.243,无明确优势骨架命中,,,0.0,0.2432,O=C(c1ccccc1)c1cnoc1C1CC1,0.6216
384,TMS1743,19103-54-9,COc1ccc(-c2cc(=O)c3c(O)c(OC)c(OC)cc3o2)cc1,C18H16O6,328.32,3.19,78.13,1,6,4,3,3,0.167,24,0,0,none,1.0,1.0,1.0,TMS1743,ACC inhibitor chemotype (firsocostat-like proxy),ACC1/ACC2,变构抑制乙酰辅酶A羧化酶，降低丙二酰辅酶A、阻断新发脂质合成(DNL)并解除 CPT1 抑制,0.184,黄酮/黄烷酮母核,AMPK / SREBP-1c,黄酮类多酚激活 AMPK-SIRT1 轴，抑制 SREBP-1c/FAS/ACC 表达并促进脂噬,0.6,0.4542,O=c1cc(-c2ccccc2)oc2ccccc12,0.7271
385,T9578,2227482-41-7,O=C(Nc1ccn(-c2ccnc(F)c2)n1)C1(c2ccccc2F)CC1,C18H14F2N4O,340.33,3.22,59.81,1,3,4,3,4,0.167,25,2,0,none,1.0,1.0,1.0,T9578,Ervogastat (PF-06865571),DGAT2,口服 DGAT2 抑制剂，降低肝内甘油三酯合成与 VLDL 分泌,0.198,无明确优势骨架命中,,,0.0,0.1975,O=C(Nc1ccn(-c2ccncc2)n1)C1(c2ccccc2)CC1,0.5988
386,T78127,1894207-44-3,C[C@H](NCc1ccc(-c2ccc(C(F)(F)F)cc2)cc1)C(N)=O,C17H17F3N2O,322.33,3.34,55.12,2,2,5,2,2,0.235,23,3,0,none,1.0,1.0,1.0,T78127,GW501516,PPAR-delta,PPAR-delta 选择性激动，提升肝与骨骼肌脂肪酸氧化,0.271,无明确优势骨架命中,,,0.0,0.2714,c1ccc(-c2ccccc2)cc1,0.6357
387,T86495,2759897-35-1,COc1ccc(-c2cnc3c(cc(C4CCN(C(C)=O)CC4)n3C)n2)cc1,C21H24N4O2,364.45,3.37,60.25,0,4,3,3,4,0.381,27,0,0,none,1.0,1.0,1.0,T86495,TVB-2640 (Denifanstat),FASN,脂肪酸合酶 beta-酮脂酰还原酶结构域抑制剂，直接阻断棕榈酸从头合成,0.236,无明确优势骨架命中,,,0.0,0.236,c1ccc(-c2cnc3[nH]c(C4CCNCC4)cc3n2)cc1,0.618
388,T8578,39544-74-6,O=C(N[C@@H](Cc1c[nH]c2ccccc12)C(=O)O)c1ccc(Cl)cc1,C18H15ClN2O3,342.78,3.25,82.19,3,2,5,3,3,0.111,24,1,0,none,1.0,1.0,1.0,T8578,Bezafibrate,PPAR pan,泛 PPAR 弱激动剂，降低血浆与肝内甘油三酯,0.273,无明确优势骨架命中,,,0.0,0.2727,O=C(NCCc1c[nH]c2ccccc12)c1ccccc1,0.6364
389,T1829,941678-49-5,N#CC[C@H](C1CCCC1)n1cc(-c2ncnc3[nH]ccc23)cn1,C17H18N6,306.37,3.47,83.18,1,4,4,3,4,0.412,23,0,0,none,1.0,1.0,1.0,T1829;T3043,Perhexiline,CPT1/CPT2 (抑制剂),CPT 抑制剂，代谢转向葡萄糖氧化；已知具肝毒性风险，用作毒性锚点,0.147,无明确优势骨架命中,,,0.0,0.1471,c1nc(-c2cnn(CC3CCCC3)c2)c2cc[nH]c2n1,0.5736
390,T40087,2426616-55-7,Cc1c(Cc2ccc(C(F)(F)F)nc2)c[nH]c1C(=O)NC1CC1,C16H16F3N3O,323.32,3.22,57.78,2,2,4,2,3,0.375,23,3,0,none,1.0,1.0,1.0,T40087,TVB-2640 (Denifanstat),FASN,脂肪酸合酶 beta-酮脂酰还原酶结构域抑制剂，直接阻断棕榈酸从头合成,0.271,无明确优势骨架命中,,,0.0,0.2706,O=C(NC1CC1)c1cc(Cc2cccnc2)c[nH]1,0.6353
391,T27012,156951-82-5,COc1ccc(CCc2cc(OC)c(O)c(OC)c2)cc1OC,C18H22O5,318.37,3.21,57.15,1,5,7,2,2,0.333,23,0,0,none,1.0,1.0,1.0,T27012,Trimetazidine,3-KAT (长链硫解酶),部分脂肪酸氧化抑制剂，代谢调节剂,0.239,无明确优势骨架命中,,,0.0,0.2391,c1ccc(CCc2ccccc2)cc1,0.6196
392,T10525,1295541-87-5,Cc1c(C(=O)Nc2ccn(C)n2)ncn1Cc1cccc(C(F)(F)F)c1,C17H16F3N5O,363.34,3.24,64.74,1,3,4,3,3,0.235,26,3,0,none,1.0,1.0,1.0,T10525,Ervogastat (PF-06865571),DGAT2,口服 DGAT2 抑制剂，降低肝内甘油三酯合成与 VLDL 分泌,0.217,无明确优势骨架命中,,,0.0,0.2169,O=C(Nc1cc[nH]n1)c1cn(Cc2ccccc2)cn1,0.6085
393,T9282,1207355-31-4,O=C(O)CCCC(=O)N1Cc2ccccc2C#Cc2ccccc21,C20H17NO3,319.36,3.19,57.61,1,2,4,2,3,0.2,24,0,0,none,1.0,1.0,1.0,T9282,EPA (Eicosapentaenoic acid),PPAR-alpha / SREBP-1c,omega-3 多不饱和脂肪酸，激活 PPAR-alpha 并抑制 SREBP-1c 成熟,0.24,无明确优势骨架命中,,,0.0,0.24,C1#Cc2ccccc2NCc2ccccc21,0.62
394,T28118,1820968-63-5,COc1cc(CNC(=O)CCCc2cccs2)ccc1O,C16H19NO3S,305.4,3.1,58.56,2,4,7,2,2,0.312,21,0,0,none,1.0,1.0,1.0,T28118,Ranolazine,pFOX / 晚钠电流,部分脂肪酸氧化抑制，改善代谢底物利用,0.203,无明确优势骨架命中,,,0.0,0.2025,O=C(CCCc1cccs1)NCc1ccccc1,0.6013
395,T77606,314051-55-3,O=C(c1cc2nc(-c3ccco3)cc(C(F)(F)F)n2n1)N1CCCC1,C16H13F3N4O2,350.3,3.24,63.64,0,4,2,3,4,0.312,25,3,0,none,1.0,1.0,1.0,T77606,Ervogastat (PF-06865571),DGAT2,口服 DGAT2 抑制剂，降低肝内甘油三酯合成与 VLDL 分泌,0.183,哌嗪/哌啶杂芳基甲酰胺,SCD1 / DGAT2,脂质酶抑制剂常见的环胺-酰胺连接模式，倾向作用于 SCD1/DGAT2 等内质网膜结合型脂质合成酶,0.55,0.4304,O=C(c1cc2nc(-c3ccco3)ccn2n1)N1CCCC1,0.7152
396,T64355,2810887-45-5,Cc1c(Cc2ccccc2)c(-c2cc(Cl)nc(N)n2)nn1C,C16H16ClN5,313.79,3.01,69.62,1,4,3,3,3,0.188,22,1,0,none,1.0,1.0,1.0,T64355,Telmisartan,PPAR-gamma partial / AT1R,AT1 受体拮抗兼 PPAR-gamma 部分激动，文献报道减轻肝细胞脂肪变,0.186,无明确优势骨架命中,,,0.0,0.186,c1ccc(Cc2c[nH]nc2-c2ccncn2)cc1,0.593
397,T1741,612487-72-6,N#Cc1ccc2[nH]c(O)c(-c3ccc(CN4CCOCC4)cn3)c2c1,C19H18N4O2,334.38,2.64,85.17,2,5,3,3,4,0.263,25,0,0,none,1.0,1.0,1.0,T1741,PF-06424439 (DGAT2i),DGAT2,二酰甘油酰基转移酶2 抑制剂，直接阻断甘油三酯酯化终末步骤,0.192,无明确优势骨架命中,,,0.0,0.1923,c1ccc2c(-c3ccc(CN4CCOCC4)cn3)c[nH]c2c1,0.5962
398,T78390,109628-27-5,COc1cc(NS(=O)(=O)c2ccc(C)cc2)c2ncccc2c1,C17H16N2O3S,328.39,3.35,68.29,1,4,4,3,3,0.118,23,0,0,none,1.0,1.0,1.0,T78390,Gemfibrozil,PPAR-alpha,苯氧戊酸类 PPAR-alpha 激动剂，抑制肝脏 VLDL-TG 分泌,0.169,无明确优势骨架命中,,,0.0,0.1692,O=S(=O)(Nc1cccc2cccnc12)c1ccccc1,0.5846
399,T12229L,,O=C(O)c1cccc2cn(-c3ccc([C@@H]4CCCNC4)cc3)nc12,C19H19N3O2,321.38,3.19,67.15,2,3,3,3,4,0.263,24,0,0,none,1.0,1.0,1.0,T12229;T12229L,Salicylate,"AMPK (direct, beta1)",直接结合 AMPK beta1 变构位点，抑制脂肪生成,0.226,无明确优势骨架命中,,,0.0,0.2264,c1ccc2nn(-c3ccc(C4CCCNC4)cc3)cc2c1,0.6132
400,TN1087,19186-35-7,COc1cc([C@@H]2c3cc4c(cc3C[C@H]3COC(=O)[C@@H]32)OCO4)cc(OC)c1OC,C22H22O7,398.41,2.92,72.45,0,7,4,2,5,0.409,29,0,0,none,1.0,1.0,1.0,TN1087,Berberine,AMPK / PCSK9 / LDLR,原小檗碱型生物碱，激活 AMPK 并稳定 LDLR mRNA，HepG2 经典降脂阳性对照,0.314,无明确优势骨架命中,,,0.0,0.3143,O=C1OCC2Cc3cc4c(cc3C(c3ccccc3)C12)OCO4,0.6572
401,T8538,1646499-97-9,CCOc1ccccc1NC(=O)c1ccccc1NS(=O)(=O)C1CC1,C18H20N2O4S,360.44,3.24,84.5,2,4,7,2,3,0.278,25,0,0,none,1.0,1.0,1.0,T8538,Ranolazine,pFOX / 晚钠电流,部分脂肪酸氧化抑制，改善代谢底物利用,0.227,无明确优势骨架命中,,,0.0,0.2267,O=C(Nc1ccccc1)c1ccccc1NS(=O)(=O)C1CC1,0.6134
402,T19720,477-30-5,CNC1CCc2cc(OC)c(OC)c(OC)c2-c2ccc(OC)c(=O)cc21,C21H25NO5,371.43,2.95,66.02,1,6,5,2,3,0.381,27,0,0,none,1.0,1.0,1.0,T19720,Berberine,AMPK / PCSK9 / LDLR,原小檗碱型生物碱，激活 AMPK 并稳定 LDLR mRNA，HepG2 经典降脂阳性对照,0.25,无明确优势骨架命中,,,0.0,0.25,O=c1cccc2c(c1)CCCc1ccccc1-2,0.625
403,T40051,2415225-30-6,CC(C)CNC(=O)n1c(=O)oc2cc(C3CCN(C)CC3)ccc21,C18H25N3O3,331.42,2.62,67.48,1,4,3,2,3,0.556,24,0,0,none,1.0,1.0,1.0,T40051,TVB-2640 (Denifanstat),FASN,脂肪酸合酶 beta-酮脂酰还原酶结构域抑制剂，直接阻断棕榈酸从头合成,0.227,无明确优势骨架命中,,,0.0,0.2273,O=c1[nH]c2ccc(C3CCNCC3)cc2o1,0.6136
404,T36821,599151-35-6,CCOc1ccccc1C1CC(=O)Nc2cc3c(cc21)OCO3,C18H17NO4,311.34,3.29,56.79,1,4,3,2,4,0.278,23,0,0,none,1.0,1.0,1.0,T36821,Berberine,AMPK / PCSK9 / LDLR,原小檗碱型生物碱，激活 AMPK 并稳定 LDLR mRNA，HepG2 经典降脂阳性对照,0.197,无明确优势骨架命中,,,0.0,0.1974,O=C1CC(c2ccccc2)c2cc3c(cc2N1)OCO3,0.5987
405,T27446,932373-87-0,Cc1cc(F)c2[nH]c(=O)n(C3CCN(C4CCOCC4)CC3)c2c1,C18H24FN3O2,333.41,2.59,50.26,1,3,2,2,4,0.611,24,1,0,none,1.0,1.0,1.0,T27446,TVB-2640 (Denifanstat),FASN,脂肪酸合酶 beta-酮脂酰还原酶结构域抑制剂，直接阻断棕榈酸从头合成,0.184,无明确优势骨架命中,,,0.0,0.1839,O=c1[nH]c2ccccc2n1C1CCN(C2CCOCC2)CC1,0.592
406,T12172,115338-32-4,COc1ccccc1N1CCN(CCCCN2C(=O)c3ccccc3C2=O)CC1,C23H27N3O3,393.49,2.89,53.09,0,5,7,2,4,0.391,29,0,0,none,1.0,1.0,1.0,T12172,Ranolazine,pFOX / 晚钠电流,部分脂肪酸氧化抑制，改善代谢底物利用,0.29,哌嗪/哌啶杂芳基甲酰胺,SCD1 / DGAT2,脂质酶抑制剂常见的环胺-酰胺连接模式，倾向作用于 SCD1/DGAT2 等内质网膜结合型脂质合成酶,0.55,0.5374,O=C1c2ccccc2C(=O)N1CCCCN1CCN(c2ccccc2)CC1,0.7687
407,T60803,912784-79-3,O=C(NCCCn1ccnc1)c1cc(-c2ccc(F)cc2)on1,C16H15FN4O2,314.32,2.5,72.95,1,4,6,3,3,0.188,23,1,0,none,1.0,1.0,1.0,T60803,Atorvastatin,HMGCR,HMG-CoA 还原酶抑制，降低胆固醇合成并上调 LDLR,0.207,无明确优势骨架命中,,,0.0,0.2069,O=C(NCCCn1ccnc1)c1cc(-c2ccccc2)on1,0.6034
408,T36395,1706738-98-8,Cn1cc(-c2cc(S(C)(=O)=O)ccc2OCC2CC2)c2ccccc2c1=O,C21H21NO4S,383.47,3.4,65.37,0,4,5,3,4,0.286,27,0,0,none,1.0,1.0,1.0,T36395,ACC inhibitor chemotype (firsocostat-like proxy),ACC1/ACC2,变构抑制乙酰辅酶A羧化酶，降低丙二酰辅酶A、阻断新发脂质合成(DNL)并解除 CPT1 抑制,0.212,无明确优势骨架命中,,,0.0,0.2125,O=c1[nH]cc(-c2ccccc2OCC2CC2)c2ccccc12,0.6062
409,T70852,136816-75-6,CCNc1cccnc1N1CCN(C(=O)c2cc3cc(OC)ccc3[nH]2)CC1,C21H25N5O2,379.46,2.97,73.49,2,5,5,3,4,0.333,28,0,0,none,1.0,1.0,1.0,T70852,Ervogastat (PF-06865571),DGAT2,口服 DGAT2 抑制剂，降低肝内甘油三酯合成与 VLDL 分泌,0.193,哌嗪/哌啶杂芳基甲酰胺,SCD1 / DGAT2,脂质酶抑制剂常见的环胺-酰胺连接模式，倾向作用于 SCD1/DGAT2 等内质网膜结合型脂质合成酶,0.55,0.4407,O=C(c1cc2ccccc2[nH]1)N1CCN(c2ccccn2)CC1,0.7204
410,T22988,1038915-75-1,NC(=O)c1cccc2cn(-c3ccc(C4CCCNC4)cc3)nc12,C19H20N4O,320.4,2.59,72.94,2,3,3,3,4,0.263,24,0,0,none,1.0,1.0,1.0,T22988,TVB-2640 (Denifanstat),FASN,脂肪酸合酶 beta-酮脂酰还原酶结构域抑制剂，直接阻断棕榈酸从头合成,0.189,无明确优势骨架命中,,,0.0,0.1889,c1ccc2nn(-c3ccc(C4CCCNC4)cc3)cc2c1,0.5944
411,T1708,74150-27-9,COc1ccc(-c2nc3cc(C4=NNC(=O)CC4C)ccc3[nH]2)cc1,C19H18N4O2,334.38,3.1,79.37,2,4,3,3,4,0.211,25,0,0,none,1.0,1.0,1.0,T1708,Rosiglitazone,PPAR-gamma,TZD 类 PPAR-gamma 全激动剂，改善胰岛素抵抗与肝内脂肪蓄积,0.159,无明确优势骨架命中,,,0.0,0.1585,O=C1CCC(c2ccc3[nH]c(-c4ccccc4)nc3c2)=NN1,0.5792
412,T13057,1597426-53-3,Cc1nnc(NC(=O)c2cccc([C@@H]3C[C@H]3NC3CCC3)c2)s1,C17H20N4OS,328.44,3.1,66.91,2,5,5,2,4,0.471,23,0,0,none,1.0,1.0,1.0,T13057,TVB-2640 (Denifanstat),FASN,脂肪酸合酶 beta-酮脂酰还原酶结构域抑制剂，直接阻断棕榈酸从头合成,0.172,无明确优势骨架命中,,,0.0,0.172,O=C(Nc1nncs1)c1cccc(C2CC2NC2CCC2)c1,0.586
413,T19424,31858-66-9,COC(=O)CC/C(C)=C/Cc1c(O)c2c(c(C)c1OC)COC2=O,C18H22O6,334.37,2.82,82.06,1,6,6,1,2,0.444,24,0,0,none,1.0,1.0,1.0,T19424,Ranolazine,pFOX / 晚钠电流,部分脂肪酸氧化抑制，改善代谢底物利用,0.157,无明确优势骨架命中,,,0.0,0.1566,O=C1OCc2ccccc21,0.5783
414,T4224,825658-06-8,CS(=O)(=O)Nc1ccc(C(=O)NCc2ccc(Cl)cc2Cl)cc1,C15H14Cl2N2O3S,373.26,3.29,75.27,2,3,5,2,2,0.133,23,2,0,none,1.0,1.0,1.0,T4224,Bezafibrate,PPAR pan,泛 PPAR 弱激动剂，降低血浆与肝内甘油三酯,0.306,无明确优势骨架命中,,,0.0,0.3065,O=C(NCc1ccccc1)c1ccccc1,0.6532
415,T6593,1222800-79-4,CN(C)CCCNC(=O)c1ccc(-c2cc(O)c3ncccc3c2)cc1,C21H23N3O2,349.43,3.29,65.46,2,4,6,3,3,0.238,26,0,0,none,1.0,1.0,1.0,T6593,Bezafibrate,PPAR pan,泛 PPAR 弱激动剂，降低血浆与肝内甘油三酯,0.236,无明确优势骨架命中,,,0.0,0.2361,c1ccc(-c2ccc3ncccc3c2)cc1,0.618
416,T6587,145525-41-3,O=C(O)[C@H](CC(=O)N1C[C@H]2CCCC[C@H]2C1)Cc1ccccc1,C19H25NO3,315.41,2.97,57.61,1,2,5,1,3,0.579,23,0,0,none,1.0,1.0,1.0,T1530;T6587,Salicylate,"AMPK (direct, beta1)",直接结合 AMPK beta1 变构位点，抑制脂肪生成,0.196,无明确优势骨架命中,,,0.0,0.1957,O=C(CCCc1ccccc1)N1CC2CCCCC2C1,0.5978
417,T13919,56488-59-6,CC(C)(C)c1ccc(OCC(O)COc2ccc(C(=O)O)cc2)cc1,C20H24O5,344.41,3.5,75.99,2,4,7,2,2,0.35,25,0,0,none,1.0,1.0,1.0,T13919,Fenofibric acid,PPAR-alpha,激活 PPAR-alpha 上调 CPT1/ACOX1，增强线粒体与过氧化物酶体脂肪酸氧化,0.312,无明确优势骨架命中,,,0.0,0.3125,c1ccc(OCCCOc2ccccc2)cc1,0.6562
418,T7802,874590-32-6,O=S1(=O)N=C(Nc2ccccc2N2CCCC2)c2ccccc21,C17H17N3O2S,327.41,2.85,61.77,1,4,2,2,4,0.235,23,0,0,none,1.0,1.0,1.0,T7802,Ranolazine,pFOX / 晚钠电流,部分脂肪酸氧化抑制，改善代谢底物利用,0.13,无明确优势骨架命中,,,0.0,0.1299,O=S1(=O)N=C(Nc2ccccc2N2CCCC2)c2ccccc21,0.5649
419,T13318,1809085-30-0,C[C@@H]1CN(c2cccnc2F)C(=O)c2cc(COc3ccc(Cl)cn3)nn21,C18H15ClFN5O2,387.8,3.27,73.14,0,5,4,3,4,0.222,27,2,0,none,1.0,1.0,1.0,T13318,Rosiglitazone,PPAR-gamma,TZD 类 PPAR-gamma 全激动剂，改善胰岛素抵抗与肝内脂肪蓄积,0.165,哌嗪/哌啶杂芳基甲酰胺,SCD1 / DGAT2,脂质酶抑制剂常见的环胺-酰胺连接模式，倾向作用于 SCD1/DGAT2 等内质网膜结合型脂质合成酶,0.55,0.4123,O=C1c2cc(COc3ccccn3)nn2CCN1c1cccnc1,0.7062
420,T0920,18683-91-5,Nc1c(Br)cc(Br)cc1CN[C@H]1CC[C@H](O)CC1,C13H18Br2N2O,378.11,3.19,58.28,3,3,3,1,2,0.538,18,2,0,none,1.0,1.0,1.0,T0920;T6234,AICAR,AMPK (AMP mimetic),细胞内转化为 ZMP 模拟 AMP 别构激活 AMPK,0.125,无明确优势骨架命中,,,0.0,0.125,c1ccc(CNC2CCCCC2)cc1,0.5625
421,T201369,,c1cc(Nc2ccc(O[C@H]3CCCNC3)cc2)c2cc[nH]c2n1,C18H20N4O,308.39,3.44,61.97,3,4,4,3,4,0.278,23,0,0,none,1.0,1.0,1.0,T201369,Ervogastat (PF-06865571),DGAT2,口服 DGAT2 抑制剂，降低肝内甘油三酯合成与 VLDL 分泌,0.205,无明确优势骨架命中,,,0.0,0.2051,c1cc(Nc2ccc(OC3CCCNC3)cc2)c2cc[nH]c2n1,0.6026
422,T73462L,1424378-99-3,Cc1ccc([C@@H]2C[C@H]2COc2cc(NCc3nnc(C)s3)nc(C)n2)nc1,C19H22N6OS,382.49,3.44,85.71,1,8,7,3,4,0.421,27,0,0,none,1.0,1.0,1.0,T73462L,Gemfibrozil,PPAR-alpha,苯氧戊酸类 PPAR-alpha 激动剂，抑制肝脏 VLDL-TG 分泌,0.141,无明确优势骨架命中,,,0.0,0.141,c1ccc(C2CC2COc2cc(NCc3nncs3)ncn2)nc1,0.5705
423,T6950,501925-31-1,COc1cc(OC)c(NC(=O)Nc2cc(C)on2)cc1Cl,C13H14ClN3O4,311.73,3.3,85.62,2,5,4,2,2,0.231,21,1,0,none,1.0,1.0,1.0,T6950,Ranolazine,pFOX / 晚钠电流,部分脂肪酸氧化抑制，改善代谢底物利用,0.189,无明确优势骨架命中,,,0.0,0.1892,O=C(Nc1ccccc1)Nc1ccon1,0.5946
424,T24933,1278553-16-4,O=C(C1CCCCC1)N1CCN(S(=O)(=O)c2cccc3cnccc23)CC1,C20H25N3O3S,387.51,2.65,70.58,0,4,3,2,4,0.5,27,0,0,none,1.0,1.0,1.0,T24933,Ervogastat (PF-06865571),DGAT2,口服 DGAT2 抑制剂，降低肝内甘油三酯合成与 VLDL 分泌,0.221,无明确优势骨架命中,,,0.0,0.2208,O=C(C1CCCCC1)N1CCN(S(=O)(=O)c2cccc3cnccc23)CC1,0.6104
425,T7922,143390-89-0,CO/N=C(/C(=O)OC)c1ccccc1COc1ccccc1C,C18H19NO4,313.35,3.1,57.12,0,5,6,2,2,0.222,23,0,0,none,1.0,1.0,1.0,T7922,Ranolazine,pFOX / 晚钠电流,部分脂肪酸氧化抑制，改善代谢底物利用,0.271,无明确优势骨架命中,,,0.0,0.2714,c1ccc(COc2ccccc2)cc1,0.6357
426,T77339,304685-40-3,CCN1C(=O)c2cccc3c(S(=O)(=O)N4CCCC4)ccc1c23,C17H18N2O3S,330.41,2.6,57.69,0,3,3,2,4,0.353,23,0,0,none,1.0,1.0,1.0,T77339,Lanifibranor,PPAR pan (alpha/delta/gamma),泛 PPAR 激动，促进 beta-氧化、抑制脂肪生成与炎症纤维化,0.197,哌嗪/哌啶杂芳基甲酰胺,SCD1 / DGAT2,脂质酶抑制剂常见的环胺-酰胺连接模式，倾向作用于 SCD1/DGAT2 等内质网膜结合型脂质合成酶,0.55,0.4447,O=C1Nc2ccc(S(=O)(=O)N3CCCC3)c3cccc1c23,0.7224
427,T77335,1332084-64-6,Nc1nccc(N2CCCC(CO)(CCCc3ccccc3)C2)n1,C19H26N4O,326.44,2.66,75.27,2,5,6,2,3,0.474,24,0,0,none,1.0,1.0,1.0,T77335,Telmisartan,PPAR-gamma partial / AT1R,AT1 受体拮抗兼 PPAR-gamma 部分激动，文献报道减轻肝细胞脂肪变,0.187,无明确优势骨架命中,,,0.0,0.1868,c1ccc(CCCC2CCCN(c3ccncn3)C2)cc1,0.5934
428,T6928,102625-70-7,COc1ccnc(CS(=O)c2nc3ccc(OC(F)F)cc3[nH]2)c1OC,C16H15F2N3O4S,383.38,2.88,86.33,1,6,7,3,3,0.25,26,2,0,none,1.0,1.0,1.0,T6928,Trimetazidine,3-KAT (长链硫解酶),部分脂肪酸氧化抑制剂，代谢调节剂,0.2,无明确优势骨架命中,,,0.0,0.2,O=S(Cc1ccccn1)c1nc2ccccc2[nH]1,0.6
429,T22674,193356-17-1,Cc1ccc(CC2(O)CCN(CCOc3ccc(O)cc3)CC2)cc1,C21H27NO3,341.45,3.15,52.93,2,4,6,2,3,0.429,25,0,0,none,1.0,1.0,1.0,T22674,Etomoxir,CPT1a (抑制剂/阴性对照),CPT1 不可逆抑制剂，作为脂肪酸氧化通路机制阴性对照,0.242,无明确优势骨架命中,,,0.0,0.2424,c1ccc(CC2CCN(CCOc3ccccc3)CC2)cc1,0.6212
430,T35273,1964457-41-7,FC(F)(F)Oc1ccccc1-c1nnc(C#Cc2cccnc2)o1,C16H8F3N3O2,331.25,3.43,61.04,0,5,2,3,3,0.062,24,3,0,none,1.0,1.0,1.0,T35273,Nicotinic acid (Niacin),HCAR2 / DGAT2,抑制脂肪组织脂解并弱抑制 DGAT2，减少肝内 VLDL 底物供应,0.204,无明确优势骨架命中,,,0.0,0.2037,C(#Cc1nnc(-c2ccccc2)o1)c1cccnc1,0.6018
431,T8532,1422365-93-2,N=C(NC(=N)N1CCCC1)Nc1ccc(OC(F)(F)F)cc1,C13H16F3N5O,315.3,2.55,84.23,4,3,2,1,2,0.385,22,3,0,none,1.0,1.0,1.0,T8532,TVB-2640 (Denifanstat),FASN,脂肪酸合酶 beta-酮脂酰还原酶结构域抑制剂，直接阻断棕榈酸从头合成,0.247,双胍 (biguanide),AMPK (indirect),抑制线粒体呼吸链复合物I，升高 AMP/ATP 比值激活 LKB1-AMPK 轴，磷酸化失活 ACC1/2 并抑制 SREBP-1c，阻断新发脂质合成,0.9,0.6518,N=C(NC(=N)N1CCCC1)Nc1ccccc1,0.8259
432,TN5137,16692-52-7,COc1ccc(-c2oc3cc(OC)cc(OC)c3c(=O)c2OC)cc1,C19H18O6,342.35,3.49,67.13,0,6,5,3,3,0.211,25,0,0,none,1.0,1.0,1.0,TN5137,Trimetazidine,3-KAT (长链硫解酶),部分脂肪酸氧化抑制剂，代谢调节剂,0.193,黄酮/黄烷酮母核,AMPK / SREBP-1c,黄酮类多酚激活 AMPK-SIRT1 轴，抑制 SREBP-1c/FAS/ACC 表达并促进脂噬,0.6,0.463,O=c1cc(-c2ccccc2)oc2ccccc12,0.7315
433,T1049L,5633-20-5,CCN(CC)CC#CCOC(=O)C(O)(c1ccccc1)C1CCCCC1,C22H31NO3,357.49,3.34,49.77,1,4,7,1,2,0.591,26,0,0,none,1.0,1.0,1.0,T1049;T1049L,Ciprofibrate,PPAR-alpha,长效贝特类，诱导过氧化物酶体增殖与脂肪酸 beta-氧化,0.182,无明确优势骨架命中,,,0.0,0.1818,c1ccc(CC2CCCCC2)cc1,0.5909
434,TN1521,181311-16-0,COc1ccc2c(c1)OC[C@@H](c1cc(O)c(OC)c(OC)c1O)C2,C18H20O6,332.35,2.84,77.38,2,6,4,2,3,0.333,24,0,0,none,1.0,1.0,1.0,TN1521,Berberine,AMPK / PCSK9 / LDLR,原小檗碱型生物碱，激活 AMPK 并稳定 LDLR mRNA，HepG2 经典降脂阳性对照,0.225,无明确优势骨架命中,,,0.0,0.2254,c1ccc(C2COc3ccccc3C2)cc1,0.6127
435,T201911,496014-13-2,COc1ccc(OC)c(S(=O)(=O)Nc2cnc3ccccc3c2)c1,C17H16N2O4S,344.39,3.05,77.52,1,5,5,3,3,0.118,24,0,0,none,1.0,1.0,1.0,T201911,Ranolazine,pFOX / 晚钠电流,部分脂肪酸氧化抑制，改善代谢底物利用,0.195,无明确优势骨架命中,,,0.0,0.1948,O=S(=O)(Nc1cnc2ccccc2c1)c1ccccc1,0.5974
436,T24855,1678515-13-3,COc1ccc(S(=O)(=O)N2CCC(N3CCC(C)CC3)CC2)cc1,C18H28N2O3S,352.5,2.58,49.85,0,4,4,1,3,0.667,24,0,0,none,1.0,1.0,1.0,T22632;T24855,Lanifibranor,PPAR pan (alpha/delta/gamma),泛 PPAR 激动，促进 beta-氧化、抑制脂肪生成与炎症纤维化,0.246,无明确优势骨架命中,,,0.0,0.2462,O=S(=O)(c1ccccc1)N1CCC(N2CCCCC2)CC1,0.6231
437,T29118,1443748-47-7,C[C@@H]1CN(c2cccnc2C#N)CCN1C(=O)C12CC3CC(CC(C3)C1)C2,C22H28N4O,364.49,3.21,60.23,0,4,2,1,6,0.682,27,0,0,none,1.0,1.0,1.0,T29118,Ervogastat (PF-06865571),DGAT2,口服 DGAT2 抑制剂，降低肝内甘油三酯合成与 VLDL 分泌,0.167,无明确优势骨架命中,,,0.0,0.1667,O=C(N1CCN(c2cccnc2)CC1)C12CC3CC(CC(C3)C1)C2,0.5834
438,T61093,303018-40-8,Cc1cc(C)c(C#N)c(SCC(=O)Nc2ccc3c(c2)OCO3)n1,C17H15N3O3S,341.39,3.03,84.24,1,6,4,2,3,0.235,24,0,0,none,1.0,1.0,1.0,T61093,Ranolazine,pFOX / 晚钠电流,部分脂肪酸氧化抑制，改善代谢底物利用,0.176,无明确优势骨架命中,,,0.0,0.1765,O=C(CSc1ccccn1)Nc1ccc2c(c1)OCO2,0.5882
439,T24948,901008-62-6,CCC(=O)N1c2ccc(S(=O)(=O)Nc3cccc(OC)c3)cc2CC1C,C19H22N2O4S,374.46,3.18,75.71,1,4,5,2,3,0.316,26,0,0,none,1.0,1.0,1.0,T24948,Ranolazine,pFOX / 晚钠电流,部分脂肪酸氧化抑制，改善代谢底物利用,0.2,无明确优势骨架命中,,,0.0,0.2,O=S(=O)(Nc1ccccc1)c1ccc2c(c1)CCN2,0.6
440,T23527,1207064-61-6,CN(C)CCn1cc(S(=O)(=O)c2cccc(F)c2)c2cccnc21,C17H18FN3O2S,347.42,2.57,55.2,0,4,5,3,3,0.235,24,1,0,none,1.0,1.0,1.0,T23527,Rosuvastatin,HMGCR,亲水性强效 HMGCR 抑制剂，肝选择性摄取(OATP1B1),0.18,无明确优势骨架命中,,,0.0,0.1798,O=S(=O)(c1ccccc1)c1c[nH]c2ncccc12,0.5899
441,T34532,80565-58-8,CCc1noc(C)c1-c1[nH]c2ccccc2c1C(O)CN(C)C,C18H23N3O2,313.4,3.29,65.29,2,4,5,3,3,0.389,23,0,0,none,1.0,1.0,1.0,T34532,Fluvastatin,HMGCR,全合成 HMGCR 抑制剂,0.169,无明确优势骨架命中,,,0.0,0.1687,c1ccc2[nH]c(-c3cnoc3)cc2c1,0.5844
442,T23821,1404559-91-6,Nc1ccc(-c2ccc(F)cc2)cc1NC(=O)C1CCOCC1,C18H19FN2O2,314.36,3.44,64.35,2,3,3,2,3,0.278,23,1,0,none,1.0,1.0,1.0,T23821,TVB-2640 (Denifanstat),FASN,脂肪酸合酶 beta-酮脂酰还原酶结构域抑制剂，直接阻断棕榈酸从头合成,0.195,无明确优势骨架命中,,,0.0,0.1951,O=C(Nc1cccc(-c2ccccc2)c1)C1CCOCC1,0.5976
443,T61072,1377897-01-2,CC(C)(O)CCc1cccc(C(=O)N2Cc3ccccc3C(O)C2)c1,C21H25NO3,339.44,3.08,60.77,2,3,4,2,3,0.381,25,0,0,none,1.0,1.0,1.0,T61072,Ciprofibrate,PPAR-alpha,长效贝特类，诱导过氧化物酶体增殖与脂肪酸 beta-氧化,0.174,哌嗪/哌啶杂芳基甲酰胺,SCD1 / DGAT2,脂质酶抑制剂常见的环胺-酰胺连接模式，倾向作用于 SCD1/DGAT2 等内质网膜结合型脂质合成酶,0.55,0.4214,O=C(c1ccccc1)N1CCc2ccccc2C1,0.7107
444,T1021,138530-94-6,Cc1c(OCC(F)(F)F)ccnc1C[S@@](=O)c1nc2ccccc2[nH]1,C16H14F3N3O2S,369.37,3.52,67.87,1,4,5,3,3,0.25,25,3,0,none,0.9999,1.0,1.0,T1021,GW501516,PPAR-delta,PPAR-delta 选择性激动，提升肝与骨骼肌脂肪酸氧化,0.198,无明确优势骨架命中,,,0.0,0.1977,O=S(Cc1ccccn1)c1nc2ccccc2[nH]1,0.5988
445,T11529,2194903-42-7,Cc1csc(NC(=O)C2CCN(C(=O)N(C)Cc3ccccc3)CC2)n1,C19H24N4O2S,372.49,3.35,65.54,1,4,4,2,3,0.421,26,0,0,none,1.0,1.0,1.0,T11529,PF-06424439 (DGAT2i),DGAT2,二酰甘油酰基转移酶2 抑制剂，直接阻断甘油三酯酯化终末步骤,0.243,无明确优势骨架命中,,,0.0,0.2432,O=C(Nc1nccs1)C1CCN(C(=O)NCc2ccccc2)CC1,0.6216
446,T12064,1038915-58-0,NC(=O)c1cccc2cn(-c3ccc([C@H]4CCCNC4)cc3)nc12,C19H20N4O,320.4,2.59,72.94,2,3,3,3,4,0.263,24,0,0,none,1.0,1.0,1.0,T12064,TVB-2640 (Denifanstat),FASN,脂肪酸合酶 beta-酮脂酰还原酶结构域抑制剂，直接阻断棕榈酸从头合成,0.189,无明确优势骨架命中,,,0.0,0.1889,c1ccc2nn(-c3ccc(C4CCCNC4)cc3)cc2c1,0.5944
447,T12480,1893-33-0,NC(=O)C1(N2CCCCC2)CCN(CCCC(=O)c2ccc(F)cc2)CC1,C21H30FN3O2,375.49,2.59,66.64,1,4,7,1,3,0.619,27,1,0,none,1.0,1.0,1.0,T12480,Atorvastatin,HMGCR,HMG-CoA 还原酶抑制，降低胆固醇合成并上调 LDLR,0.174,无明确优势骨架命中,,,0.0,0.1744,O=C(CCCN1CCC(N2CCCCC2)CC1)c1ccccc1,0.5872
448,T7699,942437-37-8,CCCNC(=O)c1nnc2c(-c3c(F)cccc3OC)cccc2c1N,C19H19FN4O2,354.39,3.17,90.13,2,5,5,3,3,0.211,26,1,0,none,1.0,1.0,1.0,T7699,Ranolazine,pFOX / 晚钠电流,部分脂肪酸氧化抑制，改善代谢底物利用,0.202,无明确优势骨架命中,,,0.0,0.2024,c1ccc(-c2cccc3ccnnc23)cc1,0.6012
449,TN1817,15486-34-7,COc1ccc(-c2oc3cc(OC)cc(O)c3c(=O)c2OC)cc1,C18H16O6,328.32,3.19,78.13,1,6,4,3,3,0.167,24,0,0,none,1.0,1.0,1.0,TN1817,Naringenin,PPAR-alpha / SREBP,柑橘黄烷酮，抑制脂肪生成基因并促进脂肪酸氧化,0.2,黄酮/黄烷酮母核,AMPK / SREBP-1c,黄酮类多酚激活 AMPK-SIRT1 轴，抑制 SREBP-1c/FAS/ACC 表达并促进脂噬,0.6,0.47,O=c1cc(-c2ccccc2)oc2ccccc12,0.735
450,T37591,2383117-96-0,C#Cc1cnc2[nH]cc(-c3cccc4c3CCN4C(=O)[C@@H]3CCCN3C#N)c2c1,C23H19N5O,381.44,3.05,76.02,1,4,2,3,5,0.261,29,0,0,none,1.0,1.0,1.0,T37591,Ervogastat (PF-06865571),DGAT2,口服 DGAT2 抑制剂，降低肝内甘油三酯合成与 VLDL 分泌,0.168,无明确优势骨架命中,,,0.0,0.1684,O=C(C1CCCN1)N1CCc2c(-c3c[nH]c4ncccc34)cccc21,0.5842
451,T39235,180851-50-7,Cc1ccc(S(=O)(=O)OCCCCNC(=O)OC(C)(C)C)cc1,C16H25NO5S,343.44,3.01,81.7,1,5,7,1,1,0.562,23,0,0,none,1.0,1.0,1.0,T39235,Gemfibrozil,PPAR-alpha,苯氧戊酸类 PPAR-alpha 激动剂，抑制肝脏 VLDL-TG 分泌,0.298,无明确优势骨架命中,,,0.0,0.2982,c1ccccc1,0.6491
452,T39252,1818252-53-7,O=C(NC1CCOCC1)c1csc([C@@H]2C[C@H]2NCC2CC2)c1,C17H24N2O2S,320.46,2.51,50.36,2,4,6,1,4,0.706,22,0,0,none,1.0,1.0,1.0,T39252,TVB-2640 (Denifanstat),FASN,脂肪酸合酶 beta-酮脂酰还原酶结构域抑制剂，直接阻断棕榈酸从头合成,0.235,无明确优势骨架命中,,,0.0,0.2353,O=C(NC1CCOCC1)c1csc(C2CC2NCC2CC2)c1,0.6176
453,TN3120,95480-80-1,COc1c(OC(C)=O)cc(O)c2c(=O)cc(-c3ccccc3)oc12,C18H14O6,326.3,3.1,85.97,1,6,3,3,3,0.111,24,0,0,none,1.0,1.0,1.0,TN3120,Salicylate,"AMPK (direct, beta1)",直接结合 AMPK beta1 变构位点，抑制脂肪生成,0.216,黄酮/黄烷酮母核,AMPK / SREBP-1c,黄酮类多酚激活 AMPK-SIRT1 轴，抑制 SREBP-1c/FAS/ACC 表达并促进脂噬,0.6,0.4857,O=c1cc(-c2ccccc2)oc2ccccc12,0.7428
454,T26086,132014-21-2,CC1(C)Oc2ccc(S(=O)(=O)c3ccccc3)cc2[C@@H](N2CCCC2=O)[C@@H]1O,C21H23NO5S,401.48,2.71,83.91,1,5,3,2,4,0.381,28,0,0,none,1.0,1.0,1.0,T26086,Lanifibranor,PPAR pan (alpha/delta/gamma),泛 PPAR 激动，促进 beta-氧化、抑制脂肪生成与炎症纤维化,0.237,无明确优势骨架命中,,,0.0,0.2368,O=C1CCCN1C1CCOc2ccc(S(=O)(=O)c3ccccc3)cc21,0.6184
455,T10643,885703-64-0,CN1CCN(c2ccc(NC(=O)c3ccc(C#N)o3)c(N3CCCCC3)c2)CC1,C22H27N5O2,393.49,3.15,75.75,1,6,4,2,4,0.455,29,0,0,none,1.0,1.0,1.0,T10643,Lanifibranor,PPAR pan (alpha/delta/gamma),泛 PPAR 激动，促进 beta-氧化、抑制脂肪生成与炎症纤维化,0.175,无明确优势骨架命中,,,0.0,0.175,O=C(Nc1ccc(N2CCNCC2)cc1N1CCCCC1)c1ccco1,0.5875
456,T67769,1215208-59-5,COc1cc(C(=O)c2ccc3ncccc3c2)cc(OC)c1OC,C19H17NO4,323.35,3.49,57.65,0,5,5,3,3,0.158,24,0,0,none,1.0,1.0,1.0,T67769,Nicotinic acid (Niacin),HCAR2 / DGAT2,抑制脂肪组织脂解并弱抑制 DGAT2，减少肝内 VLDL 底物供应,0.229,无明确优势骨架命中,,,0.0,0.2292,O=C(c1ccccc1)c1ccc2ncccc2c1,0.6146
457,T21640,57460-41-0,CC(C)(C)NCC(O)COc1ccc(NC(=O)NC2CCCCC2)cc1,C20H33N3O3,363.5,3.27,82.62,4,4,7,1,2,0.65,26,0,0,none,1.0,1.0,1.0,T21640,Ranolazine,pFOX / 晚钠电流,部分脂肪酸氧化抑制，改善代谢底物利用,0.234,无明确优势骨架命中,,,0.0,0.2338,O=C(Nc1ccccc1)NC1CCCCC1,0.6169
458,T3876,119425-90-0,COc1cc(OC)c(CCC(=O)c2ccc(O)cc2)c(OC)c1,C18H20O5,316.35,3.23,64.99,1,5,7,2,2,0.278,23,0,0,none,1.0,1.0,1.0,T3876,Bezafibrate,PPAR pan,泛 PPAR 弱激动剂，降低血浆与肝内甘油三酯,0.213,无明确优势骨架命中,,,0.0,0.2131,O=C(CCc1ccccc1)c1ccccc1,0.6066
459,T3864,95041-90-0,COc1ccc(CCc2cc(OC)c(OC)c(OC)c2)cc1O,C18H22O5,318.37,3.21,57.15,1,5,7,2,2,0.333,23,0,0,none,1.0,1.0,1.0,T3864,Trimetazidine,3-KAT (长链硫解酶),部分脂肪酸氧化抑制剂，代谢调节剂,0.277,无明确优势骨架命中,,,0.0,0.2766,c1ccc(CCc2ccccc2)cc1,0.6383
460,T15049,79094-20-5,O=C(O)Cc1ccc(CCNS(=O)(=O)c2ccc(Cl)cc2)cc1,C16H16ClNO4S,353.83,2.49,83.47,2,3,7,2,2,0.188,23,1,0,none,1.0,1.0,1.0,T15049,Bezafibrate,PPAR pan,泛 PPAR 弱激动剂，降低血浆与肝内甘油三酯,0.382,芳基乙酸 + 磺酰胺 (pan-PPAR lanifibranor 型),PPAR pan,磺酰基环胺连接的芳基乙酸头基，泛 PPAR(alpha/delta/gamma) 激动，同时促进 beta-氧化、抑制脂肪生成并下调炎症纤维化通路,0.78,0.7328,O=S(=O)(NCCc1ccccc1)c1ccccc1,0.8664
461,T1551,189188-57-6,CCCCCNC(=N)N/N=C/c1c[nH]c2ccc(OC)cc12,C16H23N5O,301.39,2.81,85.29,4,3,7,2,2,0.375,22,0,0,none,1.0,1.0,1.0,T1551,Bezafibrate,PPAR pan,泛 PPAR 弱激动剂，降低血浆与肝内甘油三酯,0.152,无明确优势骨架命中,,,0.0,0.1519,c1ccc2[nH]ccc2c1,0.576
462,T9522,2167246-24-2,Cc1ccn(-c2nc(NC3CCC(F)(F)CC3)cc(N3CCOCC3)n2)n1,C18H24F2N6O,378.43,2.8,68.1,1,6,4,2,4,0.611,27,2,0,none,1.0,1.0,1.0,T9522,TVB-2640 (Denifanstat),FASN,脂肪酸合酶 beta-酮脂酰还原酶结构域抑制剂，直接阻断棕榈酸从头合成,0.233,无明确优势骨架命中,,,0.0,0.2333,c1cnn(-c2nc(NC3CCCCC3)cc(N3CCOCC3)n2)c1,0.6166
463,T20539,29232-93-7,CCN(CC)c1nc(C)cc(OP(=S)(OC)OC)n1,C11H20N3O3PS,305.34,2.53,56.71,0,7,7,1,1,0.636,19,0,0,none,1.0,1.0,1.0,T20539,GW501516,PPAR-delta,PPAR-delta 选择性激动，提升肝与骨骼肌脂肪酸氧化,0.143,无明确优势骨架命中,,,0.0,0.1429,c1cncnc1,0.5714
464,T6171,501437-28-1,CC(C)CCN1c2nc(Nc3cc(F)c(O)c(F)c3)ncc2N(C)C(=O)C1C,C19H23F2N5O2,391.42,3.42,81.59,2,6,5,2,3,0.421,28,2,0,none,1.0,1.0,1.0,T6171,Pioglitazone,PPAR-gamma,噻唑烷二酮胰岛素增敏剂，促进脂肪组织脂质再分布、降低肝细胞脂毒性,0.181,无明确优势骨架命中,,,0.0,0.1807,O=C1CNc2nc(Nc3ccccc3)ncc2N1,0.5904
465,TQ0066,720690-73-3,CNC(=O)c1ccc(Oc2ccc3c(c2)CCN(C2CCC2)CC3)nc1,C21H25N3O2,351.45,3.19,54.46,1,4,4,2,4,0.429,26,0,0,none,1.0,1.0,1.0,TQ0066,Lanifibranor,PPAR pan (alpha/delta/gamma),泛 PPAR 激动，促进 beta-氧化、抑制脂肪生成与炎症纤维化,0.234,无明确优势骨架命中,,,0.0,0.2338,c1ccc(Oc2ccc3c(c2)CCN(C2CCC2)CC3)nc1,0.6169
466,T85310,2485052-87-5,N#Cc1cccc(CN2CCc3ncn(Cc4ccc(Cl)cc4)c(=O)c3C2)c1,C22H19ClN4O,390.87,3.37,61.92,0,4,4,3,4,0.227,28,1,0,none,1.0,1.0,1.0,T85310,Lanifibranor,PPAR pan (alpha/delta/gamma),泛 PPAR 激动，促进 beta-氧化、抑制脂肪生成与炎症纤维化,0.169,无明确优势骨架命中,,,0.0,0.1687,O=c1c2c(ncn1Cc1ccccc1)CCN(Cc1ccccc1)C2,0.5844
467,T1674,105816-04-4,CC(C)[C@H]1CC[C@H](C(=O)N[C@H](Cc2ccccc2)C(=O)O)CC1,C19H27NO3,317.43,3.26,66.4,2,2,6,1,2,0.579,23,0,0,none,1.0,1.0,1.0,T1674,Atorvastatin,HMGCR,HMG-CoA 还原酶抑制，降低胆固醇合成并上调 LDLR,0.218,无明确优势骨架命中,,,0.0,0.2179,O=C(NCCc1ccccc1)C1CCCCC1,0.609
468,T1655,177036-94-1,COC(c1ccccc1)(c1ccccc1)[C@H](Oc1nc(C)cc(C)n1)C(=O)O,C22H22N2O4,378.43,3.52,81.54,1,5,7,3,3,0.227,28,0,0,none,0.9999,1.0,1.0,T1655,GW501516,PPAR-delta,PPAR-delta 选择性激动，提升肝与骨骼肌脂肪酸氧化,0.213,无明确优势骨架命中,,,0.0,0.2133,c1ccc(C(COc2ncccn2)c2ccccc2)cc1,0.6066
469,T61274,951120-33-5,NC(=O)c1c(F)ccc(OCc2nc3cc(Cl)cnc3s2)c1F,C14H8ClF2N3O2S,355.75,3.3,78.1,1,5,4,3,3,0.071,23,3,0,none,1.0,1.0,1.0,T61274,GW501516,PPAR-delta,PPAR-delta 选择性激动，提升肝与骨骼肌脂肪酸氧化,0.2,无明确优势骨架命中,,,0.0,0.2,c1ccc(OCc2nc3cccnc3s2)cc1,0.6
470,T38614,1229024-78-5,CCCCc1nc2c(N)nc3ccccc3c2n1CC(C)(C)O,C18H24N4O,312.42,3.28,76.96,2,4,5,3,3,0.444,23,0,0,none,1.0,1.0,1.0,T38614,Telmisartan,PPAR-gamma partial / AT1R,AT1 受体拮抗兼 PPAR-gamma 部分激动，文献报道减轻肝细胞脂肪变,0.265,无明确优势骨架命中,,,0.0,0.2651,c1ccc2c(c1)ncc1nc[nH]c12,0.6325
471,T8444,1356834-62-2,Cn1c(SCc2ccc(C(C)(C)C)cc2)nc(N)cc1=O,C16H21N3OS,303.43,2.95,60.91,1,4,3,2,2,0.375,21,0,0,none,1.0,1.0,1.0,T8444,GW501516,PPAR-delta,PPAR-delta 选择性激动，提升肝与骨骼肌脂肪酸氧化,0.208,无明确优势骨架命中,,,0.0,0.2078,O=c1ccnc(SCc2ccccc2)[nH]1,0.6039
472,T87526,1005178-02-8,O=C(O)C1C2C=CC(C3CC23)C1C(=O)Nc1ccc(Cc2ccncc2)cc1,C23H22N2O3,374.44,3.38,79.29,2,3,5,2,6,0.348,28,0,0,none,1.0,1.0,1.0,T87526,Ervogastat (PF-06865571),DGAT2,口服 DGAT2 抑制剂，降低肝内甘油三酯合成与 VLDL 分泌,0.2,无明确优势骨架命中,,,0.0,0.2,O=C(Nc1ccc(Cc2ccncc2)cc1)C1CC2C=CC1C1CC21,0.6
473,T77569,2368835-59-8,CC(Sc1nncn1C)c1cccc(NC(=O)c2ccccn2)c1,C17H17N5OS,339.42,3.32,72.7,1,5,5,3,3,0.176,24,0,0,none,1.0,1.0,1.0,T77569,Atorvastatin,HMGCR,HMG-CoA 还原酶抑制，降低胆固醇合成并上调 LDLR,0.216,无明确优势骨架命中,,,0.0,0.2159,O=C(Nc1cccc(CSc2nnc[nH]2)c1)c1ccccn1,0.608
474,T0103,64019-93-8,CNCC(O)c1ccc(OC(=O)C(C)(C)C)c(OC(=O)C(C)(C)C)c1,C19H29NO5,351.44,2.84,84.86,2,6,5,1,1,0.579,25,0,0,none,1.0,1.0,1.0,T0103,Gemfibrozil,PPAR-alpha,苯氧戊酸类 PPAR-alpha 激动剂，抑制肝脏 VLDL-TG 分泌,0.228,无明确优势骨架命中,,,0.0,0.2281,c1ccccc1,0.614
475,TQ0230,1270014-40-8,O=C(CNc1cccc(Cl)c1)NC1CCCN(c2ncnc3[nH]ccc23)C1,C19H21ClN6O,384.87,2.81,85.94,3,5,5,3,4,0.316,27,1,0,none,1.0,1.0,1.0,TQ0230,TVB-2640 (Denifanstat),FASN,脂肪酸合酶 beta-酮脂酰还原酶结构域抑制剂，直接阻断棕榈酸从头合成,0.167,无明确优势骨架命中,,,0.0,0.1667,O=C(CNc1ccccc1)NC1CCCN(c2ncnc3[nH]ccc23)C1,0.5834
476,T22762,443144-27-2,N#Cc1c[nH]c2c(C(=O)N3CCN(CCc4ccc(F)cc4)CC3)cccc12,C22H21FN4O,376.44,3.18,63.13,1,3,4,3,4,0.273,28,1,0,none,1.0,1.0,1.0,T22762,Fluvastatin,HMGCR,全合成 HMGCR 抑制剂,0.184,哌嗪/哌啶杂芳基甲酰胺,SCD1 / DGAT2,脂质酶抑制剂常见的环胺-酰胺连接模式，倾向作用于 SCD1/DGAT2 等内质网膜结合型脂质合成酶,0.55,0.4314,O=C(c1cccc2cc[nH]c12)N1CCN(CCc2ccccc2)CC1,0.7157
477,T16867,900308-84-1,COc1cccc(C(=O)CC(=O)C(=O)Nc2cc(Cl)ccc2C)c1,C18H16ClNO4,345.78,3.44,72.47,1,4,6,2,2,0.167,24,1,0,none,1.0,1.0,1.0,T16867,Ranolazine,pFOX / 晚钠电流,部分脂肪酸氧化抑制，改善代谢底物利用,0.24,无明确优势骨架命中,,,0.0,0.24,O=C(CC(=O)c1ccccc1)C(=O)Nc1ccccc1,0.62
478,T60924,1414854-42-4,CN(C)C(C(=O)Nc1ccc2c(=O)[nH]ccc2c1)c1ccsc1,C17H17N3O2S,327.41,2.83,65.2,2,4,4,3,3,0.176,23,0,0,none,1.0,1.0,1.0,T60924,Rosiglitazone,PPAR-gamma,TZD 类 PPAR-gamma 全激动剂，改善胰岛素抵抗与肝内脂肪蓄积,0.143,无明确优势骨架命中,,,0.0,0.1429,O=C(Cc1ccsc1)Nc1ccc2c(=O)[nH]ccc2c1,0.5714
479,T3046,21102-95-4,COc1ccccc1N1CCN(CCN2C(=O)CC3(CCCC3)CC2=O)CC1,C22H31N3O3,385.51,2.53,53.09,0,5,5,1,4,0.636,28,0,0,none,1.0,1.0,1.0,T3046,Ranolazine,pFOX / 晚钠电流,部分脂肪酸氧化抑制，改善代谢底物利用,0.257,无明确优势骨架命中,,,0.0,0.2568,O=C1CC2(CCCC2)CC(=O)N1CCN1CCN(c2ccccc2)CC1,0.6284
480,T27931,886047-13-8,COc1nc2sc(C(=O)NC3CC3)c(N)c2c(C)c1Cl,C13H14ClN3O2S,311.79,2.74,77.24,2,5,3,2,3,0.385,20,1,0,none,1.0,1.0,1.0,T27931,TVB-2640 (Denifanstat),FASN,脂肪酸合酶 beta-酮脂酰还原酶结构域抑制剂，直接阻断棕榈酸从头合成,0.212,无明确优势骨架命中,,,0.0,0.2118,O=C(NC1CC1)c1cc2cccnc2s1,0.6059
481,T24154,868145-09-9,Cc1ccc(S(=O)(=O)NC(=O)COc2ccc3ccccc3c2)c(C)c1,C20H19NO4S,369.44,3.34,72.47,1,4,5,3,3,0.15,26,0,0,none,1.0,1.0,1.0,T24154,Gemfibrozil,PPAR-alpha,苯氧戊酸类 PPAR-alpha 激动剂，抑制肝脏 VLDL-TG 分泌,0.283,无明确优势骨架命中,,,0.0,0.2833,O=C(COc1ccc2ccccc2c1)NS(=O)(=O)c1ccccc1,0.6417
482,T69663,2369750-66-1,O=C(CO)N1CCc2[nH]c3c(Cl)c(Cl)cc(-c4cn[nH]c4)c3c2C1,C16H14Cl2N4O2,365.22,2.74,85.01,3,3,2,3,4,0.25,24,2,0,none,1.0,1.0,1.0,T69663,Lanifibranor,PPAR pan (alpha/delta/gamma),泛 PPAR 激动，促进 beta-氧化、抑制脂肪生成与炎症纤维化,0.169,无明确优势骨架命中,,,0.0,0.1687,c1cc(-c2cn[nH]c2)c2c3c([nH]c2c1)CCNC3,0.5844
483,T22418,1124381-69-6,CC(C)Nc1cc(C(F)(F)F)cc2nc(NC(=O)c3cccnc3)nn12,C16H15F3N6O,364.33,3.22,84.21,2,5,4,3,3,0.25,26,3,0,none,1.0,1.0,1.0,T22418,Nicotinic acid (Niacin),HCAR2 / DGAT2,抑制脂肪组织脂解并弱抑制 DGAT2，减少肝内 VLDL 底物供应,0.298,无明确优势骨架命中,,,0.0,0.2982,O=C(Nc1nc2ccccn2n1)c1cccnc1,0.6491
484,T8229,855-97-0,COc1cc(OC)c2c(=O)cc(-c3ccc(OC)c(OC)c3)oc2c1,C19H18O6,342.35,3.49,67.13,0,6,5,3,3,0.211,25,0,0,none,1.0,1.0,1.0,T8229,ACC inhibitor chemotype (firsocostat-like proxy),ACC1/ACC2,变构抑制乙酰辅酶A羧化酶，降低丙二酰辅酶A、阻断新发脂质合成(DNL)并解除 CPT1 抑制,0.194,黄酮/黄烷酮母核,AMPK / SREBP-1c,黄酮类多酚激活 AMPK-SIRT1 轴，抑制 SREBP-1c/FAS/ACC 表达并促进脂噬,0.6,0.4644,O=c1cc(-c2ccccc2)oc2ccccc12,0.7322
485,T12642L,1330782-76-7,Cc1n[nH]cc1-c1cc2nc([C@@H]3CC4CCN3CC4)[nH]c(=O)c2s1,C17H19N5OS,341.44,2.84,77.67,2,5,2,3,6,0.471,24,0,0,none,1.0,1.0,1.0,T12642L,GW501516,PPAR-delta,PPAR-delta 选择性激动，提升肝与骨骼肌脂肪酸氧化,0.154,无明确优势骨架命中,,,0.0,0.1538,O=c1[nH]c(C2CC3CCN2CC3)nc2cc(-c3cn[nH]c3)sc12,0.5769
486,T27133,792946-69-1,CCOC(=O)c1ccc(N2CCN(Cc3ccccc3)CC2)c(N)c1,C20H25N3O2,339.44,2.77,58.8,1,5,5,2,3,0.35,25,0,0,none,1.0,1.0,1.0,T27133,Ranolazine,pFOX / 晚钠电流,部分脂肪酸氧化抑制，改善代谢底物利用,0.221,无明确优势骨架命中,,,0.0,0.2208,c1ccc(CN2CCN(c3ccccc3)CC2)cc1,0.6104
487,T67951,,COc1cccc(C/N=C(\C)c2c(O)c3ccccc3oc2=O)c1,C19H17NO4,323.35,3.52,72.03,1,5,4,3,3,0.158,24,0,0,none,0.9999,1.0,1.0,T67951,Rosiglitazone,PPAR-gamma,TZD 类 PPAR-gamma 全激动剂，改善胰岛素抵抗与肝内脂肪蓄积,0.159,无明确优势骨架命中,,,0.0,0.1585,O=c1oc2ccccc2cc1C=NCc1ccccc1,0.5792
488,TQ0160,118-08-1,COc1ccc2c(c1OC)C(=O)O[C@@H]2[C@H]1c2cc3c(cc2CCN1C)OCO3,C21H21NO6,383.4,2.87,66.46,0,7,3,2,5,0.381,28,0,0,none,1.0,1.0,1.0,TQ0160,Berberine,AMPK / PCSK9 / LDLR,原小檗碱型生物碱，激活 AMPK 并稳定 LDLR mRNA，HepG2 经典降脂阳性对照,0.347,无明确优势骨架命中,,,0.0,0.3472,O=C1OC(C2NCCc3cc4c(cc32)OCO4)c2ccccc21,0.6736
489,T67563,35661-39-3,C[C@H](NC(=O)OCC1c2ccccc2-c2ccccc21)C(=O)O,C18H17NO4,311.34,3.0,75.63,2,3,4,2,3,0.222,23,0,0,none,1.0,1.0,1.0,T67563,Salicylate,"AMPK (direct, beta1)",直接结合 AMPK beta1 变构位点，抑制脂肪生成,0.2,无明确优势骨架命中,,,0.0,0.2,c1ccc2c(c1)Cc1ccccc1-2,0.6
490,T14367,2196204-23-4,c1nc(NC2CCC(N3CCOCC3)CC2)c2c(C3CCOCC3)c[nH]c2n1,C21H31N5O2,385.51,2.91,75.3,2,6,4,2,5,0.714,28,0,0,none,1.0,1.0,1.0,T14367,TVB-2640 (Denifanstat),FASN,脂肪酸合酶 beta-酮脂酰还原酶结构域抑制剂，直接阻断棕榈酸从头合成,0.195,无明确优势骨架命中,,,0.0,0.1954,c1nc(NC2CCC(N3CCOCC3)CC2)c2c(C3CCOCC3)c[nH]c2n1,0.5977
491,T11920,2170696-76-9,O=C(NCC1(O)CCC(F)(F)CC1)c1cc(=O)c2cc(F)ccc2o1,C17H16F3NO4,355.31,2.6,79.54,2,4,3,2,3,0.412,25,3,0,none,1.0,1.0,1.0,T11920,Atorvastatin,HMGCR,HMG-CoA 还原酶抑制，降低胆固醇合成并上调 LDLR,0.172,无明确优势骨架命中,,,0.0,0.1724,O=C(NCC1CCCCC1)c1cc(=O)c2ccccc2o1,0.5862
492,T4568,115956-12-2,O=C(O[C@H]1C[C@@H]2C[C@H]3C[C@H](C1)N2CC3=O)c1c[nH]c2ccccc12,C19H20N2O3,324.38,2.52,62.4,1,4,2,2,6,0.474,24,0,0,none,1.0,1.0,1.0,T4568,Salicylate,"AMPK (direct, beta1)",直接结合 AMPK beta1 变构位点，抑制脂肪生成,0.17,无明确优势骨架命中,,,0.0,0.1698,O=C(OC1CC2CC3CC(C1)N2CC3=O)c1c[nH]c2ccccc12,0.5849
493,T10929L,1008763-54-9,COc1ccc2c(c1)n(CCN)c(=O)n2C(=O)[C@@H]1C[C@H](C)CC[C@H]1C(C)C,C21H31N3O3,373.5,3.12,79.25,1,4,5,2,3,0.619,27,0,0,none,1.0,1.0,1.0,T10929L,Lovastatin,HMGCR,天然内酯型 HMGCR 抑制剂前药,0.165,无明确优势骨架命中,,,0.0,0.1649,O=C(C1CCCCC1)n1c(=O)[nH]c2ccccc21,0.5824
494,T3S1707,108853-14-1,COc1cc(CCc2cc(OC)c(O)c(OC)c2)ccc1O,C17H20O5,304.34,2.91,68.15,2,5,6,2,2,0.294,22,0,0,none,1.0,1.0,1.0,T3S1707,Trimetazidine,3-KAT (长链硫解酶),部分脂肪酸氧化抑制剂，代谢调节剂,0.208,无明确优势骨架命中,,,0.0,0.2083,c1ccc(CCc2ccccc2)cc1,0.6042
495,T27795L,1000308-09-7,NC(=O)NC[C@H]1CCCc2cc(S(=O)(=O)c3cccc(F)c3)ccc21,C18H19FN2O3S,362.43,2.75,89.26,2,3,4,2,3,0.278,25,1,0,none,1.0,1.0,1.0,T27795L,Lanifibranor,PPAR pan (alpha/delta/gamma),泛 PPAR 激动，促进 beta-氧化、抑制脂肪生成与炎症纤维化,0.195,无明确优势骨架命中,,,0.0,0.1948,O=S(=O)(c1ccccc1)c1ccc2c(c1)CCCC2,0.5974
496,T86954,55096-26-9,C=C1CC[C@@]2(O)[C@H]3Cc4ccc(O)c5c4[C@@]2(CCN3CC2CC2)[C@H]1O5,C21H25NO3,339.44,2.51,52.93,2,4,2,1,6,0.619,25,0,0,none,1.0,1.0,1.0,T86954,Lanifibranor,PPAR pan (alpha/delta/gamma),泛 PPAR 激动，促进 beta-氧化、抑制脂肪生成与炎症纤维化,0.155,无明确优势骨架命中,,,0.0,0.1548,C=C1CCC2C3Cc4cccc5c4C2(CCN3CC2CC2)C1O5,0.5774
497,T20719,39807-15-3,C#CCOc1cc(-n2nc(C(C)(C)C)oc2=O)c(Cl)cc1Cl,C15H14Cl2N2O3,341.19,3.44,57.26,0,4,3,2,2,0.333,22,2,0,none,1.0,1.0,1.0,T20719,Gemfibrozil,PPAR-alpha,苯氧戊酸类 PPAR-alpha 激动剂，抑制肝脏 VLDL-TG 分泌,0.197,无明确优势骨架命中,,,0.0,0.197,O=c1ocnn1-c1ccccc1,0.5985
498,T2842,481-53-8,COc1ccc(-c2cc(=O)c3c(OC)c(OC)c(OC)c(OC)c3o2)cc1,C20H20O7,372.37,3.5,76.36,0,7,6,3,3,0.25,27,0,0,none,1.0,1.0,1.0,T2842,Trimetazidine,3-KAT (长链硫解酶),部分脂肪酸氧化抑制剂，代谢调节剂,0.161,黄酮/黄烷酮母核,AMPK / SREBP-1c,黄酮类多酚激活 AMPK-SIRT1 轴，抑制 SREBP-1c/FAS/ACC 表达并促进脂噬,0.6,0.4307,O=c1cc(-c2ccccc2)oc2ccccc12,0.7154
499,T30140,68377-91-3,CC(C)(C)NCC(O)CSc1nc(-c2ccc(C(N)=O)s2)cs1,C15H21N3O2S3,371.55,2.81,88.24,3,7,7,2,2,0.467,23,0,0,none,1.0,1.0,1.0,T30140,GW501516,PPAR-delta,PPAR-delta 选择性激动，提升肝与骨骼肌脂肪酸氧化,0.17,无明确优势骨架命中,,,0.0,0.1705,c1csc(-c2cscn2)c1,0.5853
500,T23522,88519-57-7,NCCCCNS(=O)(=O)c1ccc2c(Cl)cccc2c1,C14H17ClN2O2S,312.82,2.51,72.19,2,3,6,2,2,0.286,20,1,0,none,1.0,1.0,1.0,T23522,Lanifibranor,PPAR pan (alpha/delta/gamma),泛 PPAR 激动，促进 beta-氧化、抑制脂肪生成与炎症纤维化,0.186,无明确优势骨架命中,,,0.0,0.1857,c1ccc2ccccc2c1,0.5928
501,T3A2467,485-91-6,COc1ccc2c(c1OC)CN(C)CCc1cc3c(cc1C(=O)C2)OCO3,C21H23NO5,369.42,2.85,57.23,0,6,2,2,4,0.381,27,0,0,none,1.0,1.0,1.0,T3A2467,Berberine,AMPK / PCSK9 / LDLR,原小檗碱型生物碱，激活 AMPK 并稳定 LDLR mRNA，HepG2 经典降脂阳性对照,0.418,无明确优势骨架命中,,,0.0,0.4179,O=C1Cc2ccccc2CNCCc2cc3c(cc21)OCO3,0.709
502,T4965,372523-75-6,COc1cc2c(cc1OC)CN(C(=O)[C@@H](NCc1ccncc1)C(C)(C)C)CC2,C23H31N3O3,397.52,3.19,63.69,1,5,6,2,3,0.478,29,0,0,none,1.0,1.0,1.0,T4965,Ervogastat (PF-06865571),DGAT2,口服 DGAT2 抑制剂，降低肝内甘油三酯合成与 VLDL 分泌,0.222,无明确优势骨架命中,,,0.0,0.2222,O=C(CNCc1ccncc1)N1CCc2ccccc2C1,0.6111
503,T6156,941685-37-6,N#CC[C@@H](C1CCCC1)n1cc(-c2ncnc3[nH]ccc23)cn1,C17H18N6,306.37,3.47,83.18,1,4,4,3,4,0.412,23,0,0,none,1.0,1.0,1.0,T6156,Perhexiline,CPT1/CPT2 (抑制剂),CPT 抑制剂，代谢转向葡萄糖氧化；已知具肝毒性风险，用作毒性锚点,0.147,无明确优势骨架命中,,,0.0,0.1471,c1nc(-c2cnn(CC3CCCC3)c2)c2cc[nH]c2n1,0.5736
504,T6153,610798-31-7,C#Cc1cccc(Nc2ncnc3cc4c(cc23)OCCOCCOCCO4)c1,C22H21N3O4,391.43,3.16,74.73,1,7,2,3,4,0.273,29,0,0,none,1.0,1.0,1.0,T2307;T6153,PF-06424439 (DGAT2i),DGAT2,二酰甘油酰基转移酶2 抑制剂，直接阻断甘油三酯酯化终末步骤,0.128,无明确优势骨架命中,,,0.0,0.1282,c1ccc(Nc2ncnc3cc4c(cc23)OCCOCCOCCO4)cc1,0.5641
505,T22703,1449747-00-5,Cc1cc(C(=O)Cn2cc(C#N)ccc2=O)c(C)n1Cc1ccccc1,C21H19N3O2,345.4,3.07,67.79,0,3,5,3,3,0.19,26,0,0,none,1.0,1.0,1.0,T22703,Telmisartan,PPAR-gamma partial / AT1R,AT1 受体拮抗兼 PPAR-gamma 部分激动，文献报道减轻肝细胞脂肪变,0.227,无明确优势骨架命中,,,0.0,0.2273,O=C(Cn1ccccc1=O)c1ccn(Cc2ccccc2)c1,0.6136
506,T13869L,1381289-58-2,CNc1ncc(CN2CCCC(c3nc(-c4cccs4)cc(=O)[nH]3)C2)cn1,C19H22N6OS,382.49,2.71,86.8,2,7,5,3,4,0.368,27,0,0,none,1.0,1.0,1.0,T13869L,Pioglitazone,PPAR-gamma,噻唑烷二酮胰岛素增敏剂，促进脂肪组织脂质再分布、降低肝细胞脂毒性,0.17,无明确优势骨架命中,,,0.0,0.1705,O=c1cc(-c2cccs2)nc(C2CCCN(Cc3cncnc3)C2)[nH]1,0.5853
507,T62360,2977170-10-6,COc1ccc(C(=O)Nc2cc[n+](Cc3ccccc3)cc2)cc1OC,C21H21N2O3+,349.41,3.29,51.44,1,3,6,3,3,0.143,26,0,0,none,1.0,1.0,1.0,T62360,Ranolazine,pFOX / 晚钠电流,部分脂肪酸氧化抑制，改善代谢底物利用,0.247,无明确优势骨架命中,,,0.0,0.2466,O=C(Nc1cc[n+](Cc2ccccc2)cc1)c1ccccc1,0.6233
508,T8439,145231-35-2,N=C(NCc1ccc(Cl)cc1)SCCCc1cnc[nH]1,C14H17ClN4S,308.84,3.45,64.56,3,3,6,2,2,0.286,20,1,0,none,1.0,1.0,1.0,T8439,Bezafibrate,PPAR pan,泛 PPAR 弱激动剂，降低血浆与肝内甘油三酯,0.221,无明确优势骨架命中,,,0.0,0.2206,N=C(NCc1ccccc1)SCCCc1cnc[nH]1,0.6103
509,T21673,22235-81-0,CC(C)N1[C@@H]2CC[C@H]1C[C@@H](OC(=O)C(CO)c1ccccc1)C2,C19H27NO3,317.43,2.71,49.77,1,4,5,1,3,0.632,23,0,0,none,1.0,1.0,1.0,T21673,Ranolazine,pFOX / 晚钠电流,部分脂肪酸氧化抑制，改善代谢底物利用,0.216,无明确优势骨架命中,,,0.0,0.2162,O=C(Cc1ccccc1)OC1CC2CCC(C1)N2,0.6081
510,T22992,186826-17-5,COc1cc(N)c(Cl)cc1C(=O)OCCN1CCCCC1,C15H21ClN2O3,312.8,2.57,64.79,1,5,5,1,2,0.533,21,1,0,none,1.0,1.0,1.0,T22992,Trimetazidine,3-KAT (长链硫解酶),部分脂肪酸氧化抑制剂，代谢调节剂,0.213,无明确优势骨架命中,,,0.0,0.2131,O=C(OCCN1CCCCC1)c1ccccc1,0.6066
511,T25875,110588-56-2,Cc1ccc(Cn2c(NC3CCNCC3)nc3cccnc32)o1,C17H21N5O,311.39,2.54,67.91,2,5,4,3,4,0.412,23,0,0,none,1.0,1.0,1.0,T25875,Trimetazidine,3-KAT (长链硫解酶),部分脂肪酸氧化抑制剂，代谢调节剂,0.174,无明确优势骨架命中,,,0.0,0.1739,c1coc(Cn2c(NC3CCNCC3)nc3cccnc32)c1,0.587
512,T74696,251106-30-6,O=C(c1ccc2nc[nH]c2c1)N1CCN(C/C=C/c2ccccc2)CC1,C21H22N4O,346.43,3.03,52.23,1,3,4,3,4,0.238,26,0,0,none,1.0,1.0,1.0,T74696,GW4064,FXR,非甾体高效 FXR 激动剂工具化合物，抑制 DNL 相关转录程序,0.207,哌嗪/哌啶杂芳基甲酰胺,SCD1 / DGAT2,脂质酶抑制剂常见的环胺-酰胺连接模式，倾向作用于 SCD1/DGAT2 等内质网膜结合型脂质合成酶,0.55,0.454,O=C(c1ccc2nc[nH]c2c1)N1CCN(CC=Cc2ccccc2)CC1,0.727
513,T60057,460727-10-0,Cc1cc(NC(=O)CSc2ncnc3sc(C)c(C)c23)no1,C14H14N4O2S2,334.43,3.34,80.91,1,7,4,3,3,0.286,22,0,0,none,1.0,1.0,1.0,T60057,GW501516,PPAR-delta,PPAR-delta 选择性激动，提升肝与骨骼肌脂肪酸氧化,0.174,无明确优势骨架命中,,,0.0,0.1744,O=C(CSc1ncnc2sccc12)Nc1ccon1,0.5872
514,T23232,73220-03-8,CCN1CCC[C@H]1CNC(=O)c1c(OC)ccc(Br)c1OC,C16H23BrN2O3,371.28,2.68,50.8,1,4,6,1,2,0.562,22,1,0,none,1.0,1.0,1.0,T23232,Trimetazidine,3-KAT (长链硫解酶),部分脂肪酸氧化抑制剂，代谢调节剂,0.254,无明确优势骨架命中,,,0.0,0.254,O=C(NCC1CCCN1)c1ccccc1,0.627
515,T8937,1429505-03-2,O=C(c1cccnc1-c1ccncc1)N1CCC(O)(Cc2ccccc2)CC1,C23H23N3O2,373.46,3.35,66.32,1,4,4,3,4,0.261,28,0,0,none,1.0,1.0,1.0,T8937,Ervogastat (PF-06865571),DGAT2,口服 DGAT2 抑制剂，降低肝内甘油三酯合成与 VLDL 分泌,0.221,哌嗪/哌啶杂芳基甲酰胺,SCD1 / DGAT2,脂质酶抑制剂常见的环胺-酰胺连接模式，倾向作用于 SCD1/DGAT2 等内质网膜结合型脂质合成酶,0.55,0.4683,O=C(c1cccnc1-c1ccncc1)N1CCC(Cc2ccccc2)CC1,0.7342
516,T10898,1805789-54-1,CC(C)c1cnn2c(NCc3ccccc3)cc(NC[C@H]3CCNC[C@@H]3O)nc12,C22H30N6O,394.52,2.85,86.51,4,6,7,3,4,0.455,29,0,0,none,1.0,1.0,1.0,T10898,VK2809 active acid (MB07344),THR-beta,肝靶向 THR-beta 激动剂活性代谢物；促进脂肪酸氧化与 LDL-C 清除,0.138,无明确优势骨架命中,,,0.0,0.1379,c1ccc(CNc2cc(NCC3CCNCC3)nc3ccnn23)cc1,0.569
517,T8775,19875-60-6,CCN(CC)C(=O)N[C@H]1C=C2c3cccc4[nH]cc(c34)C[C@H]2N(C)C1,C20H26N4O,338.46,2.84,51.37,2,2,3,2,4,0.45,25,0,0,none,1.0,1.0,1.0,T8775,Ranolazine,pFOX / 晚钠电流,部分脂肪酸氧化抑制，改善代谢底物利用,0.157,无明确优势骨架命中,,,0.0,0.1573,C1=C2c3cccc4[nH]cc(c34)CC2NCC1,0.5786
518,T34709,1196994-11-2,CN1CCN(c2cc(NCc3c(Cl)cccc3Cl)nc(N)n2)CC1,C16H20Cl2N6,367.28,2.73,70.31,2,6,4,2,3,0.375,24,2,0,none,1.0,1.0,1.0,T34709,Lanifibranor,PPAR pan (alpha/delta/gamma),泛 PPAR 激动，促进 beta-氧化、抑制脂肪生成与炎症纤维化,0.178,无明确优势骨架命中,,,0.0,0.1781,c1ccc(CNc2cc(N3CCNCC3)ncn2)cc1,0.589
519,T2832,475-67-2,COc1ccc2c(c1O)-c1c(OC)c(OC)cc3c1[C@H](C2)N(C)CC3,C20H23NO4,341.41,3.17,51.16,1,5,3,2,4,0.4,25,0,0,none,1.0,1.0,1.0,T2832;T4291,Trimetazidine,3-KAT (长链硫解酶),部分脂肪酸氧化抑制剂，代谢调节剂,0.271,无明确优势骨架命中,,,0.0,0.2712,c1ccc2c(c1)CC1NCCc3cccc-2c31,0.6356
520,T9673,2414374-53-9,CN(C)CCCNc1ccn2ncc(-c3ccc4c(c3)OCO4)c2n1,C18H21N5O2,339.4,2.49,63.92,1,6,6,3,4,0.333,25,0,0,none,1.0,1.0,1.0,T9673,Berberine,AMPK / PCSK9 / LDLR,原小檗碱型生物碱，激活 AMPK 并稳定 LDLR mRNA，HepG2 经典降脂阳性对照,0.181,无明确优势骨架命中,,,0.0,0.1807,c1cnc2c(-c3ccc4c(c3)OCO4)cnn2c1,0.5904
521,T32108,1428640-39-4,CC(C)n1nc(C(O)c2cccc(Cl)c2Cl)c2c(N)ncnc21,C15H15Cl2N5O,352.23,3.38,89.85,2,5,3,3,3,0.267,23,2,0,none,1.0,1.0,1.0,T32108,GW4064,FXR,非甾体高效 FXR 激动剂工具化合物，抑制 DNL 相关转录程序,0.163,无明确优势骨架命中,,,0.0,0.163,c1ccc(Cc2n[nH]c3ncncc23)cc1,0.5815
522,T4986,170105-16-5,Cc1nccn1CCC(C(N)=O)(c1ccccc1)c1ccccc1,C20H21N3O,319.41,3.05,60.91,1,2,6,3,3,0.2,24,0,0,none,1.0,1.0,1.0,T4986,Gemfibrozil,PPAR-alpha,苯氧戊酸类 PPAR-alpha 激动剂，抑制肝脏 VLDL-TG 分泌,0.22,无明确优势骨架命中,,,0.0,0.2203,c1ccc(C(CCn2ccnc2)c2ccccc2)cc1,0.6102
523,T28681,165806-53-1,Nc1nccc(-c2c(-c3ccc(F)cc3)ncn2C2CCNCC2)n1,C18H19FN6,338.39,2.65,81.65,2,5,3,3,4,0.278,25,1,0,none,1.0,1.0,1.0,T28681,AICAR,AMPK (AMP mimetic),细胞内转化为 ZMP 模拟 AMP 别构激活 AMPK,0.167,无明确优势骨架命中,,,0.0,0.1667,c1ccc(-c2ncn(C3CCNCC3)c2-c2ccncn2)cc1,0.5834
524,TN1902,6801-40-7,COc1cc2c(cc1O)[C@@H](Cc1ccc(O)cc1)[N+](C)(C)CC2,C19H24NO3+,314.41,3.02,49.69,2,3,3,2,3,0.368,23,0,0,none,1.0,1.0,1.0,TN1902,Trimetazidine,3-KAT (长链硫解酶),部分脂肪酸氧化抑制剂，代谢调节剂,0.2,无明确优势骨架命中,,,0.0,0.2,c1ccc(CC2[NH2+]CCc3ccccc32)cc1,0.6
525,T7848,1672665-49-4,CS(=O)(=O)c1ccc(Oc2cc(F)cc(C#N)c2)c2c1[C@H](O)C(F)(F)C2,C17H12F3NO4S,383.35,3.12,87.39,1,5,3,2,3,0.235,26,3,0,none,1.0,1.0,1.0,T7848,Pioglitazone,PPAR-gamma,噻唑烷二酮胰岛素增敏剂，促进脂肪组织脂质再分布、降低肝细胞脂毒性,0.169,无明确优势骨架命中,,,0.0,0.1687,c1ccc(Oc2cccc3c2CCC3)cc1,0.5844
526,T4078,193746-75-7,COc1nccc(-c2c(-c3ccc(F)cc3)ncn2C2CCNCC2)n1,C19H20FN5O,353.4,3.08,64.86,1,5,4,3,4,0.316,26,1,0,none,1.0,1.0,1.0,T4078,Trimetazidine,3-KAT (长链硫解酶),部分脂肪酸氧化抑制剂，代谢调节剂,0.194,无明确优势骨架命中,,,0.0,0.194,c1ccc(-c2ncn(C3CCNCC3)c2-c2ccncn2)cc1,0.597
527,T50083,918328-92-4,CC(C)N1CCC(NC(=O)c2ccc3c(=O)n4c(nc3c2)CCCCC4)CC1,C22H30N4O2,382.51,2.73,67.23,1,4,3,2,4,0.591,28,0,0,none,1.0,1.0,1.0,T50083,TVB-2640 (Denifanstat),FASN,脂肪酸合酶 beta-酮脂酰还原酶结构域抑制剂，直接阻断棕榈酸从头合成,0.228,无明确优势骨架命中,,,0.0,0.2283,O=C(NC1CCNCC1)c1ccc2c(=O)n3c(nc2c1)CCCCC3,0.6142
528,T6222,1403764-72-6,COc1ccccc1S(=O)(=O)Nc1ccc2c(c1)CN(C)C(=O)N2,C16H17N3O4S,347.4,2.47,87.74,2,4,4,2,3,0.188,24,0,0,none,0.9998,1.0,0.9999,T6222,Ranolazine,pFOX / 晚钠电流,部分脂肪酸氧化抑制，改善代谢底物利用,0.218,杂芳基脲 (DGAT2/SCD1 型),DGAT2 / SCD1,杂芳基脲连接的哌啶醚母核，抑制 DGAT2 或 SCD1，减少甘油三酯与单不饱和脂肪酸生成，降低脂滴体积,0.68,0.5239,O=C1NCc2cc(NS(=O)(=O)c3ccccc3)ccc2N1,0.7619
529,T16104,105637-50-1,O=S(=O)(c1cccc2c(Cl)cccc12)N1CCCNCC1,C15H17ClN2O2S,324.83,2.48,49.41,1,3,2,2,3,0.333,21,1,0,none,0.9998,1.0,0.9999,T16104,Lanifibranor,PPAR pan (alpha/delta/gamma),泛 PPAR 激动，促进 beta-氧化、抑制脂肪生成与炎症纤维化,0.212,无明确优势骨架命中,,,0.0,0.2121,O=S(=O)(c1cccc2ccccc12)N1CCCNCC1,0.606
530,T16384,1887014-12-1,C[C@H](Nc1ccc(C#N)n(C)c1=O)c1cc2cc(Cl)ccc2[nH]c1=O,C18H15ClN4O2,354.8,2.92,90.68,2,4,3,3,3,0.167,25,1,0,none,0.9999,1.0,0.9999,T16384,Resmetirom (MGL-3196),THR-beta,肝脏选择性甲状腺激素受体 beta 激动；上调 CPT1A/线粒体 beta-氧化与脂噬，降低肝内甘油三酯,0.229,无明确优势骨架命中,,,0.0,0.2289,O=c1[nH]c2ccccc2cc1CNc1ccc[nH]c1=O,0.6144
531,T28479,164025-44-9,COc1ccc(-n2nc3c4ccc(OC)cc4[nH]cc-3c2=O)cc1,C18H15N3O3,321.34,2.84,69.14,1,4,3,2,4,0.111,24,0,0,none,1.0,0.9997,0.9999,T28479,Resmetirom (MGL-3196),THR-beta,肝脏选择性甲状腺激素受体 beta 激动；上调 CPT1A/线粒体 beta-氧化与脂噬，降低肝内甘油三酯,0.163,无明确优势骨架命中,,,0.0,0.1625,O=c1c2c[nH]c3ccccc3c-2nn1-c1ccccc1,0.5812
532,T8765,882256-55-5,O=C(Nc1ccccc1)N1CCN(c2cccc3[nH]ccc23)CC1,C19H20N4O,320.4,3.52,51.37,2,2,2,3,4,0.211,24,0,0,none,0.9999,1.0,0.9999,T8765,Ervogastat (PF-06865571),DGAT2,口服 DGAT2 抑制剂，降低肝内甘油三酯合成与 VLDL 分泌,0.219,杂芳基脲 (DGAT2/SCD1 型),DGAT2 / SCD1,杂芳基脲连接的哌啶醚母核，抑制 DGAT2 或 SCD1，减少甘油三酯与单不饱和脂肪酸生成，降低脂滴体积,0.68,0.5252,O=C(Nc1ccccc1)N1CCN(c2cccc3[nH]ccc23)CC1,0.7626
533,T61172,,O=C(Nc1cccc(-c2ccn[nH]2)c1)c1ccc(C(F)(F)F)[nH]c1=O,C16H11F3N4O2,348.28,3.04,90.64,3,3,3,3,3,0.062,25,3,0,none,0.9999,1.0,0.9999,T61172,Atorvastatin,HMGCR,HMG-CoA 还原酶抑制，降低胆固醇合成并上调 LDLR,0.18,无明确优势骨架命中,,,0.0,0.1798,O=C(Nc1cccc(-c2ccn[nH]2)c1)c1ccc[nH]c1=O,0.5898
534,T60152,2751721-40-9,COc1cc(F)ccc1-c1ccnc(NC(=O)[C@H]2CCC[C@@H](NC(C)=O)C2)c1,C21H24FN3O3,385.44,3.53,80.32,2,4,5,2,3,0.381,28,1,0,none,0.9998,1.0,0.9999,T60152,Ranolazine,pFOX / 晚钠电流,部分脂肪酸氧化抑制，改善代谢底物利用,0.224,无明确优势骨架命中,,,0.0,0.2235,O=C(Nc1cc(-c2ccccc2)ccn1)C1CCCCC1,0.6117
535,T9755,2654743-22-1,Cc1c(C#N)cccc1[C@@H](C)Nc1nnc(C)c2cnc(N3CCOCC3)cc12,C22H24N6O,388.48,3.52,86.96,1,7,4,3,4,0.364,29,0,0,none,0.9999,1.0,0.9999,T9755,PF-06424439 (DGAT2i),DGAT2,二酰甘油酰基转移酶2 抑制剂，直接阻断甘油三酯酯化终末步骤,0.193,无明确优势骨架命中,,,0.0,0.1928,c1ccc(CNc2nncc3cnc(N4CCOCC4)cc23)cc1,0.5964
536,T82008,2887480-87-5,CCc1cc2c(cc1Cl)nc1c(=O)[nH]c(=O)nc-1n2CCOCC(C)C,C18H21ClN4O3,376.84,2.47,89.87,1,5,6,1,3,0.444,26,1,0,none,0.9998,1.0,0.9999,T82008,Resmetirom (MGL-3196),THR-beta,肝脏选择性甲状腺激素受体 beta 激动；上调 CPT1A/线粒体 beta-氧化与脂噬，降低肝内甘油三酯,0.209,无明确优势骨架命中,,,0.0,0.2093,O=c1nc2[nH]c3ccccc3nc-2c(=O)[nH]1,0.6046
537,T8324,475100-30-2,CCCCC(C(=O)O)N1C(=O)C2C3c4ccccc4C(c4ccccc43)C2C1=O,C24H23NO4,389.45,3.52,74.68,1,3,5,2,6,0.375,29,0,0,none,0.9999,1.0,0.9999,T8324,C75,FASN,alpha-亚甲基-gamma-丁内酯类 FASN 抑制剂，同时升高丙二酰辅酶A,0.25,无明确优势骨架命中,,,0.0,0.25,O=C1NC(=O)C2C3c4ccccc4C(c4ccccc43)C12,0.625
538,T9694,2170722-84-4,Cc1cc(C)c2c(n1)CN(C(=O)CC1CN(c3ccnc(C(F)(F)F)c3)C1)C2,C20H21F3N4O,390.41,3.48,49.33,0,4,3,2,4,0.45,28,3,0,none,0.9999,1.0,0.9999,T9694,GW501516,PPAR-delta,PPAR-delta 选择性激动，提升肝与骨骼肌脂肪酸氧化,0.211,无明确优势骨架命中,,,0.0,0.2111,O=C(CC1CN(c2ccncc2)C1)N1Cc2cccnc2C1,0.6055
539,T88914,2361124-03-8,O=C(Cc1ccc(C2CC2)c(F)c1)N1CCN(c2ccc(Cl)nn2)CC1,C19H20ClFN4O,374.85,3.04,49.33,0,4,4,2,4,0.421,26,2,0,none,0.9999,1.0,0.9999,T88914,Lanifibranor,PPAR pan (alpha/delta/gamma),泛 PPAR 激动，促进 beta-氧化、抑制脂肪生成与炎症纤维化,0.224,无明确优势骨架命中,,,0.0,0.2237,O=C(Cc1ccc(C2CC2)cc1)N1CCN(c2cccnn2)CC1,0.6118
540,T67954,93181-85-2,OC1CCN(c2ccc(-c3ccc(Cl)cc3Cl)nn2)CC1,C15H15Cl2N3O,324.21,3.41,49.25,1,4,2,2,3,0.333,21,2,0,none,0.9998,1.0,0.9999,T67954,Lanifibranor,PPAR pan (alpha/delta/gamma),泛 PPAR 激动，促进 beta-氧化、抑制脂肪生成与炎症纤维化,0.155,无明确优势骨架命中,,,0.0,0.1549,c1ccc(-c2ccc(N3CCCCC3)nn2)cc1,0.5774
541,T7561,5633-14-7,O=C1CCC(c2ccccc2)(C2CCN(Cc3ccccc3)CC2)C(=O)N1,C23H26N2O2,362.47,3.27,49.41,1,3,4,2,4,0.391,27,0,0,none,0.9999,1.0,0.9999,T7561,Trimetazidine,3-KAT (长链硫解酶),部分脂肪酸氧化抑制剂，代谢调节剂,0.18,无明确优势骨架命中,,,0.0,0.1803,O=C1CCC(c2ccccc2)(C2CCN(Cc3ccccc3)CC2)C(=O)N1,0.5901
542,T15781,1454555-29-3,COc1ncccc1-c1cnn2ccc(N3CCN(C(=O)OC(C)C)CC3)nc12,C20H24N6O3,396.45,2.47,85.09,0,7,4,3,4,0.4,29,0,0,none,0.9998,1.0,0.9999,T15781,Ervogastat (PF-06865571),DGAT2,口服 DGAT2 抑制剂，降低肝内甘油三酯合成与 VLDL 分泌,0.184,无明确优势骨架命中,,,0.0,0.1839,c1cncc(-c2cnn3ccc(N4CCNCC4)nc23)c1,0.5919
543,T28159,102771-12-0,COc1cc2c(cc1OC)C(c1ccc(N)cc1)=NN=C(C)C2,C18H19N3O2,309.37,3.06,69.2,1,5,3,2,3,0.222,23,0,0,none,1.0,0.9998,0.9999,T28159,Berberine,AMPK / PCSK9 / LDLR,原小檗碱型生物碱，激活 AMPK 并稳定 LDLR mRNA，HepG2 经典降脂阳性对照,0.186,无明确优势骨架命中,,,0.0,0.1857,C1=NN=C(c2ccccc2)c2ccccc2C1,0.5928
544,T1780,198470-84-7,CCC(=O)NS(=O)(=O)c1ccc(-c2c(-c3ccccc3)noc2C)cc1,C19H18N2O4S,370.43,3.53,89.27,1,5,5,3,3,0.158,26,0,0,none,0.9998,1.0,0.9999,T1780,GW4064,FXR,非甾体高效 FXR 激动剂工具化合物，抑制 DNL 相关转录程序,0.218,无明确优势骨架命中,,,0.0,0.2184,c1ccc(-c2conc2-c2ccccc2)cc1,0.6092
545,T6964,144875-48-9,CCOCc1nc2c(N)nc3ccccc3c2n1CC(C)(C)O,C17H22N4O2,314.39,2.47,86.19,2,5,5,3,3,0.412,23,0,0,none,0.9998,1.0,0.9999,T6964,Telmisartan,PPAR-gamma partial / AT1R,AT1 受体拮抗兼 PPAR-gamma 部分激动，文献报道减轻肝细胞脂肪变,0.233,无明确优势骨架命中,,,0.0,0.2326,c1ccc2c(c1)ncc1nc[nH]c12,0.6162
546,T32824,416901-58-1,COC(=O)c1cc2cc(S(C)(=O)=O)ccc2n1Cc1ccc(Cl)cc1,C18H16ClNO4S,377.85,3.53,65.37,0,4,4,3,3,0.167,25,1,0,none,0.9998,1.0,0.9999,T32824,Lanifibranor,PPAR pan (alpha/delta/gamma),泛 PPAR 激动，促进 beta-氧化、抑制脂肪生成与炎症纤维化,0.257,无明确优势骨架命中,,,0.0,0.2571,c1ccc(Cn2ccc3ccccc32)cc1,0.6285
547,T28918,163451-80-7,COc1ccc2c(c1)N(C(=O)OC(C)C)[C@@H](CSC)C(=S)N2,C15H20N2O3S2,340.47,3.53,50.8,1,5,4,1,2,0.467,22,0,0,none,0.9998,1.0,0.9999,T28918,Ciprofibrate,PPAR-alpha,长效贝特类，诱导过氧化物酶体增殖与脂肪酸 beta-氧化,0.188,无明确优势骨架命中,,,0.0,0.1884,S=C1CNc2ccccc2N1,0.5942
548,T6138,301305-73-7,COc1ccc(C(=O)Nc2sc3c(c2C(N)=O)CCCC3)cc1OC,C18H20N2O4S,360.44,3.0,90.65,2,5,5,2,3,0.333,25,0,0,none,0.9999,1.0,0.9999,T6138,Ranolazine,pFOX / 晚钠电流,部分脂肪酸氧化抑制，改善代谢底物利用,0.237,无明确优势骨架命中,,,0.0,0.2368,O=C(Nc1cc2c(s1)CCCC2)c1ccccc1,0.6184
549,T4220,1513879-21-4,CNC(=O)CNc1cnc2ccc(-c3ccc(OC)c(OC)c3)cc2n1,C19H20N4O3,352.39,2.47,85.37,2,6,6,3,3,0.211,26,0,0,none,0.9998,1.0,0.9999,T4220,GW501516,PPAR-delta,PPAR-delta 选择性激动，提升肝与骨骼肌脂肪酸氧化,0.237,无明确优势骨架命中,,,0.0,0.2375,c1ccc(-c2ccc3nccnc3c2)cc1,0.6187
550,T1774,607742-69-8,O=S(=O)(c1ccccc1)c1cnc2c(N3CCNCC3)cccc2c1,C19H19N3O2S,353.45,2.48,62.3,1,5,3,3,4,0.211,25,0,0,none,0.9999,1.0,0.9999,T1774,Trimetazidine,3-KAT (长链硫解酶),部分脂肪酸氧化抑制剂，代谢调节剂,0.177,无明确优势骨架命中,,,0.0,0.1774,O=S(=O)(c1ccccc1)c1cnc2c(N3CCNCC3)cccc2c1,0.5886
551,T34406,126769-16-2,C[C@H](NC(=O)[C@H]1CSCN1C(=O)c1ccccc1)c1ccccc1,C19H20N2O2S,340.45,3.08,49.41,1,3,4,2,3,0.263,24,0,0,none,0.9999,1.0,0.9999,T34406,Nicotinic acid (Niacin),HCAR2 / DGAT2,抑制脂肪组织脂解并弱抑制 DGAT2，减少肝内 VLDL 底物供应,0.192,哌嗪/哌啶杂芳基甲酰胺,SCD1 / DGAT2,脂质酶抑制剂常见的环胺-酰胺连接模式，倾向作用于 SCD1/DGAT2 等内质网膜结合型脂质合成酶,0.55,0.4398,O=C(NCc1ccccc1)C1CSCN1C(=O)c1ccccc1,0.7198
552,T61932,2055357-64-5,N#Cc1ccc(N2CCN(Cc3ccc4c5c(c(=O)[nH]c4c3)CCCN5)CC2)nc1,C23H24N6O,400.49,2.48,88.05,2,6,3,3,5,0.348,30,0,0,none,0.9999,1.0,0.9999,T61932,Resmetirom (MGL-3196),THR-beta,肝脏选择性甲状腺激素受体 beta 激动；上调 CPT1A/线粒体 beta-氧化与脂噬，降低肝内甘油三酯,0.156,无明确优势骨架命中,,,0.0,0.1562,O=c1[nH]c2cc(CN3CCN(c4ccccn4)CC3)ccc2c2c1CCCN2,0.578
553,T2006,873697-71-3,COC(=O)N1CCN(Cc2cccc(NC(=O)Nc3ccc(C)nc3)c2F)CC1,C20H24FN5O3,401.44,3.06,86.8,2,5,4,2,3,0.35,29,1,0,none,1.0,0.9997,0.9999,T2006,Ranolazine,pFOX / 晚钠电流,部分脂肪酸氧化抑制，改善代谢底物利用,0.291,无明确优势骨架命中,,,0.0,0.2911,O=C(Nc1cccnc1)Nc1cccc(CN2CCNCC2)c1,0.6455
554,T7572,946387-07-1,CC(C)NCCN(C(C)C)S(=O)(=O)c1ccc(Cl)cc1Cl,C14H22Cl2N2O2S,353.32,3.39,49.41,1,3,7,1,1,0.571,21,2,0,none,0.9999,1.0,0.9999,T7572,Bezafibrate,PPAR pan,泛 PPAR 弱激动剂，降低血浆与肝内甘油三酯,0.2,无明确优势骨架命中,,,0.0,0.2,c1ccccc1,0.6
555,T6004,6429-04-5,COc1ccc(CC2NCCc3cc(OC)c(OC)cc32)cc1OC,C20H25NO4,343.42,3.15,48.95,1,5,6,2,3,0.4,25,0,0,none,0.9996,1.0,0.9998,T6004,Trimetazidine,3-KAT (长链硫解酶),部分脂肪酸氧化抑制剂，代谢调节剂,0.288,无明确优势骨架命中,,,0.0,0.2885,c1ccc(CC2NCCc3ccccc32)cc1,0.6442
556,TN1198,39844-86-5,C[C@]12CC[C@H]3[C@@H](CC[C@@H]4C[C@@H](O)CC[C@@]43CO)[C@@]1(O)CC[C@@H]2c1ccc(=O)oc1,C24H34O5,402.53,3.21,90.9,3,5,2,1,5,0.792,29,0,0,none,0.9997,1.0,0.9998,TN1198,Chenodeoxycholic acid,FXR,内源性 FXR 配体，调控胆汁酸稳态并抑制肝脏脂肪生成,0.247,无明确优势骨架命中,,,0.0,0.2469,O=c1ccc(C2CCC3C2CCC2C4CCCCC4CCC23)co1,0.6234
557,T2011,1342276-76-9,COc1cccc(CNC(=O)Nc2nc(-c3ccncc3)cs2)c1,C17H16N4O2S,340.41,3.54,76.14,2,5,5,3,3,0.118,24,0,0,none,0.9997,1.0,0.9998,T2011,GW501516,PPAR-delta,PPAR-delta 选择性激动，提升肝与骨骼肌脂肪酸氧化,0.198,无明确优势骨架命中,,,0.0,0.1977,O=C(NCc1ccccc1)Nc1nc(-c2ccncc2)cs1,0.5988
558,T28136,104340-52-5,Cc1ccc2[nH]c(S(=O)Cc3ccccc3N(C)C)nc2c1,C17H19N3OS,313.43,3.25,48.99,1,3,4,3,3,0.235,22,0,0,none,0.9997,1.0,0.9998,T28136,Rosiglitazone,PPAR-gamma,TZD 类 PPAR-gamma 全激动剂，改善胰岛素抵抗与肝内脂肪蓄积,0.167,无明确优势骨架命中,,,0.0,0.1667,O=S(Cc1ccccc1)c1nc2ccccc2[nH]1,0.5833
559,T25131,333742-48-6,C[C@H](CO)Nc1nc(SCc2cccc(F)c2F)nc2[nH]c(=O)sc12,C15H14F2N4O2S2,384.43,2.74,90.9,3,7,6,3,3,0.267,25,2,0,none,0.9997,1.0,0.9998,T25131,GW501516,PPAR-delta,PPAR-delta 选择性激动，提升肝与骨骼肌脂肪酸氧化,0.161,无明确优势骨架命中,,,0.0,0.1613,O=c1[nH]c2nc(SCc3ccccc3)ncc2s1,0.5806
560,T15278,1629229-37-3,Cc1nsc(-c2nnc3n2CCN(C(=O)c2ccc(F)cc2)[C@@H]3C)n1,C16H15FN6OS,358.4,2.46,76.8,0,6,2,3,4,0.312,25,1,0,none,0.9997,1.0,0.9998,T15278,PF-06424439 (DGAT2i),DGAT2,二酰甘油酰基转移酶2 抑制剂，直接阻断甘油三酯酯化终末步骤,0.167,哌嗪/哌啶杂芳基甲酰胺,SCD1 / DGAT2,脂质酶抑制剂常见的环胺-酰胺连接模式，倾向作用于 SCD1/DGAT2 等内质网膜结合型脂质合成酶,0.55,0.4142,O=C(c1ccccc1)N1CCn2c(nnc2-c2ncns2)C1,0.707
561,T41308L,,NCC(=O)N[C@@H](Cc1ccccc1)C(=O)Nc1ccc2ccccc2c1,C21H21N3O2,347.42,2.46,84.22,3,3,6,3,3,0.143,26,0,0,none,0.9997,1.0,0.9998,T41308L,Atorvastatin,HMGCR,HMG-CoA 还原酶抑制，降低胆固醇合成并上调 LDLR,0.198,无明确优势骨架命中,,,0.0,0.1975,O=C(CCc1ccccc1)Nc1ccc2ccccc2c1,0.5986
562,T9849,1226443-41-9,Cc1cccc(Nc2nc(CC(=O)Nc3ncc(C)s3)cs2)n1,C15H15N5OS2,345.45,3.54,79.8,2,7,5,3,3,0.2,23,0,0,none,0.9997,1.0,0.9998,T9849,Ranolazine,pFOX / 晚钠电流,部分脂肪酸氧化抑制，改善代谢底物利用,0.198,无明确优势骨架命中,,,0.0,0.1975,O=C(Cc1csc(Nc2ccccn2)n1)Nc1nccs1,0.5986
563,T8958,1454619-13-6,C#CCCCn1cnc(N)c2nc(Sc3ccc(C)cc3C)nc1-2,C18H19N5S,337.45,3.54,69.62,1,5,5,1,3,0.278,24,0,0,none,0.9996,1.0,0.9998,T8958,Gemfibrozil,PPAR-alpha,苯氧戊酸类 PPAR-alpha 激动剂，抑制肝脏 VLDL-TG 分泌,0.2,无明确优势骨架命中,,,0.0,0.2,c1ccc(Sc2nc3cnc[nH]c-3n2)cc1,0.5999
564,T36579,281209-71-0,CC(C)(C)Nc1nc2cc(Cl)c(Cl)cc2nc1S(C)(=O)=O,C13H15Cl2N3O2S,348.26,3.55,71.95,1,5,2,2,2,0.385,21,2,0,none,0.9994,1.0,0.9997,T36579,Lanifibranor,PPAR pan (alpha/delta/gamma),泛 PPAR 激动，促进 beta-氧化、抑制脂肪生成与炎症纤维化,0.152,无明确优势骨架命中,,,0.0,0.1515,c1ccc2nccnc2c1,0.5756
565,T11476,1394854-52-4,O=C(O)CCNc1cc(N2CCc3ccccc3CC2)nc(-c2cccnc2)n1,C22H23N5O2,389.46,3.03,91.24,2,6,6,3,4,0.273,29,0,0,none,0.9995,1.0,0.9997,T11476,Nicotinic acid (Niacin),HCAR2 / DGAT2,抑制脂肪组织脂解并弱抑制 DGAT2，减少肝内 VLDL 底物供应,0.281,无明确优势骨架命中,,,0.0,0.2807,c1cncc(-c2nccc(N3CCc4ccccc4CC3)n2)c1,0.6402
566,T2038,48208-26-0,O=C(O)[C@H](Cc1c[nH]c2ccccc12)N1C(=O)c2ccccc2C1=O,C19H14N2O4,334.33,2.46,90.47,2,3,4,3,4,0.105,25,0,0,none,0.9996,1.0,0.9997,T2038,Salicylate,"AMPK (direct, beta1)",直接结合 AMPK beta1 变构位点，抑制脂肪生成,0.213,哌嗪/哌啶杂芳基甲酰胺,SCD1 / DGAT2,脂质酶抑制剂常见的环胺-酰胺连接模式，倾向作用于 SCD1/DGAT2 等内质网膜结合型脂质合成酶,0.55,0.4603,O=C1c2ccccc2C(=O)N1CCc1c[nH]c2ccccc12,0.73
567,T61132,2769040-91-5,CC(C)(O)CNc1nnc(-c2ccc(Cl)cc2O)c2ccncc12,C17H17ClN4O2,344.8,3.23,91.16,3,6,4,3,3,0.235,24,1,0,none,0.9996,1.0,0.9997,T61132,Bezafibrate,PPAR pan,泛 PPAR 弱激动剂，降低血浆与肝内甘油三酯,0.192,无明确优势骨架命中,,,0.0,0.1918,c1ccc(-c2nncc3cnccc23)cc1,0.5958
568,T5207,2172879-52-4,COc1cc(-c2cc(-c3ccc(Cl)cc3)nc(=O)[nH]2)ccc1O,C17H13ClN2O3,328.75,3.47,75.21,2,4,3,3,3,0.059,23,1,0,none,1.0,0.9992,0.9997,T5207,Fenofibric acid,PPAR-alpha,激活 PPAR-alpha 上调 CPT1/ACOX1，增强线粒体与过氧化物酶体脂肪酸氧化,0.203,无明确优势骨架命中,,,0.0,0.2034,O=c1nc(-c2ccccc2)cc(-c2ccccc2)[nH]1,0.6016
569,T28652,871340-88-4,COc1ccccc1N1CCN(c2ncnc3[nH]nc(Br)c23)CC1,C16H17BrN6O,389.26,2.45,70.17,1,6,3,3,4,0.312,24,1,0,none,0.9995,1.0,0.9997,T28652,Ranolazine,pFOX / 晚钠电流,部分脂肪酸氧化抑制，改善代谢底物利用,0.24,无明确优势骨架命中,,,0.0,0.24,c1ccc(N2CCN(c3ncnc4[nH]ncc34)CC2)cc1,0.6198
570,T6847,1373422-53-7,O=C(O)CCNc1cc(N2CCc3ccccc3CC2)nc(-c2ccccn2)n1,C22H23N5O2,389.46,3.03,91.24,2,6,6,3,4,0.273,29,0,0,none,0.9995,1.0,0.9997,T6847,Lanifibranor,PPAR pan (alpha/delta/gamma),泛 PPAR 激动，促进 beta-氧化、抑制脂肪生成与炎症纤维化,0.221,无明确优势骨架命中,,,0.0,0.2208,c1ccc(-c2nccc(N3CCc4ccccc4CC3)n2)nc1,0.6102
571,T4475,1572510-42-9,Cc1cc(NC(=O)c2cccc(S(=O)(=O)N[C@H]3CCOC3)c2)ccc1F,C18H19FN2O4S,378.43,2.45,84.5,2,4,5,2,3,0.278,26,1,0,none,0.9995,1.0,0.9997,T4475,TVB-2640 (Denifanstat),FASN,脂肪酸合酶 beta-酮脂酰还原酶结构域抑制剂，直接阻断棕榈酸从头合成,0.217,无明确优势骨架命中,,,0.0,0.2174,O=C(Nc1ccccc1)c1cccc(S(=O)(=O)NC2CCOC2)c1,0.6086
572,T9258,2364554-48-1,CCc1nc(-c2ccc3c(c2)CC[C@H]3NC(=O)c2cnn(C)c2)no1,C18H19N5O2,337.38,2.45,85.84,1,5,4,3,4,0.333,25,0,0,none,0.9994,1.0,0.9997,T9258,TVB-2640 (Denifanstat),FASN,脂肪酸合酶 beta-酮脂酰还原酶结构域抑制剂，直接阻断棕榈酸从头合成,0.2,无明确优势骨架命中,,,0.0,0.2,O=C(NC1CCc2cc(-c3ncon3)ccc21)c1cn[nH]c1,0.5998
573,T7428,882366-16-7,CCS(=O)(=O)c1ncc(Cl)c(C(=O)Oc2cccc(C)c2)n1,C14H13ClN2O4S,340.79,2.45,86.22,0,6,4,2,2,0.214,22,1,0,none,0.9995,1.0,0.9997,T7428,Lanifibranor,PPAR pan (alpha/delta/gamma),泛 PPAR 激动，促进 beta-氧化、抑制脂肪生成与炎症纤维化,0.219,无明确优势骨架命中,,,0.0,0.2192,O=C(Oc1ccccc1)c1ccncn1,0.6095
574,T0841,41859-67-0,CC(C)(Oc1ccc(CCNC(=O)c2ccc(Cl)cc2)cc1)C(=O)O,C19H20ClNO4,361.83,3.55,75.63,2,3,7,2,2,0.263,25,1,0,none,0.9993,1.0,0.9996,T0841,Bezafibrate,PPAR pan,泛 PPAR 弱激动剂，降低血浆与肝内甘油三酯,1.0,芳氧基异丁酸 (贝特类头基),PPAR-alpha,贝特类酸性头基激动 PPAR-alpha，转录上调 CPT1A/ACOX1/FGF21，增强线粒体与过氧化物酶体脂肪酸 beta-氧化，降低肝内 TG,0.9,0.955,O=C(NCCc1ccccc1)c1ccccc1,0.9773
575,T36949,27367-90-4,CC(CCN1CCN(c2ccc(F)cc2)CC1)NC(=O)c1cccnc1,C20H25FN4O,356.45,2.55,48.47,1,4,6,2,3,0.4,26,1,0,none,0.9993,1.0,0.9996,T36949,Nicotinic acid (Niacin),HCAR2 / DGAT2,抑制脂肪组织脂解并弱抑制 DGAT2，减少肝内 VLDL 底物供应,0.315,无明确优势骨架命中,,,0.0,0.3148,O=C(NCCCN1CCN(c2ccccc2)CC1)c1cccnc1,0.6572
576,T8820,2095432-75-8,COc1cccc(-c2cc(NCc3ccc4c(c3)OCO4)nc(N)n2)c1,C19H18N4O3,350.38,3.08,91.52,2,7,5,3,4,0.158,26,0,0,none,0.9993,1.0,0.9996,T3144;T8820,Berberine,AMPK / PCSK9 / LDLR,原小檗碱型生物碱，激活 AMPK 并稳定 LDLR mRNA，HepG2 经典降脂阳性对照,0.212,无明确优势骨架命中,,,0.0,0.2125,c1ccc(-c2cc(NCc3ccc4c(c3)OCO4)ncn2)cc1,0.606
577,T6031,1374828-69-9,CNc1nc(Nc2cn(C(C)(C)C#N)nc2C)ncc1C(F)(F)F,C14H16F3N7,339.33,3.04,91.45,2,6,4,2,2,0.429,24,3,0,none,0.9993,1.0,0.9996,T6031,TVB-2640 (Denifanstat),FASN,脂肪酸合酶 beta-酮脂酰还原酶结构域抑制剂，直接阻断棕榈酸从头合成,0.154,无明确优势骨架命中,,,0.0,0.1538,c1cnc(Nc2cn[nH]c2)nc1,0.5767
578,T67734,2747162-85-0,CN(C)CCN1CCCC(C(=O)Nc2nc3c(F)cc(F)cc3s2)C1,C17H22F2N4OS,368.45,2.79,48.47,1,5,5,2,3,0.529,25,2,0,none,0.9993,1.0,0.9996,T67734,PF-06424439 (DGAT2i),DGAT2,二酰甘油酰基转移酶2 抑制剂，直接阻断甘油三酯酯化终末步骤,0.198,无明确优势骨架命中,,,0.0,0.1975,O=C(Nc1nc2ccccc2s1)C1CCCNC1,0.5986
579,T1833,1270138-40-3,CC(C)CCNc1ncccc1C(=O)N1CCN(Cc2ccccc2)CC1,C22H30N4O,366.51,3.5,48.47,1,4,7,2,3,0.455,27,0,0,none,0.9993,1.0,0.9996,T1833;T21244,Ranolazine,pFOX / 晚钠电流,部分脂肪酸氧化抑制，改善代谢底物利用,0.225,哌嗪/哌啶杂芳基甲酰胺,SCD1 / DGAT2,脂质酶抑制剂常见的环胺-酰胺连接模式，倾向作用于 SCD1/DGAT2 等内质网膜结合型脂质合成酶,0.55,0.4725,O=C(c1cccnc1)N1CCN(Cc2ccccc2)CC1,0.736
580,T9764,1973485-06-1,N#CCc1ccc(-c2cccc3nc(NC(=O)C4CC4)cn23)c(F)c1,C19H15FN4O,334.35,3.55,70.19,1,3,4,3,4,0.211,25,1,0,none,0.9993,1.0,0.9996,T9764,Ervogastat (PF-06865571),DGAT2,口服 DGAT2 抑制剂，降低肝内甘油三酯合成与 VLDL 分泌,0.174,无明确优势骨架命中,,,0.0,0.1744,O=C(Nc1cn2c(-c3ccccc3)cccc2n1)C1CC1,0.587
581,T9343,13058-16-7,O=C(N[C@@H](Cc1c[nH]c2ccccc12)C(=O)O)OCc1ccccc1,C19H18N2O4,338.36,3.09,91.42,3,3,6,3,3,0.158,25,0,0,none,0.9994,1.0,0.9996,T9343,Salicylate,"AMPK (direct, beta1)",直接结合 AMPK beta1 变构位点，抑制脂肪生成,0.196,无明确优势骨架命中,,,0.0,0.1961,O=C(NCCc1c[nH]c2ccccc12)OCc1ccccc1,0.5978
582,T61813,923272-18-8,Cc1cc(C2=NN(c3nncs3)[C@H](C)Cc3cc4c(cc32)OCO4)ccc1N,C20H19N5O2S,393.47,3.36,85.86,1,8,2,3,5,0.25,28,0,0,none,1.0,0.999,0.9996,T61813,Berberine,AMPK / PCSK9 / LDLR,原小檗碱型生物碱，激活 AMPK 并稳定 LDLR mRNA，HepG2 经典降脂阳性对照,0.202,无明确优势骨架命中,,,0.0,0.2024,c1ccc(C2=NN(c3nncs3)CCc3cc4c(cc32)OCO4)cc1,0.601
583,T61373,1428652-17-8,CCC(=O)N[C@@H]1CCCc2c(-c3ccc4c(c3)CCC(=O)N4C)cncc21,C22H25N3O2,363.46,3.56,62.3,1,3,3,2,4,0.409,27,0,0,none,0.9992,1.0,0.9995,T61373,ACC inhibitor chemotype (firsocostat-like proxy),ACC1/ACC2,变构抑制乙酰辅酶A羧化酶，降低丙二酰辅酶A、阻断新发脂质合成(DNL)并解除 CPT1 抑制,0.191,无明确优势骨架命中,,,0.0,0.191,O=C1CCc2cc(-c3cncc4c3CCCC4)ccc2N1,0.5953
584,T71822,477865-65-9,CON=CNc1nc2nccc(C(C)Oc3ccc(C(C)(C)C)cc3)n2n1,C19H24N6O2,368.44,3.56,85.93,1,6,6,3,3,0.368,27,0,0,none,0.9991,1.0,0.9995,T71822,GW501516,PPAR-delta,PPAR-delta 选择性激动，提升肝与骨骼肌脂肪酸氧化,0.152,无明确优势骨架命中,,,0.0,0.1522,c1ccc(OCc2ccnc3ncnn23)cc1,0.5758
585,T0055,3820-67-5,O=C(OCC(O)CO)c1ccccc1Nc1ccnc2cc(Cl)ccc12,C19H17ClN2O4,372.81,3.14,91.68,3,6,6,3,3,0.158,26,1,0,none,0.9991,1.0,0.9995,T0055,Etomoxir,CPT1a (抑制剂/阴性对照),CPT1 不可逆抑制剂，作为脂肪酸氧化通路机制阴性对照,0.195,无明确优势骨架命中,,,0.0,0.1948,c1ccc(Nc2ccnc3ccccc23)cc1,0.5972
586,T2684,681136-29-8,O=C(Nc1ccccc1)N1CCN(c2nc(-c3ccccc3)ns2)CC1,C19H19N5OS,365.46,3.56,61.36,1,5,3,3,4,0.211,26,0,0,none,0.9992,1.0,0.9995,T2684,Ervogastat (PF-06865571),DGAT2,口服 DGAT2 抑制剂，降低肝内甘油三酯合成与 VLDL 分泌,0.219,杂芳基脲 (DGAT2/SCD1 型),DGAT2 / SCD1,杂芳基脲连接的哌啶醚母核，抑制 DGAT2 或 SCD1，减少甘油三酯与单不饱和脂肪酸生成，降低脂滴体积,0.68,0.5252,O=C(Nc1ccccc1)N1CCN(c2nc(-c3ccccc3)ns2)CC1,0.7624
587,T17114,82964-04-3,COc1ccc2c(C(=S)N(C)CC(=O)O)cccc2c1C(F)(F)F,C16H14F3NO3S,357.35,3.56,49.77,1,3,4,2,2,0.25,24,3,0,none,0.9992,1.0,0.9995,T17114,GW501516,PPAR-delta,PPAR-delta 选择性激动，提升肝与骨骼肌脂肪酸氧化,0.222,无明确优势骨架命中,,,0.0,0.2222,c1ccc2ccccc2c1,0.6108
588,T21623,330981-72-1,Cc1cc(NCCO)nc(-c2ccc(Br)cc2)n1,C13H14BrN3O,308.18,2.62,58.04,2,4,4,2,2,0.231,18,1,0,none,1.0,0.9988,0.9995,T21623,GW501516,PPAR-delta,PPAR-delta 选择性激动，提升肝与骨骼肌脂肪酸氧化,0.156,无明确优势骨架命中,,,0.0,0.1558,c1ccc(-c2ncccn2)cc1,0.5776
589,T67760,2230598-99-7,CC(=O)Nc1ncc(CN2CCC[C@H](Cc3cc(C)nc(C)c3)C2)s1,C19H26N4OS,358.51,3.57,58.12,1,5,5,2,3,0.526,25,0,0,none,0.999,1.0,0.9994,T67760,TVB-2640 (Denifanstat),FASN,脂肪酸合酶 beta-酮脂酰还原酶结构域抑制剂，直接阻断棕榈酸从头合成,0.191,无明确优势骨架命中,,,0.0,0.1915,c1cc(CC2CCCN(Cc3cncs3)C2)ccn1,0.5954
590,T0162,111974-69-7,OCCOCCN1CCN(C2=Nc3ccccc3Sc3ccccc32)CC1,C21H25N3O2S,383.52,2.86,48.3,1,6,5,2,4,0.381,27,0,0,none,0.9991,1.0,0.9994,T0162;T6241,Ranolazine,pFOX / 晚钠电流,部分脂肪酸氧化抑制，改善代谢底物利用,0.16,无明确优势骨架命中,,,0.0,0.1605,c1ccc2c(c1)N=C(N1CCNCC1)c1ccccc1S2,0.58
591,T41319,61278-30-6,CC1(C)CCC(=Cc2ccc(Cl)cc2)C1(O)Cn1cncn1,C17H20ClN3O,317.82,3.57,50.94,1,3,3,2,3,0.412,22,1,0,none,0.999,1.0,0.9994,T41319,Etomoxir,CPT1a (抑制剂/阴性对照),CPT1 不可逆抑制剂，作为脂肪酸氧化通路机制阴性对照,0.178,无明确优势骨架命中,,,0.0,0.1781,C(=C1CCCC1Cn1cncn1)c1ccccc1,0.5888
592,T12361,87549-36-8,CC(=O)Nc1ccc(OC2(C)OC(=O)c3ccccc3O2)cc1,C17H15NO5,313.31,2.95,73.86,1,5,3,2,3,0.176,23,0,0,none,1.0,0.9984,0.9994,T12361,Fenretinide (4-HPR),DES1 / RBP4,视黄酰胺，抑制二氢神经酰胺去饱和酶，改善肝脂肪变,0.197,无明确优势骨架命中,,,0.0,0.1974,O=C1OC(Oc2ccccc2)Oc2ccccc21,0.5984
593,T50102,1799561-19-5,CSc1ncc2c(n1)N(C)CN(c1c(Cl)cccc1Cl)C2=O,C14H12Cl2N4OS,355.25,3.56,49.33,0,5,2,2,3,0.214,22,2,0,none,0.9991,1.0,0.9994,T50102,GW4064,FXR,非甾体高效 FXR 激动剂工具化合物，抑制 DNL 相关转录程序,0.141,哌嗪/哌啶杂芳基甲酰胺,SCD1 / DGAT2,脂质酶抑制剂常见的环胺-酰胺连接模式，倾向作用于 SCD1/DGAT2 等内质网膜结合型脂质合成酶,0.55,0.3888,O=C1c2cncnc2NCN1c1ccccc1,0.6941
594,T16115,1627091-47-7,C[C@@H]1CN(c2cc(-c3n[nH]c4ccc(OC5(C)CC5)cc34)ncn2)C[C@H](C)O1,C21H25N5O2,379.46,3.56,76.16,1,6,4,3,5,0.476,28,0,0,none,0.9991,1.0,0.9994,T16115,Ervogastat (PF-06865571),DGAT2,口服 DGAT2 抑制剂，降低肝内甘油三酯合成与 VLDL 分泌,0.148,无明确优势骨架命中,,,0.0,0.1477,c1nc(-c2n[nH]c3ccc(OC4CC4)cc23)cc(N2CCOCC2)n1,0.5736
595,T4466,1248-42-6,COC(=O)c1ccccc1C(=O)c1ccc(OCCN2CCCCC2)cc1,C22H25NO4,367.45,3.57,55.84,0,5,7,2,3,0.364,27,0,0,none,0.9989,1.0,0.9994,T4466,Ranolazine,pFOX / 晚钠电流,部分脂肪酸氧化抑制，改善代谢底物利用,0.243,无明确优势骨架命中,,,0.0,0.2432,O=C(c1ccccc1)c1ccc(OCCN2CCCCC2)cc1,0.6213
596,T8731,2097518-46-0,O=C1Cc2cc(Nc3nc(NCc4cccnc4)ncc3Cl)ccc2N1,C18H15ClN6O,366.81,3.38,91.83,3,6,5,3,4,0.111,26,1,0,none,0.9989,1.0,0.9994,T8731,Nicotinic acid (Niacin),HCAR2 / DGAT2,抑制脂肪组织脂解并弱抑制 DGAT2，减少肝内 VLDL 底物供应,0.206,无明确优势骨架命中,,,0.0,0.2063,O=C1Cc2cc(Nc3ccnc(NCc4cccnc4)n3)ccc2N1,0.6028
597,T87339,2648837-04-9,Cc1c(C#Cc2nc(C(N)=O)n(-c3cccnc3)c2C)ccnc1Cl,C18H14ClN5O,351.8,2.43,86.69,1,4,2,3,3,0.111,25,1,0,none,0.9989,1.0,0.9994,T87339,Nicotinic acid (Niacin),HCAR2 / DGAT2,抑制脂肪组织脂解并弱抑制 DGAT2，减少肝内 VLDL 底物供应,0.241,无明确优势骨架命中,,,0.0,0.2414,C(#Cc1cn(-c2cccnc2)cn1)c1ccncc1,0.6204
598,T6561,248281-84-7,CCN(C(=O)c1c(O)c2c(Cl)cccc2n(C)c1=O)c1ccccc1,C19H17ClN2O3,356.81,3.56,62.54,1,3,3,3,3,0.158,25,1,0,none,0.9991,1.0,0.9994,T6561,Telmisartan,PPAR-gamma partial / AT1R,AT1 受体拮抗兼 PPAR-gamma 部分激动，文献报道减轻肝细胞脂肪变,0.207,无明确优势骨架命中,,,0.0,0.2069,O=C(Nc1ccccc1)c1cc2ccccc2[nH]c1=O,0.6032
599,T5503,1373765-19-5,COc1ccnc(N2CCC3(CCCN(Cc4c[nH]c5ccccc45)C3=O)CC2)n1,C23H27N5O2,405.5,3.38,74.35,1,5,4,3,5,0.435,30,0,0,none,1.0,0.9986,0.9994,T5503,Trimetazidine,3-KAT (长链硫解酶),部分脂肪酸氧化抑制剂，代谢调节剂,0.169,无明确优势骨架命中,,,0.0,0.1688,O=C1N(Cc2c[nH]c3ccccc23)CCCC12CCN(c1ncccn1)CC2,0.5841
600,T41244,131983-72-7,CC1(C)CC/C(=C/c2ccc(Cl)cc2)C1(O)Cn1cncn1,C17H20ClN3O,317.82,3.57,50.94,1,3,3,2,3,0.412,22,1,0,none,0.999,1.0,0.9994,T41244,Etomoxir,CPT1a (抑制剂/阴性对照),CPT1 不可逆抑制剂，作为脂肪酸氧化通路机制阴性对照,0.178,无明确优势骨架命中,,,0.0,0.1781,C(=C1CCCC1Cn1cncn1)c1ccccc1,0.5888
601,T15649,1628210-26-3,CC(C)c1c(-c2cnn(C(C)(C)C)c2)nc2c(C#N)c[nH]n2c1=O,C17H20N6O,324.39,2.64,91.77,1,4,2,3,3,0.412,24,0,0,none,0.999,1.0,0.9994,T15649,Resmetirom (MGL-3196),THR-beta,肝脏选择性甲状腺激素受体 beta 激动；上调 CPT1A/线粒体 beta-氧化与脂噬，降低肝内甘油三酯,0.217,无明确优势骨架命中,,,0.0,0.2169,O=c1cc(-c2cn[nH]c2)nc2cc[nH]n12,0.6082
602,T5410,171179-06-9,CNc1cc2c(Nc3cccc(Br)c3)ncnc2cn1,C14H12BrN5,330.19,3.57,62.73,2,5,3,3,3,0.071,20,1,0,none,0.9988,1.0,0.9993,T5410,Ervogastat (PF-06865571),DGAT2,口服 DGAT2 抑制剂，降低肝内甘油三酯合成与 VLDL 分泌,0.143,无明确优势骨架命中,,,0.0,0.1429,c1ccc(Nc2ncnc3cnccc23)cc1,0.5711
603,T61485,1223194-71-5,CCCc1cc(=O)nc(SCC(=O)c2ccc3c(c2)CCCC(=O)N3)[nH]1,C19H21N3O3S,371.46,2.97,91.92,2,5,6,2,3,0.368,26,0,0,none,0.9988,1.0,0.9993,T61485,Pioglitazone,PPAR-gamma,噻唑烷二酮胰岛素增敏剂，促进脂肪组织脂质再分布、降低肝细胞脂毒性,0.167,无明确优势骨架命中,,,0.0,0.1667,O=C1CCCc2cc(C(=O)CSc3nc(=O)cc[nH]3)ccc2N1,0.583
604,T16321,1884640-99-6,Cc1cc2cc(NS(=O)(=O)c3ccc(C#N)cc3)ccc2n(C)c1=O,C18H15N3O3S,353.4,2.52,91.96,1,4,3,3,3,0.111,25,0,0,none,0.9988,1.0,0.9993,T16321,Lanifibranor,PPAR pan (alpha/delta/gamma),泛 PPAR 激动，促进 beta-氧化、抑制脂肪生成与炎症纤维化,0.189,无明确优势骨架命中,,,0.0,0.1892,O=c1ccc2cc(NS(=O)(=O)c3ccccc3)ccc2[nH]1,0.5942
605,TN1342,91095-48-6,CC(=O)O[C@H]1C[C@H]2C(=O)O[C@H](c3ccoc3)C[C@@]2(C)[C@@H]2C[C@@H]3C[C@@H](C(=O)O3)[C@@H]12,C21H24O7,388.42,2.79,92.04,0,7,2,1,5,0.667,28,0,0,none,0.9987,1.0,0.9992,TN1342,Ciprofibrate,PPAR-alpha,长效贝特类，诱导过氧化物酶体增殖与脂肪酸 beta-氧化,0.205,无明确优势骨架命中,,,0.0,0.2055,O=C1OC2CC1C1CCC3C(=O)OC(c4ccoc4)CC3C1C2,0.6023
606,T1066L,83846-83-7,O=C(c1ccc(F)cc1)C1CCN(CCn2c(=O)[nH]c3ccccc3c2=O)CC1,C22H22FN3O3,395.43,2.42,75.17,1,4,5,3,4,0.318,29,1,0,none,0.9987,1.0,0.9992,T1066;T1066L,Fluvastatin,HMGCR,全合成 HMGCR 抑制剂,0.205,无明确优势骨架命中,,,0.0,0.2048,O=C(c1ccccc1)C1CCN(CCn2c(=O)[nH]c3ccccc3c2=O)CC1,0.602
607,T23589,158982-15-1,CC(C)n1cnc2c(NCc3ccccc3)nc(NCCO)nc21,C17H22N6O,326.4,2.42,87.89,3,6,7,3,3,0.353,24,0,0,none,0.9987,1.0,0.9992,T23589,Telmisartan,PPAR-gamma partial / AT1R,AT1 受体拮抗兼 PPAR-gamma 部分激动，文献报道减轻肝细胞脂肪变,0.165,无明确优势骨架命中,,,0.0,0.1648,c1ccc(CNc2ncnc3[nH]cnc23)cc1,0.582
608,T22565,880549-30-4,NCCCCN(Cc1nc2ccccc2[nH]1)[C@H]1CCCc2cccnc21,C21H27N5,349.48,3.58,70.83,2,4,7,3,4,0.429,26,0,0,none,0.9987,1.0,0.9992,T22565;TQ0174,Rosiglitazone,PPAR-gamma,TZD 类 PPAR-gamma 全激动剂，改善胰岛素抵抗与肝内脂肪蓄积,0.172,无明确优势骨架命中,,,0.0,0.1724,c1cnc2c(c1)CCCC2NCc1nc2ccccc2[nH]1,0.5858
609,TN3091,23246-80-2,COc1c(OC(C)=O)cc(OC(C)=O)c2c(=O)cc(-c3ccccc3)oc12,C20H16O7,368.34,3.32,92.04,0,7,4,3,3,0.15,27,0,0,none,0.9987,1.0,0.9992,TN3091,ACC inhibitor chemotype (firsocostat-like proxy),ACC1/ACC2,变构抑制乙酰辅酶A羧化酶，降低丙二酰辅酶A、阻断新发脂质合成(DNL)并解除 CPT1 抑制,0.195,黄酮/黄烷酮母核,AMPK / SREBP-1c,黄酮类多酚激活 AMPK-SIRT1 轴，抑制 SREBP-1c/FAS/ACC 表达并促进脂噬,0.6,0.4648,O=c1cc(-c2ccccc2)oc2ccccc12,0.732
610,T9881,113-69-9,CCN(CC)C(=O)C1CN2CCc3cc(OC)c(OC)cc3C2CC1OC(C)=O,C22H32N2O5,404.51,2.42,68.31,0,6,6,1,3,0.636,29,0,0,none,0.9987,1.0,0.9992,T9881,Ranolazine,pFOX / 晚钠电流,部分脂肪酸氧化抑制，改善代谢底物利用,0.202,无明确优势骨架命中,,,0.0,0.2024,c1ccc2c(c1)CCN1CCCCC21,0.6008
611,T69146,53023-17-9,CC(=O)O[C@@H]1[C@H](OC(=O)CC(C)C)c2c(ccc3ccc(=O)oc23)OC1(C)C,C21H24O7,388.42,3.53,92.04,0,7,4,2,3,0.476,28,0,0,none,0.9985,1.0,0.9991,T69146,Orlistat,Lipase / FASN-TE,beta-内酯共价抑制脂肪酶及 FASN 硫酯酶结构域,0.17,无明确优势骨架命中,,,0.0,0.1705,O=c1ccc2ccc3c(c2o1)CCCO3,0.5848
612,T71649,1001468-07-0,N#CCC(=O)N1CCC(c2nc(-c3cccs3)no2)CC1,C14H14N4O2S,302.36,2.42,83.02,0,6,3,2,3,0.429,21,0,0,none,0.9985,1.0,0.9991,T71649,PF-06424439 (DGAT2i),DGAT2,二酰甘油酰基转移酶2 抑制剂，直接阻断甘油三酯酯化终末步骤,0.197,无明确优势骨架命中,,,0.0,0.1974,c1csc(-c2noc(C3CCNCC3)n2)c1,0.5982
613,T3354,1233855-46-3,CN(C(=O)n1cnc(-c2ccc[n+]([O-])c2)c1)C1CCCCC1,C16H20N4O2,300.36,2.42,65.07,0,3,2,2,3,0.438,22,0,0,none,0.9984,1.0,0.9991,T3354,PF-06424439 (DGAT2i),DGAT2,二酰甘油酰基转移酶2 抑制剂，直接阻断甘油三酯酯化终末步骤,0.2,无明确优势骨架命中,,,0.0,0.2,O=C(NC1CCCCC1)n1cnc(-c2ccc[nH+]c2)c1,0.5996
614,T6852,1622849-58-4,CN1C(=O)[C@@H](NC(=O)c2cc(Cc3ccccc3)on2)COc2ccccc21,C21H19N3O4,377.4,2.42,84.67,1,5,4,3,4,0.19,28,0,0,none,0.9985,1.0,0.9991,T6852,TVB-2640 (Denifanstat),FASN,脂肪酸合酶 beta-酮脂酰还原酶结构域抑制剂，直接阻断棕榈酸从头合成,0.167,无明确优势骨架命中,,,0.0,0.1667,O=C(NC1COc2ccccc2NC1=O)c1cc(Cc2ccccc2)on1,0.5829
615,T3859,52250-35-8,COc1ccc(C2COc3cc(O)ccc3C2)c(O)c1OC,C17H18O5,302.33,2.83,68.15,2,5,3,2,3,0.294,22,0,0,none,1.0,0.9976,0.9991,T3859,Berberine,AMPK / PCSK9 / LDLR,原小檗碱型生物碱，激活 AMPK 并稳定 LDLR mRNA，HepG2 经典降脂阳性对照,0.294,无明确优势骨架命中,,,0.0,0.2941,c1ccc(C2COc3ccccc3C2)cc1,0.6466
616,TN6967,64474-51-7,COc1ccc([C@@H]2COc3cc(O)ccc3C2)c(O)c1OC,C17H18O5,302.33,2.83,68.15,2,5,3,2,3,0.294,22,0,0,none,1.0,0.9976,0.9991,TN6967,Berberine,AMPK / PCSK9 / LDLR,原小檗碱型生物碱，激活 AMPK 并稳定 LDLR mRNA，HepG2 经典降脂阳性对照,0.294,无明确优势骨架命中,,,0.0,0.2941,c1ccc(C2COc3ccccc3C2)cc1,0.6466
617,T16705,62265-68-3,O=C(Oc1ccc2c(c1)CCCN2C(=O)C(Cl)Cl)c1ccco1,C16H13Cl2NO4,354.19,3.58,59.75,0,4,3,2,3,0.25,23,2,0,none,0.9985,1.0,0.9991,T16705,Lanifibranor,PPAR pan (alpha/delta/gamma),泛 PPAR 激动，促进 beta-氧化、抑制脂肪生成与炎症纤维化,0.23,无明确优势骨架命中,,,0.0,0.2297,O=C(Oc1ccc2c(c1)CCCN2)c1ccco1,0.6144
618,T60004,2322245-42-9,CS(=O)(=O)NCC1CCCN(c2ncnc3ccc(C(F)(F)F)cc23)C1,C16H19F3N4O2S,388.42,2.41,75.19,1,5,4,2,3,0.5,26,3,0,none,0.9983,1.0,0.999,T60004,Ervogastat (PF-06865571),DGAT2,口服 DGAT2 抑制剂，降低肝内甘油三酯合成与 VLDL 分泌,0.247,无明确优势骨架命中,,,0.0,0.2469,c1ccc2c(N3CCCCC3)ncnc2c1,0.623
619,T4539,76252-06-7,CC(C)NCC(O)COc1cccc2c1N(C(=O)c1cccnc1)CCC2,C21H27N3O3,369.47,2.41,74.69,2,5,7,2,3,0.429,27,0,0,none,0.9983,1.0,0.999,T4539,Nicotinic acid (Niacin),HCAR2 / DGAT2,抑制脂肪组织脂解并弱抑制 DGAT2，减少肝内 VLDL 底物供应,0.3,哌嗪/哌啶杂芳基甲酰胺,SCD1 / DGAT2,脂质酶抑制剂常见的环胺-酰胺连接模式，倾向作用于 SCD1/DGAT2 等内质网膜结合型脂质合成酶,0.55,0.5475,O=C(c1cccnc1)N1CCCc2ccccc21,0.7732
620,T0998,333-41-5,CCOP(=S)(OCC)Oc1cc(C)nc(C(C)C)n1,C12H21N2O3PS,304.35,3.58,53.47,0,6,7,1,1,0.667,19,0,0,none,0.9984,1.0,0.999,T0998,VK2809 active acid (MB07344),THR-beta,肝靶向 THR-beta 激动剂活性代谢物；促进脂肪酸氧化与 LDL-C 清除,0.159,无明确优势骨架命中,,,0.0,0.1587,c1cncnc1,0.5788
621,T9103,345651-04-9,OCCN1CCN(c2nc(-c3ccccc3)nc3ccccc23)CC1,C20H22N4O,334.42,2.41,52.49,1,5,4,3,4,0.3,25,0,0,none,0.9982,1.0,0.9989,T9103,Telmisartan,PPAR-gamma partial / AT1R,AT1 受体拮抗兼 PPAR-gamma 部分激动，文献报道减轻肝细胞脂肪变,0.195,无明确优势骨架命中,,,0.0,0.1951,c1ccc(-c2nc(N3CCNCC3)c3ccccc3n2)cc1,0.597
622,T14355,450348-85-3,O=C(NC1Cc2ccccc2C1)c1ccc2c(c1)OC(F)(F)O2,C17H13F2NO3,317.29,2.91,47.56,1,3,2,2,4,0.235,23,2,0,none,0.9981,1.0,0.9989,T14355,TVB-2640 (Denifanstat),FASN,脂肪酸合酶 beta-酮脂酰还原酶结构域抑制剂，直接阻断棕榈酸从头合成,0.181,无明确优势骨架命中,,,0.0,0.1807,O=C(NC1Cc2ccccc2C1)c1ccc2c(c1)OCO2,0.5898
623,T27248,494861-87-9,Cn1ncc(NCCN2CCC(c3noc4cc(F)ccc34)CC2)c(Cl)c1=O,C19H21ClFN5O2,405.86,3.01,76.19,1,6,5,3,4,0.421,28,2,0,none,1.0,0.9973,0.9989,T27248,TVB-2640 (Denifanstat),FASN,脂肪酸合酶 beta-酮脂酰还原酶结构域抑制剂，直接阻断棕榈酸从头合成,0.18,无明确优势骨架命中,,,0.0,0.18,O=c1cc(NCCN2CCC(c3noc4ccccc34)CC2)cn[nH]1,0.5894
624,T39341,1917347-65-9,CC(C)NC(=O)c1ccc(OC(F)F)c(OCC2CC2)c1,C15H19F2NO3,299.32,3.22,47.56,1,3,7,1,2,0.533,21,2,0,none,0.9981,1.0,0.9989,T39341,TVB-2640 (Denifanstat),FASN,脂肪酸合酶 beta-酮脂酰还原酶结构域抑制剂，直接阻断棕榈酸从头合成,0.188,无明确优势骨架命中,,,0.0,0.1882,c1ccc(OCC2CC2)cc1,0.5936
625,T1170,140462-76-6,CN(C)CC/C=C1/c2ccccc2COc2ccc(CC(=O)O)cc21,C21H23NO3,337.42,3.59,49.77,1,3,5,2,3,0.286,25,0,0,none,0.9982,1.0,0.9989,T1170,Lanifibranor,PPAR pan (alpha/delta/gamma),泛 PPAR 激动，促进 beta-氧化、抑制脂肪生成与炎症纤维化,0.26,无明确优势骨架命中,,,0.0,0.2603,C=C1c2ccccc2COc2ccccc21,0.6296
626,T15619,1363281-27-9,O=C(c1ccc(F)cc1)N1CCc2nc(COc3ccccc3)oc2C1,C20H17FN2O3,352.37,3.59,55.57,0,4,4,3,4,0.2,26,1,0,none,0.9981,1.0,0.9989,T15619,PF-06424439 (DGAT2i),DGAT2,二酰甘油酰基转移酶2 抑制剂，直接阻断甘油三酯酯化终末步骤,0.195,哌嗪/哌啶杂芳基甲酰胺,SCD1 / DGAT2,脂质酶抑制剂常见的环胺-酰胺连接模式，倾向作用于 SCD1/DGAT2 等内质网膜结合型脂质合成酶,0.55,0.4423,O=C(c1ccccc1)N1CCc2nc(COc3ccccc3)oc2C1,0.7206
627,T4280,1919820-28-2,CCCCCO[C@H]1CC[C@H](NC(=O)c2cnn3c(C)cc(C)nc23)CC1,C20H30N4O2,358.49,3.59,68.52,1,4,7,2,3,0.65,26,0,0,none,0.998,1.0,0.9988,T4280,TVB-2640 (Denifanstat),FASN,脂肪酸合酶 beta-酮脂酰还原酶结构域抑制剂，直接阻断棕榈酸从头合成,0.258,无明确优势骨架命中,,,0.0,0.2584,O=C(NC1CCCCC1)c1cnn2cccnc12,0.6286
628,T13167,642473-95-8,CCOCc1nc2c(N)nc3ccccc3c2n1CC(C)(C)N,C17H23N5O,313.41,2.44,91.98,2,5,5,3,3,0.412,23,0,0,none,0.998,1.0,0.9988,T13167,Telmisartan,PPAR-gamma partial / AT1R,AT1 受体拮抗兼 PPAR-gamma 部分激动，文献报道减轻肝细胞脂肪变,0.221,无明确优势骨架命中,,,0.0,0.2209,c1ccc2c(c1)ncc1nc[nH]c12,0.6098
629,T2249,1515856-92-4,O=C(O)c1cc(C(F)(F)F)ccc1N1CC[C@H](OCc2ccccn2)C1,C18H17F3N2O3,366.34,3.59,62.66,1,4,5,2,3,0.333,26,3,0,none,0.998,1.0,0.9988,T2249,Ervogastat (PF-06865571),DGAT2,口服 DGAT2 抑制剂，降低肝内甘油三酯合成与 VLDL 分泌,0.308,无明确优势骨架命中,,,0.0,0.3077,c1ccc(N2CCC(OCc3ccccn3)C2)cc1,0.6532
630,T31149,695155-81-8,CCOc1ccc(-c2nc(-c3ccncc3)no2)cc1OCC,C17H17N3O3,311.34,3.6,70.27,0,6,6,3,3,0.235,23,0,0,none,0.9979,1.0,0.9988,T31149,GW501516,PPAR-delta,PPAR-delta 选择性激动，提升肝与骨骼肌脂肪酸氧化,0.197,无明确优势骨架命中,,,0.0,0.1974,c1ccc(-c2nc(-c3ccncc3)no2)cc1,0.5981
631,T27949,211566-75-5,O=C(O)c1ccc(C[C@H]2CC[C@H]3CN[C@H](C(=O)O)C[C@H]3C2)cc1,C18H23NO4,317.39,2.41,86.63,3,3,4,1,3,0.556,23,0,0,none,0.998,1.0,0.9988,T27949,Nicotinic acid (Niacin),HCAR2 / DGAT2,抑制脂肪组织脂解并弱抑制 DGAT2，减少肝内 VLDL 底物供应,0.196,长链脂肪酸 / 类脂肪酸,PPAR-alpha / SREBP-1c,内源性脂肪酸配体样分子，直接激动 PPAR-alpha 上调氧化基因，并抑制 SREBP-1c 前体加工，降低脂肪生成,0.72,0.5201,c1ccc(CC2CCC3CNCCC3C2)cc1,0.7594
632,T6212,117048-59-6,COc1ccc(/C=C\c2cc(OC)c(OC)c(OC)c2)cc1O,C18H20O5,316.35,3.6,57.15,1,5,6,2,2,0.222,23,0,0,none,0.9979,1.0,0.9987,T6212,Trimetazidine,3-KAT (长链硫解酶),部分脂肪酸氧化抑制剂，代谢调节剂,0.25,无明确优势骨架命中,,,0.0,0.25,C(=Cc1ccccc1)c1ccccc1,0.6244
633,T24421,879409-35-5,CC(C)(CN1CCN(C2=Nc3ccccc3Oc3ccccc32)CC1)C(=O)O,C22H25N3O3,379.46,3.6,65.37,1,5,3,2,4,0.364,28,0,0,none,0.9978,1.0,0.9987,T24421,Gemfibrozil,PPAR-alpha,苯氧戊酸类 PPAR-alpha 激动剂，抑制肝脏 VLDL-TG 分泌,0.234,二芳醚/二芳酮 + 羧酸,PPAR / THR-beta (通用核受体),核受体配体常见的疏水二芳基骨架 + 酸性头基组合，倾向结合 PPAR/THR 等脂代谢核受体配体口袋,0.5,0.4594,c1ccc2c(c1)N=C(N1CCNCC1)c1ccccc1O2,0.729
634,T35349,2573912-32-8,CCOCc1nc(I)c(-c2ccccc2)n1CC(C)(C)O,C16H21IN2O2,400.26,3.46,47.28,1,3,6,2,2,0.438,21,1,0,none,0.9976,1.0,0.9986,T35349,Telmisartan,PPAR-gamma partial / AT1R,AT1 受体拮抗兼 PPAR-gamma 部分激动，文献报道减轻肝细胞脂肪变,0.217,无明确优势骨架命中,,,0.0,0.2169,c1ccc(-c2cnc[nH]2)cc1,0.6078
635,T60003,2762422-55-7,CCc1cc(=O)nc(-n2nc(C)cc2NC(=O)c2cc(C)ccc2F)[nH]1,C18H18FN5O2,355.37,2.53,92.67,2,4,4,3,3,0.222,26,1,0,none,0.9977,1.0,0.9986,T60003,Gemfibrozil,PPAR-alpha,苯氧戊酸类 PPAR-alpha 激动剂，抑制肝脏 VLDL-TG 分泌,0.178,无明确优势骨架命中,,,0.0,0.1781,O=C(Nc1ccnn1-c1nc(=O)cc[nH]1)c1ccccc1,0.5884
636,T67832,1629615-99-1,COc1ccc(CNC(=O)c2c(Cl)ccnc2OCC2CC2)cc1F,C18H18ClFN2O3,364.8,3.6,60.45,1,4,7,2,3,0.333,25,2,0,none,0.9977,1.0,0.9986,T67832,Bezafibrate,PPAR pan,泛 PPAR 弱激动剂，降低血浆与肝内甘油三酯,0.218,无明确优势骨架命中,,,0.0,0.2179,O=C(NCc1ccccc1)c1cccnc1OCC1CC1,0.6083
637,T1898,1342278-01-6,O=C(NCc1cccc(O)c1)Nc1nc(-c2ccncc2)cs1,C16H14N4O2S,326.38,3.23,87.14,3,5,4,3,3,0.062,23,0,0,none,1.0,0.9964,0.9986,T1898,GW501516,PPAR-delta,PPAR-delta 选择性激动，提升肝与骨骼肌脂肪酸氧化,0.179,无明确优势骨架命中,,,0.0,0.1786,O=C(NCc1ccccc1)Nc1nc(-c2ccncc2)cs1,0.5886
638,T23004,332382-54-4,CC1CC(C)(C)N(C(=O)CN2C(=O)c3ccccc3C2=O)c2ccccc21,C22H22N2O3,362.43,3.6,57.69,0,3,2,2,4,0.318,27,0,0,none,0.9977,1.0,0.9986,T23004,Ranolazine,pFOX / 晚钠电流,部分脂肪酸氧化抑制，改善代谢底物利用,0.197,哌嗪/哌啶杂芳基甲酰胺,SCD1 / DGAT2,脂质酶抑制剂常见的环胺-酰胺连接模式，倾向作用于 SCD1/DGAT2 等内质网膜结合型脂质合成酶,0.55,0.4449,O=C1c2ccccc2C(=O)N1CC(=O)N1CCCc2ccccc21,0.7218
639,T7196,1351758-81-0,CNc1nc(Nc2ccc(C(=O)N3CCOCC3)cc2OC)ncc1Cl,C17H20ClN5O3,377.83,2.4,88.61,2,7,5,2,3,0.353,26,1,0,none,0.9976,1.0,0.9986,T7196,PF-06424439 (DGAT2i),DGAT2,二酰甘油酰基转移酶2 抑制剂，直接阻断甘油三酯酯化终末步骤,0.311,哌嗪/哌啶杂芳基甲酰胺,SCD1 / DGAT2,脂质酶抑制剂常见的环胺-酰胺连接模式，倾向作用于 SCD1/DGAT2 等内质网膜结合型脂质合成酶,0.55,0.5583,O=C(c1ccc(Nc2ncccn2)cc1)N1CCOCC1,0.7785
640,T28638,734513-52-1,O=C(CC1CCN(CCOc2cccc3c2OCCO3)C1)c1ccc(F)cc1,C22H24FNO4,385.44,3.57,48.0,0,5,7,2,4,0.409,28,1,0,none,0.9976,1.0,0.9986,T28638,Ranolazine,pFOX / 晚钠电流,部分脂肪酸氧化抑制，改善代谢底物利用,0.198,无明确优势骨架命中,,,0.0,0.1977,O=C(CC1CCN(CCOc2cccc3c2OCCO3)C1)c1ccccc1,0.5982
641,T22037,928320-12-1,O=C(Nc1ccc(-c2ccncc2)cc1)N[C@H](CO)c1ccccc1,C20H19N3O2,333.39,3.6,74.25,3,3,5,3,3,0.1,25,0,0,none,0.9976,1.0,0.9986,T22037,Nicotinic acid (Niacin),HCAR2 / DGAT2,抑制脂肪组织脂解并弱抑制 DGAT2，减少肝内 VLDL 底物供应,0.229,无明确优势骨架命中,,,0.0,0.2292,O=C(NCc1ccccc1)Nc1ccc(-c2ccncc2)cc1,0.6139
642,T61144,338965-09-6,Nc1nc(-c2ccccn2)nc(N)c1Cc1ccc(Cl)cc1Cl,C16H13Cl2N5,346.22,3.6,90.71,2,5,3,3,3,0.062,23,2,0,none,0.9976,1.0,0.9985,T61144,GW4064,FXR,非甾体高效 FXR 激动剂工具化合物，抑制 DNL 相关转录程序,0.161,无明确优势骨架命中,,,0.0,0.1609,c1ccc(Cc2cnc(-c3ccccn3)nc2)cc1,0.5797
643,T30586L,,CC(C)(CCc1ccccc1)NCC(O)c1ccc2c(c1)CCC(=O)N2,C22H28N2O2,352.48,3.61,61.36,3,3,7,2,3,0.409,26,0,0,none,0.9975,1.0,0.9985,T30586L,Bezafibrate,PPAR pan,泛 PPAR 弱激动剂，降低血浆与肝内甘油三酯,0.213,无明确优势骨架命中,,,0.0,0.2133,O=C1CCc2cc(CCNCCCc3ccccc3)ccc2N1,0.6059
644,T72166,1026652-90-3,CC(C)Oc1ccc(NC(=O)c2ccc(-c3nnn[nH]3)cc2)cc1,C17H17N5O2,323.36,2.91,92.79,2,5,5,3,3,0.176,24,0,0,none,0.9975,1.0,0.9985,T72166,Bezafibrate,PPAR pan,泛 PPAR 弱激动剂，降低血浆与肝内甘油三酯,0.221,无明确优势骨架命中,,,0.0,0.2206,O=C(Nc1ccccc1)c1ccc(-c2nnn[nH]2)cc1,0.6096
645,T61668,1808389-92-5,O=C(Nc1cccc(C(=O)N2CCC3(CCNCC3)CC2)c1)c1cccs1,C21H25N3O2S,383.52,3.61,61.44,2,4,3,2,4,0.429,27,0,0,none,0.9975,1.0,0.9985,T61668,Ervogastat (PF-06865571),DGAT2,口服 DGAT2 抑制剂，降低肝内甘油三酯合成与 VLDL 分泌,0.169,哌嗪/哌啶杂芳基甲酰胺,SCD1 / DGAT2,脂质酶抑制剂常见的环胺-酰胺连接模式，倾向作用于 SCD1/DGAT2 等内质网膜结合型脂质合成酶,0.55,0.4162,O=C(Nc1cccc(C(=O)N2CCC3(CCNCC3)CC2)c1)c1cccs1,0.7074
646,T38273,76738-62-0,CC(C)(C)[C@H](O)[C@H](Cc1ccc(Cl)cc1)n1cncn1,C15H20ClN3O,293.8,3.12,50.94,1,3,4,2,2,0.467,20,1,0,none,1.0,0.9961,0.9984,T38273,Bezafibrate,PPAR pan,泛 PPAR 弱激动剂，降低血浆与肝内甘油三酯,0.254,无明确优势骨架命中,,,0.0,0.254,c1ccc(CCn2cncn2)cc1,0.6262
647,TN6792,25650-83-3,COc1ccc2c3c1O[C@H]1C[C@@H](OC(C)=O)C=C[C@@]31CCN(C)C2,C19H23NO4,329.4,2.42,48.0,0,5,2,1,4,0.526,24,0,0,none,0.9973,1.0,0.9984,TN6792,Ranolazine,pFOX / 晚钠电流,部分脂肪酸氧化抑制，改善代谢底物利用,0.212,无明确优势骨架命中,,,0.0,0.2118,C1=CC23CCNCc4cccc(c42)OC3CC1,0.6051
648,T28827,1628106-94-4,CCOC(=O)C[N+]1(C)CC[C@@H](OC(=O)[C@](O)(c2ccccc2)C2CCCC2)C1,C22H32NO5+,390.5,2.39,72.83,1,5,7,1,3,0.636,28,0,0,none,0.9973,1.0,0.9984,T28827,Gemfibrozil,PPAR-alpha,苯氧戊酸类 PPAR-alpha 激动剂，抑制肝脏 VLDL-TG 分泌,0.181,无明确优势骨架命中,,,0.0,0.1806,O=C(OC1CC[NH2+]C1)C(c1ccccc1)C1CCCC1,0.5895
649,T24833,303094-67-9,Cc1cc(C)nc(NC(=N)Nc2ccccc2C(F)(F)F)n1,C14H14F3N5,309.3,3.57,73.69,3,3,2,2,2,0.214,22,3,0,none,0.9989,0.9977,0.9984,T24833,GW501516,PPAR-delta,PPAR-delta 选择性激动，提升肝与骨骼肌脂肪酸氧化,0.2,无明确优势骨架命中,,,0.0,0.2,N=C(Nc1ccccc1)Nc1ncccn1,0.5992
650,T22612,105565-55-7,OC(CCCN1CCN(c2ncc(F)cn2)CC1)c1ccc(F)cc1,C18H22F2N4O,348.4,2.39,52.49,1,5,6,2,3,0.444,25,2,0,none,0.9973,1.0,0.9984,T22612;T67739,Ezetimibe,NPC1L1,抑制胆固醇再摄取，降低肝内胆固醇酯负荷,0.302,无明确优势骨架命中,,,0.0,0.3016,c1ccc(CCCCN2CCN(c3ncccn3)CC2)cc1,0.65
651,T28511,170861-63-9,Cc1oc(-c2ccccc2)nc1CCOc1ccc(CC2C(=O)NOC2=O)cc1,C22H20N2O5,392.41,3.02,90.66,1,6,7,3,4,0.227,29,0,0,none,0.9999,0.9963,0.9984,T28511,Rosiglitazone,PPAR-gamma,TZD 类 PPAR-gamma 全激动剂，改善胰岛素抵抗与肝内脂肪蓄积,0.333,无明确优势骨架命中,,,0.0,0.3333,O=C1NOC(=O)C1Cc1ccc(OCCc2coc(-c3ccccc3)n2)cc1,0.6658
652,T10876,223532-02-3,O=C(O)C(Cc1ccccc1)CN(O)C(=O)Cc1ccccc1,C18H19NO4,313.35,2.39,77.84,2,3,7,2,2,0.222,23,0,0,none,0.9973,1.0,0.9984,T10876,Salicylate,"AMPK (direct, beta1)",直接结合 AMPK beta1 变构位点，抑制脂肪生成,0.225,无明确优势骨架命中,,,0.0,0.225,O=C(Cc1ccccc1)NCCCc1ccccc1,0.6117
653,T6506,708219-39-0,Cc1ccc(Cl)cc1N(CC(=O)Nc1c(F)cccc1F)S(C)(=O)=O,C16H15ClF2N2O3S,388.82,3.33,66.48,1,3,5,2,2,0.188,25,3,0,none,1.0,0.9959,0.9984,T6506,Ranolazine,pFOX / 晚钠电流,部分脂肪酸氧化抑制，改善代谢底物利用,0.221,无明确优势骨架命中,,,0.0,0.2208,O=C(CNc1ccccc1)Nc1ccccc1,0.6096
654,T72063,494763-64-3,O=S(=O)(NCc1ccncc1)c1ccc(C2CCCCC2)cc1,C18H22N2O2S,330.45,3.61,59.06,1,3,5,2,3,0.389,23,0,0,none,0.9974,1.0,0.9984,T72063;T73585,TVB-2640 (Denifanstat),FASN,脂肪酸合酶 beta-酮脂酰还原酶结构域抑制剂，直接阻断棕榈酸从头合成,0.185,无明确优势骨架命中,,,0.0,0.1852,O=S(=O)(NCc1ccncc1)c1ccc(C2CCCCC2)cc1,0.5918
655,T38451,105512-06-9,C#CCOC(=O)[C@@H](C)Oc1ccc(Oc2ncc(Cl)cc2F)cc1,C17H13ClFNO4,349.75,3.61,57.65,0,5,6,2,2,0.176,24,2,0,none,0.9973,1.0,0.9984,T38451,Etomoxir,CPT1a (抑制剂/阴性对照),CPT1 不可逆抑制剂，作为脂肪酸氧化通路机制阴性对照,0.222,无明确优势骨架命中,,,0.0,0.2222,c1ccc(Oc2ccccn2)cc1,0.6103
656,T9630,620570-09-4,CCOC(=O)N1CCN(C(=O)c2sc3cc(F)ccc3c2Cl)CC1,C16H16ClFN2O3S,370.83,3.61,49.85,0,4,2,2,3,0.375,24,2,0,none,0.9974,1.0,0.9984,T9630,Etomoxir,CPT1a (抑制剂/阴性对照),CPT1 不可逆抑制剂，作为脂肪酸氧化通路机制阴性对照,0.229,哌嗪/哌啶杂芳基甲酰胺,SCD1 / DGAT2,脂质酶抑制剂常见的环胺-酰胺连接模式，倾向作用于 SCD1/DGAT2 等内质网膜结合型脂质合成酶,0.55,0.4761,O=C(c1cc2ccccc2s1)N1CCNCC1,0.7372
657,T3171,349085-82-1,COc1ccc(S(=O)(=O)Nc2c(C)cc(C)cc2C)cc1,C16H19NO3S,305.4,3.42,55.4,1,3,4,2,2,0.25,21,0,0,none,1.0,0.9958,0.9983,T3171,Lanifibranor,PPAR pan (alpha/delta/gamma),泛 PPAR 激动，促进 beta-氧化、抑制脂肪生成与炎症纤维化,0.194,无明确优势骨架命中,,,0.0,0.1935,O=S(=O)(Nc1ccccc1)c1ccccc1,0.5959
658,T0466,169590-42-5,Cc1ccc(-c2cc(C(F)(F)F)nn2-c2ccc(S(N)(=O)=O)cc2)cc1,C17H14F3N3O2S,381.38,3.51,77.98,1,3,3,3,3,0.118,26,3,0,none,1.0,0.9958,0.9983,T0466,GW501516,PPAR-delta,PPAR-delta 选择性激动，提升肝与骨骼肌脂肪酸氧化,0.19,无明确优势骨架命中,,,0.0,0.1899,c1ccc(-c2ccnn2-c2ccccc2)cc1,0.5941
659,T27593,199335-15-4,CCCCN(C1CC(C)(C)Oc2ccc(C#N)cc21)S(=O)(=O)CC,C18H26N2O3S,350.48,3.61,70.4,0,4,6,1,2,0.611,24,0,0,none,0.9972,1.0,0.9983,T27593,C75,FASN,alpha-亚甲基-gamma-丁内酯类 FASN 抑制剂，同时升高丙二酰辅酶A,0.157,无明确优势骨架命中,,,0.0,0.1571,c1ccc2c(c1)CCCO2,0.5777
660,T1864,173352-21-1,CCOc1ccc2nc(SCCN3CCOCC3)[nH]c2c1,C15H21N3O2S,307.42,2.39,50.38,1,5,6,2,3,0.533,21,0,0,none,0.9971,1.0,0.9982,T1864;T4093,TVB-2640 (Denifanstat),FASN,脂肪酸合酶 beta-酮脂酰还原酶结构域抑制剂，直接阻断棕榈酸从头合成,0.191,无明确优势骨架命中,,,0.0,0.191,c1ccc2[nH]c(SCCN3CCOCC3)nc2c1,0.5946
661,T10787,1579991-61-9,Cc1nnc(CNCCN2C(=O)c3cccc4cccc(c34)C2=O)s1,C18H16N4O2S,352.42,2.39,75.19,1,6,5,3,4,0.222,25,0,0,none,0.9971,1.0,0.9982,T10787,Telmisartan,PPAR-gamma partial / AT1R,AT1 受体拮抗兼 PPAR-gamma 部分激动，文献报道减轻肝细胞脂肪变,0.157,哌嗪/哌啶杂芳基甲酰胺,SCD1 / DGAT2,脂质酶抑制剂常见的环胺-酰胺连接模式，倾向作用于 SCD1/DGAT2 等内质网膜结合型脂质合成酶,0.55,0.4048,O=C1c2cccc3cccc(c23)C(=O)N1CCNCc1nncs1,0.7015
662,TN1300,84294-87-1,COc1cc2oc(CCc3ccccc3)cc(=O)c2cc1OC,C19H18O4,310.35,3.6,48.67,0,4,5,3,3,0.211,23,0,0,none,0.9974,0.9995,0.9982,TN1300,Bezafibrate,PPAR pan,泛 PPAR 弱激动剂，降低血浆与肝内甘油三酯,0.182,无明确优势骨架命中,,,0.0,0.1818,O=c1cc(CCc2ccccc2)oc2ccccc12,0.59
663,T9222,1995067-59-8,CC(C)n1ccc(S(=O)(=O)NC(=O)Nc2c3c(cc4c2CCC4)CCC3)n1,C19H24N4O3S,388.49,2.95,93.09,2,4,4,2,4,0.474,27,0,0,none,0.997,1.0,0.9982,T9222,Lanifibranor,PPAR pan (alpha/delta/gamma),泛 PPAR 激动，促进 beta-氧化、抑制脂肪生成与炎症纤维化,0.2,无明确优势骨架命中,,,0.0,0.2,O=C(Nc1c2c(cc3c1CCC3)CCC2)NS(=O)(=O)c1cc[nH]n1,0.5991
664,T77758,1997158-25-4,Nc1nccc(NCC2CCN(Cc3ccccc3)CC2)n1,C17H23N5,297.41,2.38,67.07,2,5,5,2,3,0.412,22,0,0,none,0.9969,1.0,0.9982,T77758,Ervogastat (PF-06865571),DGAT2,口服 DGAT2 抑制剂，降低肝内甘油三酯合成与 VLDL 分泌,0.169,无明确优势骨架命中,,,0.0,0.1688,c1ccc(CN2CCC(CNc3ccncn3)CC2)cc1,0.5835
665,T1335,24280-93-1,COc1c(C)c2c(c(O)c1C/C=C(\C)CCC(=O)O)C(=O)OC2,C17H20O6,320.34,2.73,93.06,2,5,6,1,2,0.412,23,0,0,none,0.997,1.0,0.9982,T1335,DHA (Docosahexaenoic acid),PPAR-alpha / SREBP-1c,omega-3 多不饱和脂肪酸，降低肝内 TG 与脂毒性,0.172,无明确优势骨架命中,,,0.0,0.1724,O=C1OCc2ccccc21,0.5853
666,T204087,3482-37-9,COc1cc2c(c(OC)c1OC)-c1ccc(O)c(=O)cc1[C@@H](N)CC2,C19H21NO5,343.38,2.39,91.01,2,6,3,2,3,0.316,25,0,0,none,0.997,1.0,0.9982,T204087,ACC inhibitor chemotype (firsocostat-like proxy),ACC1/ACC2,变构抑制乙酰辅酶A羧化酶，降低丙二酰辅酶A、阻断新发脂质合成(DNL)并解除 CPT1 抑制,0.218,无明确优势骨架命中,,,0.0,0.2179,O=c1cccc2c(c1)CCCc1ccccc1-2,0.608
667,T13302,52211-63-9,C=C[C@H]1CNCC[C@H]1CCC(=O)c1ccnc2ccc(OC)cc12,C20H24N2O2,324.42,3.62,51.22,1,4,6,2,3,0.4,24,0,0,none,0.9969,1.0,0.9981,T13302,TVB-2640 (Denifanstat),FASN,脂肪酸合酶 beta-酮脂酰还原酶结构域抑制剂，直接阻断棕榈酸从头合成,0.173,无明确优势骨架命中,,,0.0,0.1735,O=C(CCC1CCNCC1)c1ccnc2ccccc12,0.5858
668,T9317,1929519-13-0,C[C@H](NC(=O)Cn1nnc2ccccc2c1=O)c1ccc(OC(F)(F)F)cc1,C18H15F3N4O3,392.34,2.57,86.11,1,5,5,3,3,0.222,28,3,0,none,1.0,0.9952,0.9981,T9317,TVB-2640 (Denifanstat),FASN,脂肪酸合酶 beta-酮脂酰还原酶结构域抑制剂，直接阻断棕榈酸从头合成,0.247,无明确优势骨架命中,,,0.0,0.2472,O=C(Cn1nnc2ccccc2c1=O)NCc1ccccc1,0.6226
669,T13932,566914-00-9,CC(C)[C@H](NC(=O)CCc1ccccc1)C(=O)N1CCCC1,C18H26N2O2,302.42,2.38,49.41,1,2,6,1,2,0.556,22,0,0,none,0.9968,1.0,0.9981,T13932,Ranolazine,pFOX / 晚钠电流,部分脂肪酸氧化抑制，改善代谢底物利用,0.222,无明确优势骨架命中,,,0.0,0.2222,O=C(CCc1ccccc1)NCC(=O)N1CCCC1,0.6102
670,T20774,98105-99-8,O=C(O)c1cn(-c2ccc(F)cc2)c2cc(N3CCNCC3)c(F)cc2c1=O,C20H17F2N3O3,385.37,2.38,74.57,2,4,3,3,4,0.2,28,2,0,none,0.9966,1.0,0.998,T1107;T20774,Ezetimibe,NPC1L1,抑制胆固醇再摄取，降低肝内胆固醇酯负荷,0.182,无明确优势骨架命中,,,0.0,0.1818,O=c1ccn(-c2ccccc2)c2cc(N3CCNCC3)ccc12,0.5899
671,T10649,885704-21-2,CC1CCN(c2cc(N3CCN(C)CC3)ccc2NC(=O)c2cc(C#N)c[nH]2)CC1,C23H30N6O,406.53,3.13,78.4,2,5,4,2,4,0.478,30,0,0,none,1.0,0.995,0.998,T10649,TVB-2640 (Denifanstat),FASN,脂肪酸合酶 beta-酮脂酰还原酶结构域抑制剂，直接阻断棕榈酸从头合成,0.163,无明确优势骨架命中,,,0.0,0.1633,O=C(Nc1ccc(N2CCNCC2)cc1N1CCCCC1)c1ccc[nH]1,0.5806
672,T39789,2253947-47-4,COc1cc(F)c(C2CNC(=O)C2NC(=O)Nc2ccccc2)c(F)c1,C18H17F2N3O3,361.35,2.38,79.46,3,3,4,2,3,0.222,26,2,0,none,0.9966,1.0,0.998,T39789,Rosiglitazone,PPAR-gamma,TZD 类 PPAR-gamma 全激动剂，改善胰岛素抵抗与肝内脂肪蓄积,0.2,无明确优势骨架命中,,,0.0,0.2,O=C(Nc1ccccc1)NC1C(=O)NCC1c1ccccc1,0.599
673,T21331,1184843-57-9,C[C@H](CN(C)C)Oc1nc(Nc2cc3cccc(Cl)c3cn2)cnc1C#N,C19H19ClN6O,382.86,3.62,86.96,1,7,6,3,3,0.263,27,1,0,none,0.9966,1.0,0.998,T21331,Resmetirom (MGL-3196),THR-beta,肝脏选择性甲状腺激素受体 beta 激动；上调 CPT1A/线粒体 beta-氧化与脂噬，降低肝内甘油三酯,0.189,无明确优势骨架命中,,,0.0,0.1889,c1ccc2cc(Nc3cnccn3)ncc2c1,0.5934
674,T3284,57775-29-8,CC(C)NCC(O)COc1cccc2[nH]c3ccccc3c12,C18H22N2O2,298.39,3.06,57.28,3,3,6,3,3,0.333,22,0,0,none,1.0,0.995,0.998,T3284,Ranolazine,pFOX / 晚钠电流,部分脂肪酸氧化抑制，改善代谢底物利用,0.286,无明确优势骨架命中,,,0.0,0.2857,c1ccc2c(c1)[nH]c1ccccc12,0.6418
675,T7132,224047-41-0,CC(O)(c1ccccc1)C(Cc1ccc(Cl)cc1)n1cncn1,C18H18ClN3O,327.82,3.62,50.94,1,3,5,3,3,0.222,23,1,0,none,0.9966,1.0,0.998,T7132,Bezafibrate,PPAR pan,泛 PPAR 弱激动剂，降低血浆与肝内甘油三酯,0.258,无明确优势骨架命中,,,0.0,0.2576,c1ccc(CC(Cc2ccccc2)n2cncn2)cc1,0.6278
676,T19763,27724-96-5,NCC1CCC(C(=O)Oc2ccc(CCC(=O)O)cc2)CC1,C17H23NO4,305.37,2.37,89.62,2,4,6,1,2,0.529,22,0,0,none,0.9965,1.0,0.9979,T19763,Bezafibrate,PPAR pan,泛 PPAR 弱激动剂，降低血浆与肝内甘油三酯,0.234,无明确优势骨架命中,,,0.0,0.2344,O=C(Oc1ccccc1)C1CCCCC1,0.6162
677,T77621,852222-94-7,COc1ccc(NC(=O)CSc2nc(=O)c3ccccc3[nH]2)c(OC)c1,C18H17N3O4S,371.42,2.67,93.31,2,6,6,3,3,0.167,26,0,0,none,0.9965,1.0,0.9979,T77621,Ranolazine,pFOX / 晚钠电流,部分脂肪酸氧化抑制，改善代谢底物利用,0.217,无明确优势骨架命中,,,0.0,0.2169,O=C(CSc1nc(=O)c2ccccc2[nH]1)Nc1ccccc1,0.6074
678,T24695,946270-26-4,CCCN1C(=O)CCc2cc(NS(=O)(=O)Cc3ccc(C)cc3)ccc21,C20H24N2O3S,372.49,3.63,66.48,1,3,6,2,3,0.35,26,0,0,none,0.9964,1.0,0.9979,T24695,Lanifibranor,PPAR pan (alpha/delta/gamma),泛 PPAR 激动，促进 beta-氧化、抑制脂肪生成与炎症纤维化,0.216,无明确优势骨架命中,,,0.0,0.2162,O=C1CCc2cc(NS(=O)(=O)Cc3ccccc3)ccc2N1,0.607
679,T9217,2009273-60-1,CCc1c(-c2ccc(C(=O)NC)cc2)cnc(N)c1-c1ccc(O)cc1,C21H21N3O2,347.42,3.63,88.24,3,4,4,3,3,0.143,26,0,0,none,0.9965,1.0,0.9979,T9217,Bezafibrate,PPAR pan,泛 PPAR 弱激动剂，降低血浆与肝内甘油三酯,0.183,无明确优势骨架命中,,,0.0,0.1831,c1ccc(-c2cncc(-c3ccccc3)c2)cc1,0.5905
680,T21767,423748-02-1,COc1cccc(C(=O)N2CCN(C(=O)COc3cccc(C)c3)CC2)c1OC,C22H26N2O5,398.46,2.38,68.31,0,5,6,2,3,0.364,29,0,0,none,0.9965,1.0,0.9979,T21767,Ranolazine,pFOX / 晚钠电流,部分脂肪酸氧化抑制，改善代谢底物利用,0.28,哌嗪/哌啶杂芳基甲酰胺,SCD1 / DGAT2,脂质酶抑制剂常见的环胺-酰胺连接模式，倾向作用于 SCD1/DGAT2 等内质网膜结合型脂质合成酶,0.55,0.5275,O=C(COc1ccccc1)N1CCN(C(=O)c2ccccc2)CC1,0.7627
681,T34039,14816-18-3,CCOP(=S)(OCC)ON=C(C#N)c1ccccc1,C12H15N2O3PS,298.3,3.23,63.84,0,6,7,1,1,0.333,19,0,0,none,1.0,0.9947,0.9979,T34039,Nicotinic acid (Niacin),HCAR2 / DGAT2,抑制脂肪组织脂解并弱抑制 DGAT2，减少肝内 VLDL 底物供应,0.167,无明确优势骨架命中,,,0.0,0.1667,c1ccccc1,0.5823
682,T0393,120511-73-1,CC(C)(C#N)c1cc(Cn2cncn2)cc(C(C)(C)C#N)c1,C17H19N5,293.37,2.93,78.29,0,4,4,2,2,0.412,22,0,0,none,1.0,0.9946,0.9979,T0393,Gemfibrozil,PPAR-alpha,苯氧戊酸类 PPAR-alpha 激动剂，抑制肝脏 VLDL-TG 分泌,0.133,无明确优势骨架命中,,,0.0,0.1333,c1ccc(Cn2cncn2)cc1,0.5656
683,T8841,2304621-31-4,Cc1ccccc1-c1cc(=O)oc2cc(OC(C)C(=O)N(C)C)ccc12,C21H21NO4,351.4,3.62,59.75,0,4,4,3,3,0.238,26,0,0,none,0.9966,1.0,0.9979,T8841,GW4064,FXR,非甾体高效 FXR 激动剂工具化合物，抑制 DNL 相关转录程序,0.187,无明确优势骨架命中,,,0.0,0.1868,O=c1cc(-c2ccccc2)c2ccccc2o1,0.5924
684,T60167,2703776-20-7,C#CC(=O)N(c1cccc(Cl)c1)C1(C(=O)NCc2ccccc2)CCOCC1,C22H21ClN2O3,396.87,3.17,58.64,1,3,5,2,3,0.273,28,1,0,none,1.0,0.9947,0.9979,T60167,Bezafibrate,PPAR pan,泛 PPAR 弱激动剂，降低血浆与肝内甘油三酯,0.192,无明确优势骨架命中,,,0.0,0.1923,O=C(NCc1ccccc1)C1(Nc2ccccc2)CCOCC1,0.5951
685,T5047,630117-19-0,Cc1cccc(C(=O)NCN2CCN(c3ccccc3C#N)CC2)c1,C20H22N4O,334.42,2.38,59.37,1,4,4,2,3,0.3,25,0,0,none,0.9966,1.0,0.9979,T5047,Ranolazine,pFOX / 晚钠电流,部分脂肪酸氧化抑制，改善代谢底物利用,0.234,无明确优势骨架命中,,,0.0,0.2338,O=C(NCN1CCN(c2ccccc2)CC1)c1ccccc1,0.6158
686,T8998,433690-62-1,COc1cc(Cl)c(S(=O)(=O)N2CCCCC2)cc1Cl,C12H15Cl2NO3S,324.23,3.18,46.61,0,3,3,1,2,0.5,19,2,0,none,0.9963,1.0,0.9978,T8998,Lanifibranor,PPAR pan (alpha/delta/gamma),泛 PPAR 激动，促进 beta-氧化、抑制脂肪生成与炎症纤维化,0.246,无明确优势骨架命中,,,0.0,0.2459,O=S(=O)(c1ccccc1)N1CCCCC1,0.6218
687,T5501,1147350-75-1,COC(=O)[C@H](c1ccccc1Cl)N1CCC2SC(=O)C=C2C1,C16H16ClNO3S,337.83,2.83,46.61,0,5,3,1,3,0.375,22,1,0,none,0.9963,1.0,0.9978,T5501,Ranolazine,pFOX / 晚钠电流,部分脂肪酸氧化抑制，改善代谢底物利用,0.21,无明确优势骨架命中,,,0.0,0.2099,O=C1C=C2CN(Cc3ccccc3)CCC2S1,0.6038
688,T87945,1211379-56-4,CCOC(=O)C1CCCN(C(=O)CCc2ccccc2Cl)C1,C17H22ClNO3,323.82,3.07,46.61,0,3,5,1,2,0.529,22,1,0,none,0.9963,1.0,0.9978,T87945,Etomoxir,CPT1a (抑制剂/阴性对照),CPT1 不可逆抑制剂，作为脂肪酸氧化通路机制阴性对照,0.225,无明确优势骨架命中,,,0.0,0.2254,O=C(CCc1ccccc1)N1CCCCC1,0.6116
689,T10423,2239272-16-1,C[C@H]1COCCN1c1nc(NCc2cccnc2C(F)(F)F)c2cccnc2n1,C19H19F3N6O,404.4,3.28,76.06,1,7,4,3,4,0.368,29,3,0,none,1.0,0.9945,0.9978,T10423,TVB-2640 (Denifanstat),FASN,脂肪酸合酶 beta-酮脂酰还原酶结构域抑制剂，直接阻断棕榈酸从头合成,0.223,无明确优势骨架命中,,,0.0,0.2234,c1cncc(CNc2nc(N3CCOCC3)nc3ncccc23)c1,0.6106
690,TN1103,22055-22-7,COc1cc2c(O)c3c(c(-c4ccc5c(c4)OCO5)c2cc1OC)C(=O)OC3,C21H16O7,380.35,3.63,83.45,1,7,3,3,5,0.19,28,0,0,none,0.9963,1.0,0.9978,TN1103,Berberine,AMPK / PCSK9 / LDLR,原小檗碱型生物碱，激活 AMPK 并稳定 LDLR mRNA，HepG2 经典降脂阳性对照,0.264,无明确优势骨架命中,,,0.0,0.2639,O=C1OCc2cc3ccccc3c(-c3ccc4c(c3)OCO4)c21,0.6308
691,T19797,71626-11-4,COC(=O)[C@H](C)N(C(=O)Cc1ccccc1)c1c(C)cccc1C,C20H23NO3,325.41,3.44,46.61,0,3,5,2,2,0.3,24,0,0,none,0.9963,1.0,0.9978,T19797,Ranolazine,pFOX / 晚钠电流,部分脂肪酸氧化抑制，改善代谢底物利用,0.265,无明确优势骨架命中,,,0.0,0.2647,O=C(Cc1ccccc1)Nc1ccccc1,0.6312
692,T60757,2756818-39-8,COc1ccc2c(c1)NC(=O)CN2c1nc(C)nc2c1CCC2,C17H18N4O2,310.36,2.37,67.35,1,5,2,2,4,0.353,23,0,0,none,0.9964,1.0,0.9978,T60757,ACC inhibitor chemotype (firsocostat-like proxy),ACC1/ACC2,变构抑制乙酰辅酶A羧化酶，降低丙二酰辅酶A、阻断新发脂质合成(DNL)并解除 CPT1 抑制,0.207,无明确优势骨架命中,,,0.0,0.2073,O=C1CN(c2ncnc3c2CCC3)c2ccccc2N1,0.6026
693,T61661,2241514-56-5,CC(=O)Nc1nc(F)c(CN2CC[C@H](OCc3noc(C)n3)C[C@@H]2C)s1,C16H22FN5O3S,383.45,2.5,93.38,1,8,6,2,3,0.625,26,1,0,none,0.9964,1.0,0.9978,T61661,TVB-2640 (Denifanstat),FASN,脂肪酸合酶 beta-酮脂酰还原酶结构域抑制剂，直接阻断棕榈酸从头合成,0.19,无明确优势骨架命中,,,0.0,0.19,c1nc(COC2CCN(Cc3cncs3)CC2)no1,0.5939
694,T22466,85872-53-3,CCCn1c(=O)c2[nH]c(-c3ccccc3)nc2n(CCC)c1=O,C17H20N4O2,312.37,2.37,72.68,1,3,5,3,3,0.353,23,0,0,none,0.9964,1.0,0.9978,T22466,Pentoxifylline,PDE / TNF-alpha,非选择性磷酸二酯酶抑制剂，降低肝脏炎症与脂质沉积,0.23,无明确优势骨架命中,,,0.0,0.2295,O=c1[nH]c(=O)c2[nH]c(-c3ccccc3)nc2[nH]1,0.6136
695,T0098,66985-17-9,CC(C)[N+]1(C)[C@@H]2CC[C@H]1C[C@@H](OC(=O)C(CO)c1ccccc1)C2,C20H30NO3+,332.46,2.85,46.53,1,3,5,1,3,0.65,24,0,0,none,0.9962,1.0,0.9977,T0098;T6547,Lovastatin,HMGCR,天然内酯型 HMGCR 抑制剂前药,0.205,无明确优势骨架命中,,,0.0,0.2048,O=C(Cc1ccccc1)OC1CC2CCC(C1)[NH2+]2,0.6013
696,T3101,175026-96-7,CCOC(=O)c1c2c3c(cccc3[nH]c1=O)C(=O)c1ccccc1-2,C19H13NO4,319.32,2.92,76.23,1,4,2,3,4,0.105,24,0,0,none,1.0,0.9942,0.9977,T3101,Etomoxir,CPT1a (抑制剂/阴性对照),CPT1 不可逆抑制剂，作为脂肪酸氧化通路机制阴性对照,0.206,无明确优势骨架命中,,,0.0,0.2059,O=C1c2ccccc2-c2cc(=O)[nH]c3cccc1c23,0.6018
697,T0794,76-90-4,C[N+]1(C)CCCC(OC(=O)C(O)(c2ccccc2)c2ccccc2)C1,C21H26NO3+,340.44,2.7,46.53,1,3,4,2,3,0.381,25,0,0,none,0.9962,1.0,0.9977,T0794,Ciprofibrate,PPAR-alpha,长效贝特类，诱导过氧化物酶体增殖与脂肪酸 beta-氧化,0.207,无明确优势骨架命中,,,0.0,0.2069,O=C(OC1CCC[NH2+]C1)C(c1ccccc1)c1ccccc1,0.6023
698,T0786,3485-62-9,C[N+]12CCC(CC1)C(OC(=O)C(O)(c1ccccc1)c1ccccc1)C2,C22H26NO3+,352.45,2.7,46.53,1,3,4,2,5,0.409,26,0,0,none,0.9962,1.0,0.9977,T0786,Ciprofibrate,PPAR-alpha,长效贝特类，诱导过氧化物酶体增殖与脂肪酸 beta-氧化,0.203,无明确优势骨架命中,,,0.0,0.2034,O=C(OC1C[NH+]2CCC1CC2)C(c1ccccc1)c1ccccc1,0.6006
699,T10987,1322062-57-6,COc1c(N2C[C@@H]3CCCN[C@@H]3C2)c(F)cc2c(=O)ccn(C3CC3)c12,C20H24FN3O2,357.43,2.67,46.5,1,4,3,2,5,0.55,26,1,0,none,0.9961,1.0,0.9977,T10987,Trimetazidine,3-KAT (长链硫解酶),部分脂肪酸氧化抑制剂，代谢调节剂,0.178,无明确优势骨架命中,,,0.0,0.1781,O=c1ccn(C2CC2)c2cc(N3CC4CCCNC4C3)ccc12,0.5879
700,T27594,129109-88-2,CCC(CO)(C(=O)O[C@H]1C[C@H]2CC[C@@H](C1)[N+]2(C)C)c1ccccc1,C20H30NO3+,332.46,2.64,46.53,1,3,5,1,3,0.65,24,0,0,none,0.9962,1.0,0.9977,T27594,Simvastatin,HMGCR,内酯型前药，抑制胆固醇合成并激活 AMPK/自噬,0.207,无明确优势骨架命中,,,0.0,0.2073,O=C(Cc1ccccc1)OC1CC2CCC(C1)[NH2+]2,0.6025
701,T6976,193551-21-2,COc1nccc(-c2c(-c3ccc(F)cc3)ncn2[C@H]2CC[C@H](O)CC2)n1,C20H21FN4O2,368.41,3.63,73.06,1,5,4,3,4,0.35,27,1,0,none,0.9962,1.0,0.9977,T6976,Rosuvastatin,HMGCR,亲水性强效 HMGCR 抑制剂，肝选择性摄取(OATP1B1),0.18,无明确优势骨架命中,,,0.0,0.1798,c1ccc(-c2ncn(C3CCCCC3)c2-c2ccncn2)cc1,0.5888
702,T0331L,151096-09-2,COc1c(N2C[C@@H]3CCCN[C@@H]3C2)c(F)cc2c(=O)c(C(=O)O)cn(C3CC3)c12,C21H24FN3O4,401.44,2.37,83.8,2,5,4,2,5,0.524,29,1,0,none,0.9962,1.0,0.9977,T0331;T0331L,ACC inhibitor chemotype (firsocostat-like proxy),ACC1/ACC2,变构抑制乙酰辅酶A羧化酶，降低丙二酰辅酶A、阻断新发脂质合成(DNL)并解除 CPT1 抑制,0.17,无明确优势骨架命中,,,0.0,0.1702,O=c1ccn(C2CC2)c2cc(N3CC4CCCNC4C3)ccc12,0.584
703,TN7135,89936-29-8,COc1c(Br)cc(CC(=O)O)cc1Br,C9H8Br2O3,323.97,2.85,46.53,1,2,3,1,1,0.222,14,2,0,none,0.9962,1.0,0.9977,TN7135,Lanifibranor,PPAR pan (alpha/delta/gamma),泛 PPAR 激动，促进 beta-氧化、抑制脂肪生成与炎症纤维化,0.25,无明确优势骨架命中,,,0.0,0.25,c1ccccc1,0.6238
704,T0089,83881-52-1,O=C(O)COCCN1CCN(C(c2ccccc2)c2ccc(Cl)cc2)CC1,C21H25ClN2O3,388.9,3.15,53.01,1,4,8,2,3,0.381,27,1,0,none,0.9959,1.0,0.9976,T0089,Etomoxir,CPT1a (抑制剂/阴性对照),CPT1 不可逆抑制剂，作为脂肪酸氧化通路机制阴性对照,0.239,无明确优势骨架命中,,,0.0,0.2388,c1ccc(C(c2ccccc2)N2CCNCC2)cc1,0.6182
705,T2095,186692-46-6,CC[C@H](CO)Nc1nc(NCc2ccccc2)c2ncn(C(C)C)c2n1,C19H26N6O,354.46,3.2,87.89,3,6,8,3,3,0.421,26,0,0,none,0.9959,1.0,0.9976,T2095,Telmisartan,PPAR-gamma partial / AT1R,AT1 受体拮抗兼 PPAR-gamma 部分激动，文献报道减轻肝细胞脂肪变,0.17,无明确优势骨架命中,,,0.0,0.1702,c1ccc(CNc2ncnc3[nH]cnc23)cc1,0.5839
706,T23523,61714-25-8,NCCCCCCNS(=O)(=O)c1cccc2ccccc12,C16H22N2O2S,306.43,2.64,72.19,2,3,8,2,2,0.375,21,0,0,none,0.9959,1.0,0.9976,T23523,Salicylate,"AMPK (direct, beta1)",直接结合 AMPK beta1 变构位点，抑制脂肪生成,0.13,无明确优势骨架命中,,,0.0,0.1304,c1ccc2ccccc2c1,0.564
707,T20792,61714-27-0,NCCCCCCNS(=O)(=O)c1cccc2c(Cl)cccc12,C16H21ClN2O2S,340.88,3.29,72.19,2,3,8,2,2,0.375,22,1,0,none,0.9959,1.0,0.9976,T20792,Bezafibrate,PPAR pan,泛 PPAR 弱激动剂，降低血浆与肝内甘油三酯,0.149,无明确优势骨架命中,,,0.0,0.1493,c1ccc2ccccc2c1,0.5734
708,T2850,485-49-4,CN1CCc2cc3c(cc2[C@H]1[C@@H]1OC(=O)c2c1ccc1c2OCO1)OCO3,C20H17NO6,367.36,2.58,66.46,0,7,1,2,6,0.35,27,0,0,none,0.9959,1.0,0.9976,T2850,Berberine,AMPK / PCSK9 / LDLR,原小檗碱型生物碱，激活 AMPK 并稳定 LDLR mRNA，HepG2 经典降脂阳性对照,0.211,无明确优势骨架命中,,,0.0,0.2105,O=C1OC(C2NCCc3cc4c(cc32)OCO4)c2ccc3c(c21)OCO3,0.604
709,T22499,151889-03-1,COc1ccc2[nH]c(-c3ccccc3)c(CCNC(C)=O)c2c1,C19H20N2O2,308.38,3.52,54.12,2,2,5,3,3,0.211,23,0,0,none,0.9999,0.9943,0.9976,T22499,Bezafibrate,PPAR pan,泛 PPAR 弱激动剂，降低血浆与肝内甘油三酯,0.246,无明确优势骨架命中,,,0.0,0.2464,c1ccc(-c2cc3ccccc3[nH]2)cc1,0.622
710,T37287,2101945-93-9,N#Cc1ccc(N2C[C@H](N)C[C@H](C(F)(F)F)C2)c2cccnc12,C16H15F3N4,320.32,2.82,65.94,1,4,1,2,3,0.375,23,3,0,none,0.9959,1.0,0.9976,T37287;T9570,Ervogastat (PF-06865571),DGAT2,口服 DGAT2 抑制剂，降低肝内甘油三酯合成与 VLDL 分泌,0.145,无明确优势骨架命中,,,0.0,0.1446,c1cc(N2CCCCC2)c2cccnc2c1,0.5711
711,T1320,3737-09-5,CC(C)N(CCC(C(N)=O)(c1ccccc1)c1ccccn1)C(C)C,C21H29N3O,339.48,3.36,59.22,1,3,8,2,2,0.429,25,0,0,none,0.9959,1.0,0.9976,T1320,Rosiglitazone,PPAR-gamma,TZD 类 PPAR-gamma 全激动剂，改善胰岛素抵抗与肝内脂肪蓄积,0.219,无明确优势骨架命中,,,0.0,0.2192,c1ccc(Cc2ccccn2)cc1,0.6084
712,T2571,57-37-4,CCN(CC)CCOC(=O)C(O)(c1ccccc1)c1ccccc1,C20H25NO3,327.42,2.81,49.77,1,4,8,2,2,0.35,24,0,0,none,0.9959,1.0,0.9976,T2571,Gemfibrozil,PPAR-alpha,苯氧戊酸类 PPAR-alpha 激动剂，抑制肝脏 VLDL-TG 分泌,0.218,无明确优势骨架命中,,,0.0,0.2182,c1ccc(Cc2ccccc2)cc1,0.6079
713,T23525,69762-85-2,NCCCCCCNS(=O)(=O)c1ccc2c(Cl)cccc2c1,C16H21ClN2O2S,340.88,3.29,72.19,2,3,8,2,2,0.375,22,1,0,none,0.9959,1.0,0.9976,T23525,Lanifibranor,PPAR pan (alpha/delta/gamma),泛 PPAR 激动，促进 beta-氧化、抑制脂肪生成与炎症纤维化,0.183,无明确优势骨架命中,,,0.0,0.1831,c1ccc2ccccc2c1,0.5904
714,T67564,68858-20-8,CC(C)[C@H](NC(=O)OCC1c2ccccc2-c2ccccc21)C(=O)O,C20H21NO4,339.39,3.63,75.63,2,3,5,2,3,0.3,25,0,0,none,0.996,1.0,0.9976,T67564,Salicylate,"AMPK (direct, beta1)",直接结合 AMPK beta1 变构位点，抑制脂肪生成,0.191,无明确优势骨架命中,,,0.0,0.1915,c1ccc2c(c1)Cc1ccccc1-2,0.5946
715,T10835,4298-15-1,CC(CCCNCCO)Nc1ccnc2cc(Cl)ccc12,C16H22ClN3O,307.83,3.05,57.18,3,4,8,2,2,0.438,21,1,0,none,0.9959,1.0,0.9976,T10835;T10835L1,Etomoxir,CPT1a (抑制剂/阴性对照),CPT1 不可逆抑制剂，作为脂肪酸氧化通路机制阴性对照,0.178,无明确优势骨架命中,,,0.0,0.1781,c1ccc2ncccc2c1,0.5878
716,T11451,186452-09-5,CCC(C)(C)C(=O)C(=O)N1CCC[C@H]1C(=O)OCCCc1cccnc1,C20H28N2O4,360.45,2.55,76.57,0,5,8,1,2,0.6,26,0,0,none,0.9959,1.0,0.9976,T11451,Nicotinic acid (Niacin),HCAR2 / DGAT2,抑制脂肪组织脂解并弱抑制 DGAT2，减少肝内 VLDL 底物供应,0.226,无明确优势骨架命中,,,0.0,0.2258,O=C(OCCCc1cccnc1)C1CCCN1,0.6117
717,T11550,203935-39-1,O=C1NCc2c1cc1ccc3c(c1c2-c1ccc2c(c1)OCO2)OCO3,C20H13NO5,347.33,3.21,66.02,1,5,1,3,6,0.15,26,0,0,none,0.9959,1.0,0.9976,T11550,Berberine,AMPK / PCSK9 / LDLR,原小檗碱型生物碱，激活 AMPK 并稳定 LDLR mRNA，HepG2 经典降脂阳性对照,0.203,哌嗪/哌啶杂芳基甲酰胺,SCD1 / DGAT2,脂质酶抑制剂常见的环胺-酰胺连接模式，倾向作用于 SCD1/DGAT2 等内质网膜结合型脂质合成酶,0.55,0.4502,O=C1NCc2c1cc1ccc3c(c1c2-c1ccc2c(c1)OCO2)OCO3,0.7239
718,T36432,570390-00-0,CCc1ccccc1-n1c(COc2ccccc2C)nnc1SCC(N)=O,C20H22N4O2S,382.49,3.29,83.03,1,5,8,3,3,0.25,27,0,0,none,0.9959,1.0,0.9976,T36432,Ranolazine,pFOX / 晚钠电流,部分脂肪酸氧化抑制，改善代谢底物利用,0.241,无明确优势骨架命中,,,0.0,0.2405,c1ccc(OCc2nncn2-c2ccccc2)cc1,0.619
719,T10631L,,CC(C)(Cc1c[nH]c2ccccc12)NCC(O)COc1ccccc1C#N,C22H25N3O2,363.46,3.39,81.07,3,4,8,3,3,0.318,27,0,0,none,0.9959,1.0,0.9976,T10631L,Ranolazine,pFOX / 晚钠电流,部分脂肪酸氧化抑制，改善代谢底物利用,0.232,无明确优势骨架命中,,,0.0,0.2317,c1ccc(OCCCNCCc2c[nH]c3ccccc23)cc1,0.6146
720,T24579,16777-42-7,COc1cccc(C(=O)CCN[C@@H](C)[C@H](O)c2ccccc2)c1,C19H23NO3,313.4,2.98,58.56,2,4,8,2,2,0.316,23,0,0,none,0.9959,1.0,0.9976,T24579,Ranolazine,pFOX / 晚钠电流,部分脂肪酸氧化抑制，改善代谢底物利用,0.227,无明确优势骨架命中,,,0.0,0.2267,O=C(CCNCCc1ccccc1)c1ccccc1,0.6122
721,T26890,1000036-77-0,COCCC(=O)N[C@H]1CC[C@H](CCN2CCN(c3cccc(C#N)c3)CC2)CC1,C23H34N4O2,398.55,2.78,68.6,1,5,8,1,3,0.652,29,0,0,none,0.9959,1.0,0.9976,T26890,Ranolazine,pFOX / 晚钠电流,部分脂肪酸氧化抑制，改善代谢底物利用,0.218,无明确优势骨架命中,,,0.0,0.2184,c1ccc(N2CCN(CCC3CCCCC3)CC2)cc1,0.608
722,T2029,189232-42-6,CC(C)n1cnc2c(NCc3ccccc3)nc(NCCCO)nc21,C18H24N6O,340.43,2.81,87.89,3,6,8,3,3,0.389,25,0,0,none,0.9959,1.0,0.9976,T2029,Telmisartan,PPAR-gamma partial / AT1R,AT1 受体拮抗兼 PPAR-gamma 部分激动，文献报道减轻肝细胞脂肪变,0.161,无明确优势骨架命中,,,0.0,0.1613,c1ccc(CNc2ncnc3[nH]cnc23)cc1,0.5794
723,T22354,130018-87-0,O=C(O)COCCN1CCN([C@H](c2ccccc2)c2ccc(Cl)cc2)CC1,C21H25ClN2O3,388.9,3.15,53.01,1,4,8,2,3,0.381,27,1,0,none,0.9959,1.0,0.9976,T1469;T22354,Etomoxir,CPT1a (抑制剂/阴性对照),CPT1 不可逆抑制剂，作为脂肪酸氧化通路机制阴性对照,0.239,无明确优势骨架命中,,,0.0,0.2388,c1ccc(C(c2ccccc2)N2CCNCC2)cc1,0.6182
724,T4364,866893-90-5,CC[C@H](CO)Nc1nc(N(C)Cc2ccccc2)c2ncn(C(C)C)c2n1,C20H28N6O,368.49,3.23,79.1,2,6,8,3,3,0.45,27,0,0,none,0.9959,1.0,0.9976,T4364,Rosiglitazone,PPAR-gamma,TZD 类 PPAR-gamma 全激动剂，改善胰岛素抵抗与肝内脂肪蓄积,0.176,无明确优势骨架命中,,,0.0,0.1765,c1ccc(CNc2ncnc3[nH]cnc23)cc1,0.5871
725,T4365,2118944-88-8,Cc1cc(-c2nc3sc4c(c3c(=O)[nH]2)CCN(C)C4)cc(C)c1O,C18H19N3O2S,341.44,2.96,69.22,2,5,1,3,4,0.333,24,0,0,none,0.9959,1.0,0.9976,T4365,GW501516,PPAR-delta,PPAR-delta 选择性激动，提升肝与骨骼肌脂肪酸氧化,0.172,无明确优势骨架命中,,,0.0,0.1724,O=c1[nH]c(-c2ccccc2)nc2sc3c(c12)CCNC3,0.585
726,T88533,1608784-68-4,O=C(N[C@H](Cc1ccccc1)C(=O)O)c1cccc(OCc2cccnc2)c1,C22H20N2O4,376.41,3.09,88.52,2,4,8,3,3,0.136,28,0,0,none,0.9959,1.0,0.9976,T88533,Nicotinic acid (Niacin),HCAR2 / DGAT2,抑制脂肪组织脂解并弱抑制 DGAT2，减少肝内 VLDL 底物供应,0.327,无明确优势骨架命中,,,0.0,0.3269,O=C(NCCc1ccccc1)c1cccc(OCc2cccnc2)c1,0.6622
727,T60773,58930-32-8,CCCC(=O)c1cc(F)ccc1OCC(O)CNC(C)(C)C,C17H26FNO3,311.4,2.94,58.56,2,4,8,1,1,0.588,22,1,0,none,0.9959,1.0,0.9976,T60773,Ranolazine,pFOX / 晚钠电流,部分脂肪酸氧化抑制，改善代谢底物利用,0.253,无明确优势骨架命中,,,0.0,0.2533,c1ccccc1,0.6255
728,T8310,502887-71-0,CCCc1cc(=O)[nH]c(SCC(=O)Nc2ccc(OC(F)F)cc2)n1,C16H17F2N3O3S,369.39,3.05,84.08,2,5,8,2,2,0.312,25,2,0,none,0.9959,1.0,0.9976,T8310,Pioglitazone,PPAR-gamma,噻唑烷二酮胰岛素增敏剂，促进脂肪组织脂质再分布、降低肝细胞脂毒性,0.212,无明确优势骨架命中,,,0.0,0.2125,O=C(CSc1nccc(=O)[nH]1)Nc1ccccc1,0.605
729,T15160,1285572-51-1,O=C(c1cc(Cl)c(O)c(Cl)c1)N1CS(=O)(=O)c2ccccc21,C14H9Cl2NO4S,358.2,3.09,74.68,1,4,1,2,3,0.071,22,2,0,none,0.9959,1.0,0.9976,T15160,Salicylate,"AMPK (direct, beta1)",直接结合 AMPK beta1 变构位点，抑制脂肪生成,0.196,哌嗪/哌啶杂芳基甲酰胺,SCD1 / DGAT2,脂质酶抑制剂常见的环胺-酰胺连接模式，倾向作用于 SCD1/DGAT2 等内质网膜结合型脂质合成酶,0.55,0.4432,O=C(c1ccccc1)N1CS(=O)(=O)c2ccccc21,0.7204
730,T40813,70420-58-5,COc1cc(O)c2c(c1)C[C@H]1NCCc3cc4c(c-2c31)OCO4,C18H17NO4,311.34,2.54,59.95,2,5,1,2,5,0.333,23,0,0,none,0.9959,1.0,0.9976,T40813,Naringenin,PPAR-alpha / SREBP,柑橘黄烷酮，抑制脂肪生成基因并促进脂肪酸氧化,0.224,无明确优势骨架命中,,,0.0,0.2239,c1ccc2c(c1)CC1NCCc3cc4c(c-2c31)OCO4,0.6108
731,T4386,1997387-43-5,C[C@@H](Cc1ccsc1)NC(=O)NC[C@H](Cc1ccc(O)cc1)N(C)C,C19H27N3O2S,361.51,2.86,64.6,3,4,8,2,2,0.421,25,0,0,none,0.9959,1.0,0.9976,T4386,Rosiglitazone,PPAR-gamma,TZD 类 PPAR-gamma 全激动剂，改善胰岛素抵抗与肝内脂肪蓄积,0.16,无明确优势骨架命中,,,0.0,0.1605,O=C(NCCCc1ccccc1)NCCc1ccsc1,0.5791
732,TN1037,38691-95-1,COc1cc2c(cc1O)CC[n+]1cc3c4c(ccc3cc1-2)OCO4,C19H16NO4+,322.34,2.79,51.8,1,4,1,3,5,0.211,24,0,0,none,0.9959,1.0,0.9976,TN1037,Berberine,AMPK / PCSK9 / LDLR,原小檗碱型生物碱，激活 AMPK 并稳定 LDLR mRNA，HepG2 经典降脂阳性对照,0.627,原小檗碱型季铵异喹啉生物碱,AMPK / LDLR,小檗碱型生物碱抑制线粒体复合物I 激活 AMPK，并经 ERK 通路稳定 LDLR mRNA，为 HepG2 脂质蓄积模型的经典降脂阳性对照化学型,0.8,0.91,c1ccc2c(c1)CC[n+]1cc3c4c(ccc3cc1-2)OCO4,0.9538
733,T87712,2505045-51-0,CC[C@@]1(O)C(=O)OCc2c1cc1n(c2=O)Cc2cc3cc(C)c(F)cc3nc2-1,C21H17FN2O4,380.38,2.53,81.42,1,5,1,3,5,0.286,28,1,0,none,0.9959,1.0,0.9976,T87712,ACC inhibitor chemotype (firsocostat-like proxy),ACC1/ACC2,变构抑制乙酰辅酶A羧化酶，降低丙二酰辅酶A、阻断新发脂质合成(DNL)并解除 CPT1 抑制,0.151,无明确优势骨架命中,,,0.0,0.1505,O=C1Cc2cc3n(c(=O)c2CO1)Cc1cc2ccccc2nc1-3,0.5741
734,T4S0795,15401-69-1,COc1ccc2cc3[n+](cc2c1O)CCc1cc2c(cc1-3)OCO2,C19H16NO4+,322.34,2.79,51.8,1,4,1,3,5,0.211,24,0,0,none,0.9959,1.0,0.9976,T4S0795,Berberine,AMPK / PCSK9 / LDLR,原小檗碱型生物碱，激活 AMPK 并稳定 LDLR mRNA，HepG2 经典降脂阳性对照,0.788,原小檗碱型季铵异喹啉生物碱,AMPK / LDLR,小檗碱型生物碱抑制线粒体复合物I 激活 AMPK，并经 ERK 通路稳定 LDLR mRNA，为 HepG2 脂质蓄积模型的经典降脂阳性对照化学型,0.8,0.91,c1ccc2c[n+]3c(cc2c1)-c1cc2c(cc1CC3)OCO2,0.9538
735,T4S0590,546-97-4,C[C@@]12C[C@@H](c3ccoc3)OC(=O)[C@@H]1CC[C@]1(C)[C@H]2[C@H]2C=C[C@]1(O)C(=O)O2,C20H22O6,358.39,2.53,85.97,1,6,1,1,6,0.6,26,0,0,none,0.9959,1.0,0.9976,T4S0590,Ciprofibrate,PPAR-alpha,长效贝特类，诱导过氧化物酶体增殖与脂肪酸 beta-氧化,0.164,无明确优势骨架命中,,,0.0,0.1644,O=C1OC2C=CC1C1CCC3C(=O)OC(c4ccoc4)CC3C21,0.581
736,T29421,111974-80-2,CC(C)(CCc1ccc(C(N)=O)cc1)NC[C@H](O)c1ccccc1,C20H26N2O2,326.44,2.82,75.35,3,3,8,2,2,0.35,24,0,0,none,0.9959,1.0,0.9976,T29421,Bezafibrate,PPAR pan,泛 PPAR 弱激动剂，降低血浆与肝内甘油三酯,0.302,无明确优势骨架命中,,,0.0,0.3016,c1ccc(CCCNCCc2ccccc2)cc1,0.6496
737,T12719,2072057-17-9,COCCCOc1cc2c(cc1OC)-c1cc(=O)c(C(=O)O)cn1[C@H](C(C)C)C2,C22H27NO6,401.46,3.39,86.99,1,5,8,2,3,0.455,29,0,0,none,0.9959,1.0,0.9976,T12719,ACC inhibitor chemotype (firsocostat-like proxy),ACC1/ACC2,变构抑制乙酰辅酶A羧化酶，降低丙二酰辅酶A、阻断新发脂质合成(DNL)并解除 CPT1 抑制,0.209,无明确优势骨架命中,,,0.0,0.2093,O=c1ccn2c(c1)-c1ccccc1CC2,0.6034
738,T23010,946619-21-2,N#Cc1cc(C2=Nc3ccc(Br)cc3NC(=O)C2)ccn1,C15H9BrN4O,341.17,3.18,78.14,1,4,1,2,3,0.067,21,1,0,none,0.9959,1.0,0.9976,T23010,A-769662,"AMPK (direct, beta1)",直接变构激活 AMPK beta1 亚基，磷酸化 ACC1/2 抑制 DNL,0.16,无明确优势骨架命中,,,0.0,0.16,O=C1CC(c2ccncc2)=Nc2ccccc2N1,0.5788
739,T22604,40709-69-1,C[N+]1(C)CCc2cc3c(cc2[C@H]1[C@@H]1OC(=O)c2c1ccc1c2OCO1)OCO3,C21H20NO6+,382.39,2.73,63.22,0,6,1,2,6,0.381,28,0,0,none,0.9959,1.0,0.9976,T22604,Berberine,AMPK / PCSK9 / LDLR,原小檗碱型生物碱，激活 AMPK 并稳定 LDLR mRNA，HepG2 经典降脂阳性对照,0.227,无明确优势骨架命中,,,0.0,0.2267,O=C1OC(C2[NH2+]CCc3cc4c(cc32)OCO4)c2ccc3c(c21)OCO3,0.6122
740,T16977,161832-65-1,CC(=O)N1N=C(c2ccc(N)cc2)c2cc3c(cc2C[C@H]1C)OCO3,C19H19N3O3,337.38,2.54,77.15,1,5,1,2,4,0.263,25,0,0,none,0.9959,1.0,0.9976,T16977,Berberine,AMPK / PCSK9 / LDLR,原小檗碱型生物碱，激活 AMPK 并稳定 LDLR mRNA，HepG2 经典降脂阳性对照,0.224,无明确优势骨架命中,,,0.0,0.2237,c1ccc(C2=NNCCc3cc4c(cc32)OCO4)cc1,0.6106
741,T31195,120958-90-9,CCNC(=O)NCCCOc1cccc(CN2CCCCC2)c1,C18H29N3O2,319.45,2.76,53.6,2,3,8,1,2,0.611,23,0,0,none,0.9959,1.0,0.9976,T31195,Etomoxir,CPT1a (抑制剂/阴性对照),CPT1 不可逆抑制剂，作为脂肪酸氧化通路机制阴性对照,0.225,无明确优势骨架命中,,,0.0,0.2254,c1ccc(CN2CCCCC2)cc1,0.6115
742,T9274,332849-40-8,Cc1ccc(CC(CC(=O)NCCc2ccc3c(c2)OCO3)C(=O)O)cc1,C21H23NO5,369.42,2.72,84.86,2,4,8,2,3,0.333,27,0,0,none,0.9959,1.0,0.9976,T9274,Bezafibrate,PPAR pan,泛 PPAR 弱激动剂，降低血浆与肝内甘油三酯,0.243,无明确优势骨架命中,,,0.0,0.2429,O=C(CCCc1ccccc1)NCCc1ccc2c(c1)OCO2,0.6202
743,T9594,1303515-32-3,N#Cc1ccc2c(c1)[C@H]1CCCN(C(=O)c3ccc4nc[nH]c4c3)[C@H]1C2,C21H18N4O,342.4,3.38,72.78,1,3,1,3,5,0.286,26,0,0,none,0.9959,1.0,0.9976,T9594,Ervogastat (PF-06865571),DGAT2,口服 DGAT2 抑制剂，降低肝内甘油三酯合成与 VLDL 分泌,0.167,哌嗪/哌啶杂芳基甲酰胺,SCD1 / DGAT2,脂质酶抑制剂常见的环胺-酰胺连接模式，倾向作用于 SCD1/DGAT2 等内质网膜结合型脂质合成酶,0.55,0.4142,O=C(c1ccc2nc[nH]c2c1)N1CCCC2c3ccccc3CC21,0.7059
744,T19826,117976-89-3,COCCCOc1ccnc(CS(=O)c2nc3ccccc3[nH]2)c1C,C18H21N3O3S,359.45,2.99,77.1,1,5,8,3,3,0.333,25,0,0,none,0.9959,1.0,0.9976,T1651;T19826,Gemfibrozil,PPAR-alpha,苯氧戊酸类 PPAR-alpha 激动剂，抑制肝脏 VLDL-TG 分泌,0.186,无明确优势骨架命中,,,0.0,0.1857,O=S(Cc1ccccn1)c1nc2ccccc2[nH]1,0.5916
745,T10914L,52109-93-0,CCN(CC)CCOC(=O)C(c1ccccc1)C1(O)CCCC1,C19H29NO3,319.45,2.96,49.77,1,4,8,1,2,0.632,23,0,0,none,0.9959,1.0,0.9976,T10914L,Etomoxir,CPT1a (抑制剂/阴性对照),CPT1 不可逆抑制剂，作为脂肪酸氧化通路机制阴性对照,0.227,无明确优势骨架命中,,,0.0,0.2273,c1ccc(CC2CCCC2)cc1,0.6125
746,T5668,42206-94-0,CC(=O)Oc1ccc(/C=C/c2cc(OC(C)=O)cc(OC(C)=O)c2)cc1,C20H18O6,354.36,3.63,78.9,0,6,5,2,2,0.15,26,0,0,none,0.996,1.0,0.9976,T5668,Fenofibric acid,PPAR-alpha,激活 PPAR-alpha 上调 CPT1/ACOX1，增强线粒体与过氧化物酶体脂肪酸氧化,0.239,无明确优势骨架命中,,,0.0,0.2391,C(=Cc1ccccc1)c1ccccc1,0.6184
747,T11901,2166616-75-5,C[C@@H](NC(=O)c1ccc(F)cc1)c1ccc2c(c1)CCN2C(=O)C1CCOCC1,C23H25FN2O3,396.46,3.63,58.64,1,3,4,2,4,0.391,29,1,0,none,0.9961,1.0,0.9976,T11901,PF-06424439 (DGAT2i),DGAT2,二酰甘油酰基转移酶2 抑制剂，直接阻断甘油三酯酯化终末步骤,0.231,无明确优势骨架命中,,,0.0,0.2308,O=C(NCc1ccc2c(c1)CCN2C(=O)C1CCOCC1)c1ccccc1,0.6142
748,T27244,150756-35-7,O=C(O)COCCN1CCN(C(c2ccc(F)cc2)c2ccc(F)cc2)CC1,C21H24F2N2O3,390.43,2.77,53.01,1,4,8,2,3,0.381,28,2,0,none,0.9959,1.0,0.9976,T27244,Ezetimibe,NPC1L1,抑制胆固醇再摄取，降低肝内胆固醇酯负荷,0.224,无明确优势骨架命中,,,0.0,0.2239,c1ccc(C(c2ccccc2)N2CCNCC2)cc1,0.6108
749,T3644,152273-12-6,CC(C)(C)OC(=O)c1ncn2c1C(C)(C)Nc1ccccc1-2,C17H21N3O2,299.37,3.49,56.15,1,4,1,2,3,0.412,22,0,0,none,0.9959,1.0,0.9976,T3644,Ciprofibrate,PPAR-alpha,长效贝特类，诱导过氧化物酶体增殖与脂肪酸 beta-氧化,0.188,无明确优势骨架命中,,,0.0,0.1875,c1ccc2c(c1)NCc1cncn1-2,0.5926
750,T9359,2767424-13-3,CC(=O)NCCNc1ncnc(OCc2cccc(-c3ccccc3)c2C)n1,C21H23N5O2,377.45,2.97,89.03,2,6,8,3,3,0.238,28,0,0,none,0.9959,1.0,0.9976,T9359,Telmisartan,PPAR-gamma partial / AT1R,AT1 受体拮抗兼 PPAR-gamma 部分激动，文献报道减轻肝细胞脂肪变,0.207,无明确优势骨架命中,,,0.0,0.2065,c1ccc(-c2cccc(COc3ncncn3)c2)cc1,0.602
751,T6639,1215493-56-3,Cc1ccc(C(=O)NCCCCCC(=O)Nc2ccccc2N)cc1,C20H25N3O2,339.44,3.51,84.22,3,3,8,2,2,0.3,25,0,0,none,0.9959,1.0,0.9976,T6639,Bezafibrate,PPAR pan,泛 PPAR 弱激动剂，降低血浆与肝内甘油三酯,0.258,无明确优势骨架命中,,,0.0,0.2576,O=C(CCCCCNC(=O)c1ccccc1)Nc1ccccc1,0.6276
752,T1283,105956-97-6,NC1CCN(c2c(F)cc3c(=O)c(C(=O)O)cn(C4CC4)c3c2Cl)C1,C17H17ClFN3O3,365.79,2.36,88.56,2,4,3,2,4,0.412,25,2,0,none,0.9959,1.0,0.9975,T1283,Lanifibranor,PPAR pan (alpha/delta/gamma),泛 PPAR 激动，促进 beta-氧化、抑制脂肪生成与炎症纤维化,0.159,无明确优势骨架命中,,,0.0,0.1585,O=c1ccn(C2CC2)c2cc(N3CCCC3)ccc12,0.578
753,T11787,1380696-64-9,Cc1ccc(Oc2ncc(N3C(=O)NC(C)(C)C3=O)cn2)c2c1OCC21CC1,C20H20N4O4,380.4,2.84,93.65,1,6,3,2,5,0.4,28,0,0,none,0.9958,1.0,0.9975,T11787,Gemfibrozil,PPAR-alpha,苯氧戊酸类 PPAR-alpha 激动剂，抑制肝脏 VLDL-TG 分泌,0.162,无明确优势骨架命中,,,0.0,0.1622,O=C1CNC(=O)N1c1cnc(Oc2cccc3c2C2(CC2)CO3)nc1,0.5798
754,T77649,1625821-37-5,COc1ccccc1C(=O)N1CCN(c2ccc(O)cc2)CC1,C18H20N2O3,312.37,2.36,53.01,1,4,3,2,3,0.278,23,0,0,none,0.9958,1.0,0.9975,T77649,Ranolazine,pFOX / 晚钠电流,部分脂肪酸氧化抑制，改善代谢底物利用,0.265,哌嗪/哌啶杂芳基甲酰胺,SCD1 / DGAT2,脂质酶抑制剂常见的环胺-酰胺连接模式，倾向作用于 SCD1/DGAT2 等内质网膜结合型脂质合成酶,0.55,0.5122,O=C(c1ccccc1)N1CCN(c2ccccc2)CC1,0.7548
755,T4024,244-63-3,CCCn1c(=O)c2[nH]c(C3CCCC3)nc2n(CCC)c1=O,C16H24N4O2,304.39,2.36,72.68,1,3,5,2,3,0.688,22,0,0,none,0.9959,1.0,0.9975,T22744;T4024,Pentoxifylline,PDE / TNF-alpha,非选择性磷酸二酯酶抑制剂，降低肝脏炎症与脂质沉积,0.21,无明确优势骨架命中,,,0.0,0.2097,O=c1[nH]c(=O)c2[nH]c(C3CCCC3)nc2[nH]1,0.6036
756,T16999,1643489-24-0,Cc1cc(Oc2ncccc2C(F)(F)F)ccc1-c1c(C)c(=O)[nH]c(=O)n1C,C19H16F3N3O3,391.35,3.56,76.98,1,4,3,3,3,0.211,28,3,0,none,0.9991,0.995,0.9975,T16999,GW501516,PPAR-delta,PPAR-delta 选择性激动，提升肝与骨骼肌脂肪酸氧化,0.205,无明确优势骨架命中,,,0.0,0.2045,O=c1cc(-c2ccc(Oc3ccccn3)cc2)[nH]c(=O)[nH]1,0.601
757,T5185,2170608-82-7,CC(C)c1ccc(CC(=O)N2CCN(c3ccc(C#N)nn3)CC2)cc1,C20H23N5O,349.44,2.36,73.12,0,5,4,2,3,0.4,26,0,0,none,0.9958,1.0,0.9975,T5185,Lanifibranor,PPAR pan (alpha/delta/gamma),泛 PPAR 激动，促进 beta-氧化、抑制脂肪生成与炎症纤维化,0.2,无明确优势骨架命中,,,0.0,0.2,O=C(Cc1ccccc1)N1CCN(c2cccnn2)CC1,0.5988
758,T8296,5631-70-9,COc1ccc(-c2cc(=O)c3c(OC)cc(OC)cc3o2)cc1,C18H16O5,312.32,3.49,57.9,0,5,4,3,3,0.167,23,0,0,none,1.0,0.9936,0.9974,T8296,ACC inhibitor chemotype (firsocostat-like proxy),ACC1/ACC2,变构抑制乙酰辅酶A羧化酶，降低丙二酰辅酶A、阻断新发脂质合成(DNL)并解除 CPT1 抑制,0.183,黄酮/黄烷酮母核,AMPK / SREBP-1c,黄酮类多酚激活 AMPK-SIRT1 轴，抑制 SREBP-1c/FAS/ACC 表达并促进脂噬,0.6,0.4531,O=c1cc(-c2ccccc2)oc2ccccc12,0.7252
759,T4A2456,465-11-2,C[C@]12CC[C@H](O)C[C@H]1CC[C@@H]1[C@@H]2[C@H](O)C[C@]2(C)[C@@H](c3ccc(=O)oc3)CC[C@]12O,C24H34O5,402.53,3.21,90.9,3,5,1,1,5,0.792,29,0,0,none,0.9957,1.0,0.9974,T4A2456,Chenodeoxycholic acid,FXR,内源性 FXR 配体，调控胆汁酸稳态并抑制肝脏脂肪生成,0.266,无明确优势骨架命中,,,0.0,0.2658,O=c1ccc(C2CCC3C2CCC2C4CCCCC4CCC23)co1,0.6316
760,T2387,596-51-0,C[N+]1(C)CCC(OC(=O)C(O)(c2ccccc2)C2CCCC2)C1,C19H28NO3+,318.44,2.46,46.53,1,3,4,1,3,0.632,23,0,0,none,0.9957,1.0,0.9974,T2387;T68082,Ciprofibrate,PPAR-alpha,长效贝特类，诱导过氧化物酶体增殖与脂肪酸 beta-氧化,0.197,无明确优势骨架命中,,,0.0,0.1967,O=C(OC1CC[NH2+]C1)C(c1ccccc1)C1CCCC1,0.597
761,TN1995,23050-38-6,COc1cc(OC)c2c(=O)cc(-c3ccccc3)oc2c1OC,C18H16O5,312.32,3.49,57.9,0,5,4,3,3,0.167,23,0,0,none,1.0,0.9936,0.9974,TN1995,Trimetazidine,3-KAT (长链硫解酶),部分脂肪酸氧化抑制剂，代谢调节剂,0.196,黄酮/黄烷酮母核,AMPK / SREBP-1c,黄酮类多酚激活 AMPK-SIRT1 轴，抑制 SREBP-1c/FAS/ACC 表达并促进脂噬,0.6,0.4664,O=c1cc(-c2ccccc2)oc2ccccc12,0.7319
762,T7051,973-67-1,COc1cc2oc(-c3ccccc3)cc(=O)c2c(OC)c1OC,C18H16O5,312.32,3.49,57.9,0,5,4,3,3,0.167,23,0,0,none,1.0,0.9936,0.9974,T7051,Trimetazidine,3-KAT (长链硫解酶),部分脂肪酸氧化抑制剂，代谢调节剂,0.2,黄酮/黄烷酮母核,AMPK / SREBP-1c,黄酮类多酚激活 AMPK-SIRT1 轴，抑制 SREBP-1c/FAS/ACC 表达并促进脂噬,0.6,0.47,O=c1cc(-c2ccccc2)oc2ccccc12,0.7337
763,T8665,37115-32-5,CN(C)Cc1nnc2n1-c1ccc(Cl)cc1C(c1ccccc1)=NC2,C19H18ClN5,351.84,3.33,46.31,0,4,3,3,4,0.211,25,1,0,none,0.9957,1.0,0.9974,T8665,Telmisartan,PPAR-gamma partial / AT1R,AT1 受体拮抗兼 PPAR-gamma 部分激动，文献报道减轻肝细胞脂肪变,0.152,无明确优势骨架命中,,,0.0,0.1522,c1ccc(C2=NCc3nncn3-c3ccccc32)cc1,0.5748
764,T33508,26964-29-4,COc1cc(OC)c2c(=O)c(OC)c(-c3ccccc3)oc2c1,C18H16O5,312.32,3.49,57.9,0,5,4,3,3,0.167,23,0,0,none,1.0,0.9936,0.9974,T33508,Trimetazidine,3-KAT (长链硫解酶),部分脂肪酸氧化抑制剂，代谢调节剂,0.19,黄酮/黄烷酮母核,AMPK / SREBP-1c,黄酮类多酚激活 AMPK-SIRT1 轴，抑制 SREBP-1c/FAS/ACC 表达并促进脂噬,0.6,0.4597,O=c1cc(-c2ccccc2)oc2ccccc12,0.7286
765,T1819,1403783-31-2,CCCCN(Cc1ccc(C(=O)NO)cc1)C(=O)Nc1ccccc1,C19H23N3O3,341.41,3.64,81.67,3,3,7,2,2,0.263,25,0,0,none,0.9956,1.0,0.9974,T1819,Bezafibrate,PPAR pan,泛 PPAR 弱激动剂，降低血浆与肝内甘油三酯,0.239,无明确优势骨架命中,,,0.0,0.2388,O=C(NCc1ccccc1)Nc1ccccc1,0.6181
766,TQ0139,893990-34-6,Cc1csc(NC(=O)CSc2ccc(-c3ccccc3)nn2)n1,C16H14N4OS2,342.45,3.64,67.77,1,6,5,3,3,0.125,23,0,0,none,0.9957,1.0,0.9974,TQ0139,GW501516,PPAR-delta,PPAR-delta 选择性激动，提升肝与骨骼肌脂肪酸氧化,0.222,无明确优势骨架命中,,,0.0,0.2222,O=C(CSc1ccc(-c2ccccc2)nn1)Nc1nccs1,0.6098
767,TN3016,798-61-8,COc1ccc(-c2coc3cc(OC)c(OC)cc3c2=O)cc1,C18H16O5,312.32,3.49,57.9,0,5,4,3,3,0.167,23,0,0,none,1.0,0.9936,0.9974,TN3016,ACC inhibitor chemotype (firsocostat-like proxy),ACC1/ACC2,变构抑制乙酰辅酶A羧化酶，降低丙二酰辅酶A、阻断新发脂质合成(DNL)并解除 CPT1 抑制,0.197,无明确优势骨架命中,,,0.0,0.1972,O=c1c(-c2ccccc2)coc2ccccc12,0.5973
768,T4A2462,472-26-4,C[C@]12CC[C@H](O)C[C@@]1(O)CC[C@@H]1[C@@H]2CC[C@]2(C)[C@@H](c3ccc(=O)oc3)CC[C@]12O,C24H34O5,402.53,3.36,90.9,3,5,1,1,5,0.792,29,0,0,none,0.9957,1.0,0.9974,T4A2462,Ciprofibrate,PPAR-alpha,长效贝特类，诱导过氧化物酶体增殖与脂肪酸 beta-氧化,0.191,无明确优势骨架命中,,,0.0,0.1912,O=c1ccc(C2CCC3C2CCC2C4CCCCC4CCC23)co1,0.5943
769,T2480,1044870-39-4,COc1cc(OC)c2c(=O)[nH]c(-c3cc(C)c(OCCO)c(C)c3)nc2c1,C20H22N2O5,370.41,2.6,93.67,2,6,6,3,3,0.3,27,0,0,none,0.9957,1.0,0.9974,T2480,Gemfibrozil,PPAR-alpha,苯氧戊酸类 PPAR-alpha 激动剂，抑制肝脏 VLDL-TG 分泌,0.191,无明确优势骨架命中,,,0.0,0.1912,O=c1[nH]c(-c2ccccc2)nc2ccccc12,0.5943
770,T21457,70724-25-3,CCNC(=O)OC1CCN(c2nncc3cc(OC)c(OC)cc23)CC1,C18H24N4O4,360.41,2.36,85.81,1,7,5,2,3,0.5,26,0,0,none,0.9957,1.0,0.9974,T21457,Ranolazine,pFOX / 晚钠电流,部分脂肪酸氧化抑制，改善代谢底物利用,0.212,无明确优势骨架命中,,,0.0,0.2125,c1ccc2c(N3CCCCC3)nncc2c1,0.605
771,T10117,30358-88-4,CC(=O)O[C@H]1Cc2c(cc3oc(C)cc(=O)c3c2O)OC1(C)C,C17H18O6,318.33,2.45,85.97,1,6,1,2,3,0.412,23,0,0,none,0.9954,1.0,0.9973,T10117,Naringenin,PPAR-alpha / SREBP,柑橘黄烷酮，抑制脂肪生成基因并促进脂肪酸氧化,0.191,无明确优势骨架命中,,,0.0,0.1912,O=c1ccoc2cc3c(cc12)CCCO3,0.5942
772,T19626,1308256-94-1,CCOC(=O)[C@H](C)N[C@@H](Cc1ccc(-c2cccc(Cl)c2)cc1)C(=O)O,C20H22ClNO4,375.85,3.54,75.63,2,4,8,2,2,0.3,26,1,0,none,0.9955,1.0,0.9973,T19626,Bezafibrate,PPAR pan,泛 PPAR 弱激动剂，降低血浆与肝内甘油三酯,0.229,无明确优势骨架命中,,,0.0,0.2286,c1ccc(-c2ccccc2)cc1,0.613
773,T6256,144217-65-2,Cc1ccc(NC(=O)C(=O)NC2CC(C)(C)NC(C)(C)C2)cc1,C18H27N3O2,317.43,2.36,70.23,3,3,2,1,2,0.556,23,0,0,none,0.9955,1.0,0.9973,T6256,Fenretinide (4-HPR),DES1 / RBP4,视黄酰胺，抑制二氢神经酰胺去饱和酶，改善肝脂肪变,0.229,无明确优势骨架命中,,,0.0,0.2286,O=C(Nc1ccccc1)C(=O)NC1CCNCC1,0.613
774,T9196,2160546-07-4,CC1(N)CCN(c2cnc3c(-c4cccc(Cl)c4Cl)n[nH]c3n2)CC1,C17H18Cl2N6,377.28,3.64,83.72,2,5,2,3,4,0.353,25,2,0,none,0.9953,1.0,0.9972,T9196,TVB-2640 (Denifanstat),FASN,脂肪酸合酶 beta-酮脂酰还原酶结构域抑制剂，直接阻断棕榈酸从头合成,0.147,无明确优势骨架命中,,,0.0,0.1474,c1ccc(-c2n[nH]c3nc(N4CCCCC4)cnc23)cc1,0.5723
775,T24625,748806-39-5,CN1Cc2cc(Cl)ccc2-n2c(nnc2C2CCN(c3ccccn3)CC2)C1,C21H23ClN6,394.91,3.65,50.08,0,5,2,3,5,0.381,28,1,0,none,0.9953,1.0,0.9972,T24625,TVB-2640 (Denifanstat),FASN,脂肪酸合酶 beta-酮脂酰还原酶结构域抑制剂，直接阻断棕榈酸从头合成,0.155,无明确优势骨架命中,,,0.0,0.1546,c1ccc(N2CCC(c3nnc4n3-c3ccccc3CNC4)CC2)nc1,0.5759
776,T33676,206884-98-2,CC(C)(C)COc1ccc(-n2cc(C(=O)O)cn2)cc1C#N,C16H17N3O3,299.33,2.87,88.14,1,4,4,2,2,0.312,22,0,0,none,1.0,0.9928,0.9971,T33676,Gemfibrozil,PPAR-alpha,苯氧戊酸类 PPAR-alpha 激动剂，抑制肝脏 VLDL-TG 分泌,0.246,无明确优势骨架命中,,,0.0,0.2462,c1ccc(-n2cccn2)cc1,0.6216
777,T9770,1394808-82-2,O=C(CN1CCOCC1)Nc1ccc(OC2CCN(C3CCC3)CC2)cc1,C21H31N3O3,373.5,2.35,54.04,1,5,6,1,4,0.667,27,0,0,none,0.9952,1.0,0.9971,T9770,Ervogastat (PF-06865571),DGAT2,口服 DGAT2 抑制剂，降低肝内甘油三酯合成与 VLDL 分泌,0.301,无明确优势骨架命中,,,0.0,0.3014,O=C(CN1CCOCC1)Nc1ccc(OC2CCN(C3CCC3)CC2)cc1,0.6492
778,T1750,124436-59-5,CCOC(=O)c1ccc(OCCC2CCN(c3ccc(C)nn3)CC2)cc1,C21H27N3O3,369.47,3.65,64.55,0,6,7,2,3,0.476,27,0,0,none,0.9951,1.0,0.9971,T1750,Etomoxir,CPT1a (抑制剂/阴性对照),CPT1 不可逆抑制剂，作为脂肪酸氧化通路机制阴性对照,0.29,无明确优势骨架命中,,,0.0,0.2899,c1ccc(OCCC2CCN(c3cccnn3)CC2)cc1,0.6435
779,T15666,76239-32-2,CCCCCCOc1cccc2cc(-c3nnn[nH]3)c(=O)oc12,C16H18N4O3,314.34,2.93,93.9,1,6,7,3,3,0.375,23,0,0,none,0.9952,1.0,0.9971,T15666,C75,FASN,alpha-亚甲基-gamma-丁内酯类 FASN 抑制剂，同时升高丙二酰辅酶A,0.188,无明确优势骨架命中,,,0.0,0.1884,O=c1oc2ccccc2cc1-c1nnn[nH]1,0.5928
780,T77717,675197-89-4,O=C(CSc1nc(=O)c2ccccc2[nH]1)Nc1ccc2c(c1)OCCO2,C18H15N3O4S,369.4,2.43,93.31,2,6,4,3,4,0.167,26,0,0,none,0.9952,1.0,0.9971,T77717,Ranolazine,pFOX / 晚钠电流,部分脂肪酸氧化抑制，改善代谢底物利用,0.149,无明确优势骨架命中,,,0.0,0.1494,O=C(CSc1nc(=O)c2ccccc2[nH]1)Nc1ccc2c(c1)OCCO2,0.5732
781,T0154,152520-56-4,O[C@@H](CNC[C@H](O)[C@H]1CCc2cc(F)ccc2O1)[C@@H]1CCc2cc(F)ccc2O1,C22H25F2NO4,405.44,2.36,70.95,3,5,6,2,4,0.455,29,2,0,none,0.9958,0.9988,0.997,T0154,Naringenin,PPAR-alpha / SREBP,柑橘黄烷酮，抑制脂肪生成基因并促进脂肪酸氧化,0.183,无明确优势骨架命中,,,0.0,0.1833,c1ccc2c(c1)CCC(CCNCCC1CCc3ccccc3O1)O2,0.5901
782,T4490,875051-72-2,CNC(=O)c1ccc(-c2cc(Cl)cc(Cl)c2Cl)c(N)n1,C13H10Cl3N3O,330.6,3.65,68.01,2,3,2,2,2,0.077,20,3,0,none,0.9949,1.0,0.997,T4490,Bezafibrate,PPAR pan,泛 PPAR 弱激动剂，降低血浆与肝内甘油三酯,0.179,无明确优势骨架命中,,,0.0,0.1791,c1ccc(-c2cccnc2)cc1,0.588
783,TQ0289,376594-67-1,CC(C)S(=O)(=O)NC[C@H](C)c1ccc(NC(=O)c2cc(F)cc(F)c2)cc1,C19H22F2N2O3S,396.46,3.65,75.27,2,3,7,2,2,0.316,27,2,0,none,0.9951,1.0,0.997,TQ0289,Atorvastatin,HMGCR,HMG-CoA 还原酶抑制，降低胆固醇合成并上调 LDLR,0.237,无明确优势骨架命中,,,0.0,0.2375,O=C(Nc1ccccc1)c1ccccc1,0.6172
784,T9632,748146-89-6,O=C(O)CC1(CC(=O)Nc2ccc(F)cc2)CCCCC1,C16H20FNO3,293.34,3.58,66.4,2,2,5,1,2,0.5,21,1,0,none,0.9986,0.9945,0.997,T9632,Atorvastatin,HMGCR,HMG-CoA 还原酶抑制，降低胆固醇合成并上调 LDLR,0.247,无明确优势骨架命中,,,0.0,0.2466,O=C(CC1CCCCC1)Nc1ccccc1,0.6218
785,T5460,78967-07-4,COc1ccc(-c2noc(CC(=O)O)c2-c2ccc(OC)cc2)cc1,C19H17NO5,339.35,3.65,81.79,1,5,6,3,3,0.158,25,0,0,none,0.9948,1.0,0.9969,T5460,GW4064,FXR,非甾体高效 FXR 激动剂工具化合物，抑制 DNL 相关转录程序,0.241,无明确优势骨架命中,,,0.0,0.2405,c1ccc(-c2conc2-c2ccccc2)cc1,0.6187
786,TQ0151,130477-52-0,CCOC(=O)c1ncn2c1[C@@H]1CCCN1C(=O)c1cc(OC)ccc1-2,C18H19N3O4,341.37,2.35,73.66,0,5,3,2,4,0.389,25,0,0,none,0.9949,1.0,0.9969,TQ0151,Etomoxir,CPT1a (抑制剂/阴性对照),CPT1 不可逆抑制剂，作为脂肪酸氧化通路机制阴性对照,0.212,哌嗪/哌啶杂芳基甲酰胺,SCD1 / DGAT2,脂质酶抑制剂常见的环胺-酰胺连接模式，倾向作用于 SCD1/DGAT2 等内质网膜结合型脂质合成酶,0.55,0.46,O=C1c2ccccc2-n2cncc2C2CCCN12,0.7284
787,T6082,848318-25-2,COc1c(C)c(C(=O)c2ccc(N)c(C(=O)O)c2)n2ccccc12,C18H16N2O4,324.34,2.77,94.03,2,4,4,3,3,0.111,24,0,0,none,0.9948,1.0,0.9969,T6082,Salicylate,"AMPK (direct, beta1)",直接结合 AMPK beta1 变构位点，抑制脂肪生成,0.231,二芳醚/二芳酮 + 羧酸,PPAR / THR-beta (通用核受体),核受体配体常见的疏水二芳基骨架 + 酸性头基组合，倾向结合 PPAR/THR 等脂代谢核受体配体口袋,0.5,0.4558,O=C(c1ccccc1)c1ccc2ccccn12,0.7264
788,T3628,374913-63-0,COc1ccc2c(C)nc(Nc3nc(C)c(C)c(=O)[nH]3)nc2c1,C16H17N5O2,311.35,2.39,92.79,2,6,3,3,3,0.25,23,0,0,none,0.9948,1.0,0.9969,T3628,TVB-2640 (Denifanstat),FASN,脂肪酸合酶 beta-酮脂酰还原酶结构域抑制剂，直接阻断棕榈酸从头合成,0.186,无明确优势骨架命中,,,0.0,0.186,O=c1ccnc(Nc2ncc3ccccc3n2)[nH]1,0.5914
789,TQ0310,821794-92-7,Cc1ccc(-c2c(C(=O)CF)n(CCCO)c3ncnc(N)c23)cc1,C18H19FN4O2,342.37,2.52,94.03,2,5,6,3,3,0.278,25,1,0,none,0.9948,1.0,0.9969,TQ0310,Pentoxifylline,PDE / TNF-alpha,非选择性磷酸二酯酶抑制剂，降低肝脏炎症与脂质沉积,0.208,无明确优势骨架命中,,,0.0,0.2083,c1ccc(-c2c[nH]c3ncncc23)cc1,0.6026
790,T33807L,106752-32-3,O=C1CCc2cc(C(=O)N3CCN(CCCC(=O)c4ccccc4)CC3)ccc2N1,C24H27N3O3,405.5,2.99,69.72,1,4,6,2,4,0.375,30,0,0,none,1.0,0.9923,0.9969,T33807;T33807L,Lanifibranor,PPAR pan (alpha/delta/gamma),泛 PPAR 激动，促进 beta-氧化、抑制脂肪生成与炎症纤维化,0.177,哌嗪/哌啶杂芳基甲酰胺,SCD1 / DGAT2,脂质酶抑制剂常见的环胺-酰胺连接模式，倾向作用于 SCD1/DGAT2 等内质网膜结合型脂质合成酶,0.55,0.4247,O=C1CCc2cc(C(=O)N3CCN(CCCC(=O)c4ccccc4)CC3)ccc2N1,0.7108
791,T19578,313520-94-4,O=C(NCc1ccccc1)c1ccc(S(=O)(=O)NCc2ccccc2)cc1,C21H20N2O3S,380.47,3.1,75.27,2,3,7,3,3,0.095,27,0,0,none,1.0,0.9921,0.9968,T19578,Bezafibrate,PPAR pan,泛 PPAR 弱激动剂，降低血浆与肝内甘油三酯,0.298,无明确优势骨架命中,,,0.0,0.2982,O=C(NCc1ccccc1)c1ccc(S(=O)(=O)NCc2ccccc2)cc1,0.6475
792,T0317,35543-24-9,COc1cc(OC)c(C(=O)CCCN2CCCC2)c(OC)c1,C17H25NO4,307.39,2.77,48.0,0,5,8,1,2,0.588,22,0,0,none,0.9947,1.0,0.9968,T0317,Trimetazidine,3-KAT (长链硫解酶),部分脂肪酸氧化抑制剂，代谢调节剂,0.241,无明确优势骨架命中,,,0.0,0.2407,O=C(CCCN1CCCC1)c1ccccc1,0.6188
793,T17222,342577-38-2,CC(C)(C)S(=O)(=O)N[C@H]1CC[C@H](C(=O)Nc2ccc(C(F)(F)F)cn2)CC1,C17H24F3N3O3S,407.46,3.32,88.16,2,4,4,1,2,0.647,27,3,0,none,1.0,0.9917,0.9967,T17222,Ervogastat (PF-06865571),DGAT2,口服 DGAT2 抑制剂，降低肝内甘油三酯合成与 VLDL 分泌,0.409,无明确优势骨架命中,,,0.0,0.4091,O=C(Nc1ccccn1)C1CCCCC1,0.7029
794,T24626,1467059-70-6,COc1nc(N(C)C)ccc1-c1cc2c(C(=O)O)c[nH]c2cc1Cl,C17H16ClN3O3,345.79,3.66,78.45,2,4,4,3,3,0.176,24,1,0,none,0.9946,1.0,0.9967,T24626,Telmisartan,PPAR-gamma partial / AT1R,AT1 受体拮抗兼 PPAR-gamma 部分激动，文献报道减轻肝细胞脂肪变,0.202,无明确优势骨架命中,,,0.0,0.2022,c1cncc(-c2ccc3[nH]ccc3c2)c1,0.5994
795,T7706,211311-95-4,CC(CNS(=O)(=O)C(C)C)c1ccc(-c2ccc(C#N)cc2)cc1,C19H22N2O2S,342.46,3.66,69.96,1,3,6,2,2,0.316,24,0,0,none,0.9945,1.0,0.9967,T7706,Rosuvastatin,HMGCR,亲水性强效 HMGCR 抑制剂，肝选择性摄取(OATP1B1),0.15,无明确优势骨架命中,,,0.0,0.15,c1ccc(-c2ccccc2)cc1,0.5734
796,T61025,1001389-72-5,CN1C(=O)CC[C@H]1C(=O)NCc1cccc(C(F)(F)F)c1Cl,C14H14ClF3N2O2,334.72,2.6,49.41,1,2,3,1,2,0.429,22,4,0,none,0.9999,0.9919,0.9967,T61025,Ervogastat (PF-06865571),DGAT2,口服 DGAT2 抑制剂，降低肝内甘油三酯合成与 VLDL 分泌,0.188,无明确优势骨架命中,,,0.0,0.1875,O=C1CCC(C(=O)NCc2ccccc2)N1,0.5921
797,T20595,60207-90-1,CCCC1COC(Cn2cncn2)(c2ccc(Cl)cc2Cl)O1,C15H17Cl2N3O2,342.23,3.65,49.17,0,4,5,2,3,0.467,22,2,0,none,0.9945,1.0,0.9967,T20595,Etomoxir,CPT1a (抑制剂/阴性对照),CPT1 不可逆抑制剂，作为脂肪酸氧化通路机制阴性对照,0.197,无明确优势骨架命中,,,0.0,0.1974,c1ccc(C2(Cn3cncn3)OCCO2)cc1,0.597
798,T12309,88546-55-8,COc1ccc2nc(S(=O)(=O)Cc3ncc(C)c(OC)c3C)[nH]c2c1,C17H19N3O4S,361.42,2.57,94.17,1,6,5,3,3,0.294,25,0,0,none,0.9945,1.0,0.9967,T12309,GW4064,FXR,非甾体高效 FXR 激动剂工具化合物，抑制 DNL 相关转录程序,0.183,无明确优势骨架命中,,,0.0,0.1828,O=S(=O)(Cc1ccccn1)c1nc2ccccc2[nH]1,0.5898
799,T22033,55974-42-0,COc1ccccc1N1CCN(CCN2C(=O)c3ccccc3C(C)(C)C2=O)CC1,C24H29N3O3,407.51,2.78,53.09,0,5,5,2,4,0.417,30,0,0,none,1.0,0.9915,0.9966,T22033,Ranolazine,pFOX / 晚钠电流,部分脂肪酸氧化抑制，改善代谢底物利用,0.247,哌嗪/哌啶杂芳基甲酰胺,SCD1 / DGAT2,脂质酶抑制剂常见的环胺-酰胺连接模式，倾向作用于 SCD1/DGAT2 等内质网膜结合型脂质合成酶,0.55,0.4943,O=C1Cc2ccccc2C(=O)N1CCN1CCN(c2ccccc2)CC1,0.7455
800,T10679,1042-42-8,C[N+](C)(CC(=O)Nc1ccccc1)CC(=O)Nc1ccccc1,C18H22N3O2+,312.39,2.34,58.2,2,2,6,2,2,0.222,23,0,0,none,0.9943,1.0,0.9966,T10679,Salicylate,"AMPK (direct, beta1)",直接结合 AMPK beta1 变构位点，抑制脂肪生成,0.265,无明确优势骨架命中,,,0.0,0.2647,O=C(C[NH2+]CC(=O)Nc1ccccc1)Nc1ccccc1,0.6306
801,T10003,161905-64-2,C[C@H]1CN(c2cccc(Cl)c2)CCN1CCCn1nc2ccccn2c1=O,C20H24ClN5O,385.9,2.75,45.78,0,4,5,3,4,0.4,27,1,0,none,0.9943,1.0,0.9966,T10003,Lanifibranor,PPAR pan (alpha/delta/gamma),泛 PPAR 激动，促进 beta-氧化、抑制脂肪生成与炎症纤维化,0.14,无明确优势骨架命中,,,0.0,0.1395,O=c1n(CCCN2CCN(c3ccccc3)CC2)nc2ccccn12,0.5681
802,T32913,1186229-95-7,O=C(Cc1ccccc1)NC1CCN(CCCN2C(=O)COc3ccccc32)CC1,C24H29N3O3,407.51,2.63,61.88,1,4,7,2,4,0.417,30,0,0,none,1.0,0.9915,0.9966,T32913,Ranolazine,pFOX / 晚钠电流,部分脂肪酸氧化抑制，改善代谢底物利用,0.176,无明确优势骨架命中,,,0.0,0.1765,O=C(Cc1ccccc1)NC1CCN(CCCN2C(=O)COc3ccccc32)CC1,0.5866
803,T68091L,119221-49-7,CCN(CC)CCn1nc2c3c(c(NCCN)ccc31)Sc1cc(O)ccc1-2,C21H27N5OS,397.55,3.59,79.34,3,6,8,3,4,0.381,28,0,0,none,0.9943,1.0,0.9966,T68091L,Telmisartan,PPAR-gamma partial / AT1R,AT1 受体拮抗兼 PPAR-gamma 部分激动，文献报道减轻肝细胞脂肪变,0.137,无明确优势骨架命中,,,0.0,0.1373,c1ccc2c(c1)Sc1cccc3[nH]nc-2c13,0.567
804,T9592,2088453-21-6,C[C@H]1CN(C2CCN(c3nc(N)n[nH]3)CC2)[C@@H](Cc2ccc(Cl)cc2)CO1,C19H27ClN6O,390.92,2.34,83.3,2,6,4,2,4,0.579,27,1,0,none,0.9944,1.0,0.9966,T9592,TVB-2640 (Denifanstat),FASN,脂肪酸合酶 beta-酮脂酰还原酶结构域抑制剂，直接阻断棕榈酸从头合成,0.167,无明确优势骨架命中,,,0.0,0.1667,c1ccc(CC2COCCN2C2CCN(c3ncn[nH]3)CC2)cc1,0.5816
805,T6049,345627-80-7,CC(C)(C)c1cnc(CSc2cnc(NC(=O)C3CCNCC3)s2)o1,C17H24N4O2S2,380.54,3.66,80.05,2,7,5,2,3,0.588,25,0,0,none,0.9943,1.0,0.9966,T6049,GW501516,PPAR-delta,PPAR-delta 选择性激动，提升肝与骨骼肌脂肪酸氧化,0.207,无明确优势骨架命中,,,0.0,0.2069,O=C(Nc1ncc(SCc2ncco2)s1)C1CCNCC1,0.6018
806,T2549,25875-50-7,N=C(N/N=C/c1ccc(Cl)cc1)N/N=C/c1ccc(Cl)cc1,C15H13Cl2N5,334.21,3.48,72.63,3,3,4,2,2,0.0,22,2,0,none,1.0,0.9914,0.9966,T2549,Fenofibric acid,PPAR-alpha,激活 PPAR-alpha 上调 CPT1/ACOX1，增强线粒体与过氧化物酶体脂肪酸氧化,0.196,无明确优势骨架命中,,,0.0,0.1957,N=C(NN=Cc1ccccc1)NN=Cc1ccccc1,0.5962
807,T15507,3105-97-3,CCN(CC)CCNc1ccc(CO)c2sc3ccccc3c(=O)c12,C20H24N2O2S,356.49,3.66,52.57,2,5,7,3,3,0.35,25,0,0,none,0.9942,1.0,0.9965,T15507,Rosiglitazone,PPAR-gamma,TZD 类 PPAR-gamma 全激动剂，改善胰岛素抵抗与肝内脂肪蓄积,0.16,无明确优势骨架命中,,,0.0,0.1605,O=c1c2ccccc2sc2ccccc12,0.5785
808,TN2354,73340-41-7,COc1ccc2c(c1OC)O[C@H]1c3ccc(O)cc3OC[C@@H]21,C17H16O5,300.31,3.02,57.15,1,5,2,2,4,0.294,22,0,0,none,1.0,0.9914,0.9965,TN2354,Berberine,AMPK / PCSK9 / LDLR,原小檗碱型生物碱，激活 AMPK 并稳定 LDLR mRNA，HepG2 经典降脂阳性对照,0.275,无明确优势骨架命中,,,0.0,0.2754,c1ccc2c(c1)OC1c3ccccc3OCC21,0.636
809,T2495,192441-08-0,Nc1nc(OCc2cc(Br)cs2)c2[nH]cnc2n1,C10H8BrN5OS,326.18,2.34,89.71,2,6,3,3,3,0.1,18,1,0,none,0.9941,1.0,0.9965,T2495,AICAR,AMPK (AMP mimetic),细胞内转化为 ZMP 模拟 AMP 别构激活 AMPK,0.114,无明确优势骨架命中,,,0.0,0.1143,c1csc(COc2ncnc3nc[nH]c23)c1,0.5554
810,T7837,1254944-66-5,CCOC(=O)C1Cc2ccccc2CN1C(=O)c1ccc(SC)s1,C18H19NO3S2,361.49,3.6,46.61,0,5,4,2,3,0.333,24,0,0,none,0.9941,1.0,0.9965,T7837,Etomoxir,CPT1a (抑制剂/阴性对照),CPT1 不可逆抑制剂，作为脂肪酸氧化通路机制阴性对照,0.187,哌嗪/哌啶杂芳基甲酰胺,SCD1 / DGAT2,脂质酶抑制剂常见的环胺-酰胺连接模式，倾向作用于 SCD1/DGAT2 等内质网膜结合型脂质合成酶,0.55,0.4342,O=C(c1cccs1)N1CCc2ccccc2C1,0.7154
811,T31792,141184-34-1,COc1ccc(/C(C)=N/OC(N)=O)cc1OC1CCCC1,C15H20N2O4,292.33,2.84,83.14,1,5,5,1,2,0.467,21,0,0,none,1.0,0.991,0.9964,T31792,Ranolazine,pFOX / 晚钠电流,部分脂肪酸氧化抑制，改善代谢底物利用,0.187,无明确优势骨架命中,,,0.0,0.1867,c1ccc(OC2CCCC2)cc1,0.5916
812,T4436,221529-58-4,CC(C)Oc1ccc(Cc2ccc(NC3=NCCN3)cc2)cc1,C19H23N3O,309.41,3.44,45.65,2,4,5,2,3,0.316,23,0,0,none,0.994,1.0,0.9964,T4436,Rosiglitazone,PPAR-gamma,TZD 类 PPAR-gamma 全激动剂，改善胰岛素抵抗与肝内脂肪蓄积,0.192,无明确优势骨架命中,,,0.0,0.1918,c1ccc(Cc2ccc(NC3=NCCN3)cc2)cc1,0.5941
813,T5966,79983-71-4,CCCCC(O)(Cn1cncn1)c1ccc(Cl)cc1Cl,C14H17Cl2N3O,314.22,3.66,50.94,1,3,6,2,2,0.429,20,2,0,none,0.9941,1.0,0.9964,T5966,Etomoxir,CPT1a (抑制剂/阴性对照),CPT1 不可逆抑制剂，作为脂肪酸氧化通路机制阴性对照,0.183,无明确优势骨架命中,,,0.0,0.1831,c1ccc(CCn2cncn2)cc1,0.5898
814,T11190,1638526-21-2,OCCCCOc1nsnc1-c1ccc(Cl)c(Cl)c1,C12H12Cl2N2O2S,319.21,3.66,55.24,1,5,6,2,2,0.333,19,2,0,none,0.994,1.0,0.9964,T11190,Etomoxir,CPT1a (抑制剂/阴性对照),CPT1 不可逆抑制剂，作为脂肪酸氧化通路机制阴性对照,0.182,无明确优势骨架命中,,,0.0,0.1818,c1ccc(-c2cnsn2)cc1,0.5891
815,T7938,56-54-2,C=C[C@H]1CN2CC[C@H]1C[C@@H]2[C@@H](O)c1ccnc2ccc(OC)cc12,C20H24N2O2,324.42,3.17,45.59,1,4,4,2,5,0.45,24,0,0,none,0.9938,1.0,0.9963,T7938,GW4064,FXR,非甾体高效 FXR 激动剂工具化合物，抑制 DNL 相关转录程序,0.16,无明确优势骨架命中,,,0.0,0.16,c1ccc2c(CC3CC4CCN3CC4)ccnc2c1,0.5781
816,T2269,50892-23-4,Cc1cccc(Nc2cc(Cl)nc(SCC(=O)O)n2)c1C,C14H14ClN3O2S,323.81,3.67,75.11,2,5,5,2,2,0.214,21,1,0,none,0.9938,1.0,0.9963,T2269,GW501516,PPAR-delta,PPAR-delta 选择性激动，提升肝与骨骼肌脂肪酸氧化,0.21,无明确优势骨架命中,,,0.0,0.2099,c1ccc(Nc2ccncn2)cc1,0.6031
817,T60038,1570493-58-1,Cc1nc(-c2nc(-c3ccc(OC(F)(F)F)cc3)no2)n[nH]1,C12H8F3N5O2,311.22,2.73,89.72,1,6,3,3,3,0.167,22,3,0,none,1.0,0.9908,0.9963,T60038,TVB-2640 (Denifanstat),FASN,脂肪酸合酶 beta-酮脂酰还原酶结构域抑制剂，直接阻断棕榈酸从头合成,0.241,无明确优势骨架命中,,,0.0,0.2405,c1ccc(-c2noc(-c3nc[nH]n3)n2)cc1,0.6184
818,T5691,13040-46-5,O[C@]12CO[C@H](c3ccc4c(c3)OCO4)[C@H]1CO[C@@H]2c1ccc2c(c1)OCO2,C20H18O7,370.36,2.33,75.61,1,7,2,2,6,0.4,27,0,0,none,0.9938,1.0,0.9963,T5691,Berberine,AMPK / PCSK9 / LDLR,原小檗碱型生物碱，激活 AMPK 并稳定 LDLR mRNA，HepG2 经典降脂阳性对照,0.183,无明确优势骨架命中,,,0.0,0.1831,c1cc2c(cc1C1OCC3C(c4ccc5c(c4)OCO5)OCC13)OCO2,0.5897
819,T4333,60-93-5,C=C[C@H]1C[N@]2CC[C@H]1C[C@H]2[C@H](O)c1ccnc2ccc(OC)cc12,C20H24N2O2,324.42,3.17,45.59,1,4,4,2,5,0.45,24,0,0,none,0.9938,1.0,0.9963,T0690;T4333;T6631,GW4064,FXR,非甾体高效 FXR 激动剂工具化合物，抑制 DNL 相关转录程序,0.16,无明确优势骨架命中,,,0.0,0.16,c1ccc2c(CC3CC4CCN3CC4)ccnc2c1,0.5781
820,TMIH-0469,1267657-68-0,[2H]C([2H])([2H])Oc1ccc2nccc([C@H](O)[C@H]3C[C@@H]4CC[N@@]3C[C@@H]4C=C)c2c1,C20H24N2O2,327.44,3.17,45.59,1,4,4,2,5,0.45,24,0,0,none,0.9938,1.0,0.9963,TMIH-0469,GW4064,FXR,非甾体高效 FXR 激动剂工具化合物，抑制 DNL 相关转录程序,0.155,无明确优势骨架命中,,,0.0,0.1553,c1ccc2c(CC3CC4CCN3CC4)ccnc2c1,0.5758
821,TN4883,6119-70-6,C=C[C@H]1CN2CC[C@H]1C[C@H]2[C@H](O)c1ccnc2ccc(OC)cc12,C20H24N2O2,324.42,3.17,45.59,1,4,4,2,5,0.45,24,0,0,none,0.9938,1.0,0.9963,TN4883,GW4064,FXR,非甾体高效 FXR 激动剂工具化合物，抑制 DNL 相关转录程序,0.16,无明确优势骨架命中,,,0.0,0.16,c1ccc2c(CC3CC4CCN3CC4)ccnc2c1,0.5781
822,T8125,6591-63-5,C=CC1CN2CCC1CC2C(O)c1ccnc2ccc(OC)cc12,C20H24N2O2,324.42,3.17,45.59,1,4,4,2,5,0.45,24,0,0,none,0.9938,1.0,0.9963,T8125,GW4064,FXR,非甾体高效 FXR 激动剂工具化合物，抑制 DNL 相关转录程序,0.16,无明确优势骨架命中,,,0.0,0.16,c1ccc2c(CC3CC4CCN3CC4)ccnc2c1,0.5781
823,T0266,6151-40-2,C=C[C@H]1C[N@]2CC[C@H]1C[C@@H]2[C@@H](O)c1ccnc2ccc(OC)cc12,C20H24N2O2,324.42,3.17,45.59,1,4,4,2,5,0.45,24,0,0,none,0.9938,1.0,0.9963,T0266,GW4064,FXR,非甾体高效 FXR 激动剂工具化合物，抑制 DNL 相关转录程序,0.16,无明确优势骨架命中,,,0.0,0.16,c1ccc2c(CC3CC4CCN3CC4)ccnc2c1,0.5781
824,T1334,1435-55-8,CC[C@H]1C[N@]2CC[C@H]1C[C@@H]2[C@@H](O)c1ccnc2ccc(OC)cc12,C20H26N2O2,326.44,3.4,45.59,1,4,4,2,5,0.55,24,0,0,none,0.9938,1.0,0.9963,T1334,Ranolazine,pFOX / 晚钠电流,部分脂肪酸氧化抑制，改善代谢底物利用,0.17,无明确优势骨架命中,,,0.0,0.1705,c1ccc2c(CC3CC4CCN3CC4)ccnc2c1,0.5834
825,T7126,522-66-7,CCC1CN2CCC1CC2C(O)c1ccnc2ccc(OC)cc12,C20H26N2O2,326.44,3.4,45.59,1,4,4,2,5,0.55,24,0,0,none,0.9938,1.0,0.9963,T7126,Ranolazine,pFOX / 晚钠电流,部分脂肪酸氧化抑制，改善代谢底物利用,0.17,无明确优势骨架命中,,,0.0,0.1705,c1ccc2c(CC3CC4CCN3CC4)ccnc2c1,0.5834
826,T67713,,CC(C)(C)CC(=O)Nc1cc2nc3ccccc3oc-2cc1=O,C18H18N2O3,310.35,3.67,72.2,1,4,2,1,3,0.278,23,0,0,none,0.9937,1.0,0.9962,T67713,Telmisartan,PPAR-gamma partial / AT1R,AT1 受体拮抗兼 PPAR-gamma 部分激动，文献报道减轻肝细胞脂肪变,0.167,无明确优势骨架命中,,,0.0,0.1667,O=c1ccc2nc3ccccc3oc-2c1,0.5814
827,T9133,55750-05-5,CCN(CC)CCn1c(=O)c(Cc2ccc(OC)cc2)nc2ccccc21,C22H27N3O2,365.48,3.34,47.36,0,4,8,3,3,0.364,27,0,0,none,0.9937,1.0,0.9962,T9133,Telmisartan,PPAR-gamma partial / AT1R,AT1 受体拮抗兼 PPAR-gamma 部分激动，文献报道减轻肝细胞脂肪变,0.244,无明确优势骨架命中,,,0.0,0.2442,O=c1[nH]c2ccccc2nc1Cc1ccccc1,0.6202
828,T30549,123259-91-6,O=C1CCCN1CC1CCN(c2ccnc(C(F)(F)F)n2)CC1,C15H19F3N4O,328.34,2.33,49.33,0,4,3,1,3,0.667,23,3,0,none,0.9937,1.0,0.9962,T30549,Ervogastat (PF-06865571),DGAT2,口服 DGAT2 抑制剂，降低肝内甘油三酯合成与 VLDL 分泌,0.208,无明确优势骨架命中,,,0.0,0.2078,O=C1CCCN1CC1CCN(c2ccncn2)CC1,0.602
829,T12111L,,COc1c(CN)cc(CN)cc1OCCCN1Cc2ccccc2C1,C20H27N3O2,341.46,2.4,73.74,2,5,8,2,3,0.4,25,0,0,none,0.9936,1.0,0.9961,T12111L,Trimetazidine,3-KAT (长链硫解酶),部分脂肪酸氧化抑制剂，代谢调节剂,0.254,无明确优势骨架命中,,,0.0,0.2542,c1ccc(OCCCN2Cc3ccccc3C2)cc1,0.6252
830,T5110,1042672-97-8,COc1cc(N2CCOCC2)ccc1NC(=O)c1csc(-c2cccnc2)n1,C20H20N4O3S,396.47,3.3,76.58,1,7,5,3,4,0.25,28,0,0,none,1.0,0.9903,0.9961,T5110,PF-06424439 (DGAT2i),DGAT2,二酰甘油酰基转移酶2 抑制剂，直接阻断甘油三酯酯化终末步骤,0.229,无明确优势骨架命中,,,0.0,0.2289,O=C(Nc1ccc(N2CCOCC2)cc1)c1csc(-c2cccnc2)n1,0.6125
831,T28474,419538-69-5,O=S(=O)(NCc1ccccn1)c1ccc(Br)c2ccccc12,C16H13BrN2O2S,377.26,3.48,59.06,1,3,4,3,3,0.062,22,1,0,none,1.0,0.9901,0.9961,T28474,Rosiglitazone,PPAR-gamma,TZD 类 PPAR-gamma 全激动剂，改善胰岛素抵抗与肝内脂肪蓄积,0.164,无明确优势骨架命中,,,0.0,0.1644,O=S(=O)(NCc1ccccn1)c1cccc2ccccc12,0.5802
832,T71534L,452087-38-6,COc1ccc(CCNc2ncnc3sc(C)cc23)cc1OC,C17H19N3O2S,329.43,3.67,56.27,1,6,6,3,3,0.294,23,0,0,none,0.9934,1.0,0.9961,T71534L,GW501516,PPAR-delta,PPAR-delta 选择性激动，提升肝与骨骼肌脂肪酸氧化,0.181,无明确优势骨架命中,,,0.0,0.1807,c1ccc(CCNc2ncnc3sccc23)cc1,0.5884
833,T77650,305343-00-4,NC1=NC(c2ccc(Cl)cc2Cl)N2C(=N1)Nc1ccccc12,C15H11Cl2N5,332.19,3.61,66.01,2,5,1,2,4,0.067,22,2,0,none,0.9933,1.0,0.996,T77650,GW4064,FXR,非甾体高效 FXR 激动剂工具化合物，抑制 DNL 相关转录程序,0.129,无明确优势骨架命中,,,0.0,0.129,C1=NC(c2ccccc2)N2C(=N1)Nc1ccccc12,0.5625
834,T21512,193807-58-8,O=C(O)[C@@H](Cc1ccccc1)NS(=O)(=O)c1ccc(-c2ccccc2)cc1,C21H19NO4S,381.45,3.33,83.47,2,3,7,3,3,0.095,27,0,0,none,1.0,0.99,0.996,T21512,Salicylate,"AMPK (direct, beta1)",直接结合 AMPK beta1 变构位点，抑制脂肪生成,0.214,无明确优势骨架命中,,,0.0,0.2143,O=S(=O)(NCCc1ccccc1)c1ccc(-c2ccccc2)cc1,0.6052
835,T21678,956025-83-5,Cc1cccc(Cc2nn(C(C)(C)C)c3ncnc(N)c23)c1,C17H21N5,295.39,3.06,69.62,1,4,2,3,3,0.353,22,0,0,none,1.0,0.9899,0.9959,T21678,Gemfibrozil,PPAR-alpha,苯氧戊酸类 PPAR-alpha 激动剂，抑制肝脏 VLDL-TG 分泌,0.185,无明确优势骨架命中,,,0.0,0.1846,c1ccc(Cc2n[nH]c3ncncc23)cc1,0.5902
836,T14884,681159-27-3,CCOC(=O)c1sc(NC(=O)c2ccco2)c(SC#N)c1C,C14H12N2O4S2,336.39,3.65,92.33,1,7,5,2,2,0.214,22,0,0,none,0.9931,1.0,0.9959,T14884,Etomoxir,CPT1a (抑制剂/阴性对照),CPT1 不可逆抑制剂，作为脂肪酸氧化通路机制阴性对照,0.197,无明确优势骨架命中,,,0.0,0.1974,O=C(Nc1cccs1)c1ccco1,0.5966
837,T14878,944808-88-2,Cc1nnc(-c2ccc(N3CCC(Oc4cc(F)ccc4Cl)CC3)nn2)o1,C18H17ClFN5O2,389.82,3.68,77.17,0,7,4,3,4,0.333,27,2,0,none,0.9931,1.0,0.9959,T14878,Ervogastat (PF-06865571),DGAT2,口服 DGAT2 抑制剂，降低肝内甘油三酯合成与 VLDL 分泌,0.179,无明确优势骨架命中,,,0.0,0.1786,c1ccc(OC2CCN(c3ccc(-c4nnco4)nn3)CC2)cc1,0.5873
838,T3013,4168-17-6,CCC1=C[C@H]2CN3CCc4c([nH]c5ccccc45)[C@@](C(=O)OC)(C2)[C@@H]13,C21H24N2O2,336.44,3.18,45.33,1,3,2,2,6,0.476,25,0,0,none,0.9931,1.0,0.9958,T3013,Ranolazine,pFOX / 晚钠电流,部分脂肪酸氧化抑制，改善代谢底物利用,0.193,无明确优势骨架命中,,,0.0,0.1932,C1=CC2C3CC1CN2CCc1c3[nH]c2ccccc12,0.5945
839,T3023,70674-90-7,CCC1=C[C@@H]2CN3CCc4c([nH]c5ccccc45)[C@@](C(=O)OC)(C2)[C@@H]13,C21H24N2O2,336.44,3.18,45.33,1,3,2,2,6,0.476,25,0,0,none,0.9931,1.0,0.9958,T2782L;T3023,Ranolazine,pFOX / 晚钠电流,部分脂肪酸氧化抑制，改善代谢底物利用,0.193,无明确优势骨架命中,,,0.0,0.1932,C1=CC2C3CC1CN2CCc1c3[nH]c2ccccc12,0.5945
840,T60839,1643469-17-3,C[C@]12OC[C@H](Cc3c[nH]c4ccccc34)N1C(=O)c1ccccc12,C20H18N2O2,318.38,3.44,45.33,1,2,2,3,5,0.25,24,0,0,none,0.9931,1.0,0.9958,T60839,Rosiglitazone,PPAR-gamma,TZD 类 PPAR-gamma 全激动剂，改善胰岛素抵抗与肝内脂肪蓄积,0.157,哌嗪/哌啶杂芳基甲酰胺,SCD1 / DGAT2,脂质酶抑制剂常见的环胺-酰胺连接模式，倾向作用于 SCD1/DGAT2 等内质网膜结合型脂质合成酶,0.55,0.4041,O=C1c2ccccc2C2OCC(Cc3c[nH]c4ccccc34)N12,0.7
841,T2662,349438-38-6,O=C(NCc1ccc2c(c1)OCO2)c1c(Cl)cccc1Cl,C15H11Cl2NO3,324.16,3.65,47.56,1,3,3,2,3,0.133,21,2,0,none,0.9929,1.0,0.9958,T2662,Bezafibrate,PPAR pan,泛 PPAR 弱激动剂，降低血浆与肝内甘油三酯,0.215,无明确优势骨架命中,,,0.0,0.2154,O=C(NCc1ccc2c(c1)OCO2)c1ccccc1,0.6056
842,T2782,2468-21-5,CCC1=CC2C[N@@]3CCc4c([nH]c5ccccc45)[C@@](C(=O)OC)(C2)[C@@H]13,C21H24N2O2,336.44,3.18,45.33,1,3,2,2,6,0.476,25,0,0,none,0.9931,1.0,0.9958,T2782,Ranolazine,pFOX / 晚钠电流,部分脂肪酸氧化抑制，改善代谢底物利用,0.193,无明确优势骨架命中,,,0.0,0.1932,C1=CC2C3CC1CN2CCc1c3[nH]c2ccccc12,0.5945
843,T2553,30544-47-9,O=C(OCCOCCO)c1ccccc1Nc1cccc(C(F)(F)F)c1,C18H18F3NO4,369.34,3.61,67.79,2,5,8,2,2,0.278,26,3,0,none,0.993,1.0,0.9958,T2553,GW501516,PPAR-delta,PPAR-delta 选择性激动，提升肝与骨骼肌脂肪酸氧化,0.19,无明确优势骨架命中,,,0.0,0.1905,c1ccc(Nc2ccccc2)cc1,0.5932
844,T12849,1333210-07-3,N#Cc1ccc(O[C@@H]2c3ccccc3C[C@H]2N2CCC[C@@H](N)C2)c(Cl)c1,C21H22ClN3O,367.88,3.68,62.28,1,4,3,2,4,0.381,26,1,0,none,0.9928,1.0,0.9957,T12849,Trimetazidine,3-KAT (长链硫解酶),部分脂肪酸氧化抑制剂，代谢调节剂,0.133,无明确优势骨架命中,,,0.0,0.1333,c1ccc(OC2c3ccccc3CC2N2CCCCC2)cc1,0.5645
845,T29808,39113-89-8,O=C1N(CCN2CCC3(CC2)OCCO3)CCN1c1cc(Cl)cc(Cl)c1,C18H23Cl2N3O3,400.31,3.07,45.25,0,4,4,1,4,0.611,26,2,0,none,0.9928,1.0,0.9957,T29808,Etomoxir,CPT1a (抑制剂/阴性对照),CPT1 不可逆抑制剂，作为脂肪酸氧化通路机制阴性对照,0.157,无明确优势骨架命中,,,0.0,0.1571,O=C1N(CCN2CCC3(CC2)OCCO3)CCN1c1ccccc1,0.5764
846,T60061,1210538-56-9,CN(Cc1nc2ccccc2s1)C(=O)NCC#Cc1ccccc1,C19H17N3OS,335.43,3.49,45.23,1,3,3,3,3,0.158,24,0,0,none,0.9928,1.0,0.9957,T60061,Telmisartan,PPAR-gamma partial / AT1R,AT1 受体拮抗兼 PPAR-gamma 部分激动，文献报道减轻肝细胞脂肪变,0.195,无明确优势骨架命中,,,0.0,0.1954,O=C(NCC#Cc1ccccc1)NCc1nc2ccccc2s1,0.5956
847,T0990,548-73-2,O=C(CCCN1CC=C(n2c(=O)[nH]c3ccccc32)CC1)c1ccc(F)cc1,C22H22FN3O2,379.44,3.68,58.1,1,3,6,3,4,0.273,28,1,0,none,0.9929,1.0,0.9957,T0990,Fluvastatin,HMGCR,全合成 HMGCR 抑制剂,0.224,无明确优势骨架命中,,,0.0,0.2235,O=C(CCCN1CC=C(n2c(=O)[nH]c3ccccc32)CC1)c1ccccc1,0.6096
848,T4S0790,20086-06-0,C[C@@]12C[C@H](c3ccoc3)O[C@@]13C[C@H](OC3=O)[C@H]1[C@H]2C[C@@H]2C[C@H]1C(=O)O2,C19H20O6,344.36,2.38,74.97,0,6,1,1,6,0.684,25,0,0,none,0.9929,1.0,0.9957,T4S0790,Ciprofibrate,PPAR-alpha,长效贝特类，诱导过氧化物酶体增殖与脂肪酸 beta-氧化,0.153,无明确优势骨架命中,,,0.0,0.1528,O=C1OC2CC1C1C3CC4(OC(c5ccoc5)CC4C1C2)C(=O)O3,0.5742
849,T2220,362-07-2,COc1cc2c(cc1O)CC[C@@H]1[C@@H]2CC[C@]2(C)[C@@H](O)CC[C@@H]12,C19H26O3,302.41,3.62,49.69,2,3,1,1,4,0.684,22,0,0,none,0.9928,1.0,0.9957,T2220,ACC inhibitor chemotype (firsocostat-like proxy),ACC1/ACC2,变构抑制乙酰辅酶A羧化酶，降低丙二酰辅酶A、阻断新发脂质合成(DNL)并解除 CPT1 抑制,0.175,无明确优势骨架命中,,,0.0,0.175,c1ccc2c(c1)CCC1C2CCC2CCCC21,0.5854
850,T60681,2373065-59-7,CN1CCC(C(=O)Nc2ncc(-c3ccccc3)s2)CC1,C16H19N3OS,301.42,3.09,45.23,1,4,3,2,3,0.375,21,0,0,none,0.9928,1.0,0.9957,T60681,PF-06424439 (DGAT2i),DGAT2,二酰甘油酰基转移酶2 抑制剂，直接阻断甘油三酯酯化终末步骤,0.239,无明确优势骨架命中,,,0.0,0.2388,O=C(Nc1ncc(-c2ccccc2)s1)C1CCNCC1,0.6173
851,T15575,835619-41-5,COc1ccc(S(=O)(=O)n2cc(CCC(=O)O)c3cc(OC)ccc32)cc1,C19H19NO6S,389.43,2.91,94.83,1,5,7,3,3,0.211,27,0,0,none,0.9926,1.0,0.9956,T15575,Lanifibranor,PPAR pan (alpha/delta/gamma),泛 PPAR 激动，促进 beta-氧化、抑制脂肪生成与炎症纤维化,0.239,无明确优势骨架命中,,,0.0,0.2394,O=S(=O)(c1ccccc1)n1ccc2ccccc21,0.6175
852,T1042,107007-99-8,CN1[C@@H]2CCC[C@H]1C[C@@H](NC(=O)c1nn(C)c3ccccc13)C2,C18H24N4O,312.42,2.32,50.16,1,3,2,2,4,0.556,23,0,0,none,0.9926,1.0,0.9956,T1042,TVB-2640 (Denifanstat),FASN,脂肪酸合酶 beta-酮脂酰还原酶结构域抑制剂，直接阻断棕榈酸从头合成,0.2,无明确优势骨架命中,,,0.0,0.2,O=C(NC1CC2CCCC(C1)N2)c1n[nH]c2ccccc12,0.5978
853,T0696,57149-07-2,COc1ccccc1N1CCN(CC(O)COc2cccc3ccccc23)CC1,C24H28N2O3,392.5,3.41,45.17,1,5,7,3,4,0.333,29,0,0,none,0.9926,1.0,0.9956,T0696;T6600;T9220,Ranolazine,pFOX / 晚钠电流,部分脂肪酸氧化抑制，改善代谢底物利用,0.492,无明确优势骨架命中,,,0.0,0.4921,c1ccc(N2CCN(CCCOc3cccc4ccccc34)CC2)cc1,0.7438
854,T15033,94361-06-5,CC(C1CC1)C(O)(Cn1cncn1)c1ccc(Cl)cc1,C15H18ClN3O,291.78,2.87,50.94,1,3,5,2,3,0.467,20,1,0,none,1.0,0.989,0.9956,T15033,Bezafibrate,PPAR pan,泛 PPAR 弱激动剂，降低血浆与肝内甘油三酯,0.203,无明确优势骨架命中,,,0.0,0.2029,c1ccc(C(CC2CC2)Cn2cncn2)cc1,0.5993
855,T81417,1022417-69-1,Cc1noc(C)c1S(=O)(=O)Nc1ccc(Cc2ccccc2)cc1,C18H18N2O3S,342.42,3.68,72.2,1,4,5,3,3,0.167,24,0,0,none,0.9925,1.0,0.9955,T81417,Lanifibranor,PPAR pan (alpha/delta/gamma),泛 PPAR 激动，促进 beta-氧化、抑制脂肪生成与炎症纤维化,0.171,无明确优势骨架命中,,,0.0,0.1714,O=S(=O)(Nc1ccc(Cc2ccccc2)cc1)c1cnoc1,0.5834
856,T7700,473921-12-9,CCc1nn(CCO)c(CC)c1Oc1cc(C#N)cc(C#N)c1,C17H18N4O2,310.36,2.54,94.86,1,5,6,2,2,0.353,23,0,0,none,0.9925,1.0,0.9955,T7700,Resmetirom (MGL-3196),THR-beta,肝脏选择性甲状腺激素受体 beta 激动；上调 CPT1A/线粒体 beta-氧化与脂噬，降低肝内甘油三酯,0.177,无明确优势骨架命中,,,0.0,0.1772,c1ccc(Oc2cn[nH]c2)cc1,0.5864
857,T26253,75970-99-9,Fc1ccc(Cn2c(=NC3CCNCC3)[nH]c3ccccc32)cc1,C19H21FN4,324.4,2.81,45.11,2,2,3,3,4,0.316,24,1,0,none,0.9924,1.0,0.9955,T26253,Fluvastatin,HMGCR,全合成 HMGCR 抑制剂,0.19,无明确优势骨架命中,,,0.0,0.1899,c1ccc(Cn2c(=NC3CCNCC3)[nH]c3ccccc32)cc1,0.5927
858,T38905,1431945-95-7,O=C(CN1CCN(c2ccc(F)cn2)CC1)Nc1nc2c(s1)CCCC2,C18H22FN5OS,375.47,2.32,61.36,1,6,4,2,4,0.5,26,1,0,none,0.9925,1.0,0.9955,T38905,Ranolazine,pFOX / 晚钠电流,部分脂肪酸氧化抑制，改善代谢底物利用,0.263,无明确优势骨架命中,,,0.0,0.2625,O=C(CN1CCN(c2ccccn2)CC1)Nc1nc2c(s1)CCCC2,0.629
859,T9942,643042-43-7,Clc1ccc2c(N3CCN(c4ncccn4)CC3)ccnc2c1,C17H16ClN5,325.8,3.0,45.15,0,5,2,3,4,0.235,23,1,0,none,0.9925,1.0,0.9955,T9942,PF-06424439 (DGAT2i),DGAT2,二酰甘油酰基转移酶2 抑制剂，直接阻断甘油三酯酯化终末步骤,0.167,无明确优势骨架命中,,,0.0,0.1667,c1cnc(N2CCN(c3ccnc4ccccc34)CC2)nc1,0.5811
860,T203013,2920687-14-3,COc1cc(-c2cnc3cc(N)ccc3c2)cc(OC)c1OC,C18H18N2O3,310.35,3.51,66.6,1,5,4,3,3,0.167,23,0,0,none,1.0,0.9886,0.9954,T203013,Berberine,AMPK / PCSK9 / LDLR,原小檗碱型生物碱，激活 AMPK 并稳定 LDLR mRNA，HepG2 经典降脂阳性对照,0.209,无明确优势骨架命中,,,0.0,0.209,c1ccc(-c2cnc3ccccc3c2)cc1,0.6022
861,T1617,93106-60-6,CCN1CCN(c2cc3c(cc2F)c(=O)c(C(=O)O)cn3C2CC2)CC1,C19H22FN3O3,359.4,2.32,65.78,1,4,4,2,4,0.474,26,1,0,none,0.9924,1.0,0.9954,T1617,Telmisartan,PPAR-gamma partial / AT1R,AT1 受体拮抗兼 PPAR-gamma 部分激动，文献报道减轻肝细胞脂肪变,0.172,无明确优势骨架命中,,,0.0,0.172,O=c1ccn(C2CC2)c2cc(N3CCNCC3)ccc12,0.5837
862,T2113,718630-59-2,CC(C)CC(=O)Nc1n[nH]c2c1CN(C(=O)C1CCN(C)CC1)C2(C)C,C19H31N5O2,361.49,2.31,81.33,2,4,4,1,3,0.737,26,0,0,none,0.9922,1.0,0.9953,T2113,Ervogastat (PF-06865571),DGAT2,口服 DGAT2 抑制剂，降低肝内甘油三酯合成与 VLDL 分泌,0.179,无明确优势骨架命中,,,0.0,0.1786,O=C(C1CCNCC1)N1Cc2cn[nH]c2C1,0.587
863,T33846,1950/10/2,CC[N+](C)(CC)CCOC(=O)C(O)(c1ccccc1)C1CCCCC1,C21H34NO3+,348.51,3.48,46.53,1,3,8,1,2,0.667,25,0,0,none,0.9921,1.0,0.9953,T33846,Ciprofibrate,PPAR-alpha,长效贝特类，诱导过氧化物酶体增殖与脂肪酸 beta-氧化,0.206,无明确优势骨架命中,,,0.0,0.2063,c1ccc(CC2CCCCC2)cc1,0.6008
864,T11217,130579-75-8,CN(C)CCO/N=C(/C=C/c1ccc(O)cc1)c1ccccc1F,C19H21FN2O2,328.39,3.53,45.06,1,4,7,2,2,0.211,24,1,0,none,0.9921,1.0,0.9953,T11217,Elafibranor,PPAR-alpha/delta,双重 PPAR-alpha/delta 激动，提升脂肪酸氧化并抑制脂肪生成,0.189,无明确优势骨架命中,,,0.0,0.1892,N=C(C=Cc1ccccc1)c1ccccc1,0.5922
865,T11110,924296-18-4,N#Cc1nc2c(nc1C#N)-c1ccccc1/C2=N\OCc1ccccc1,C20H11N5O,337.34,3.17,94.95,0,6,3,3,4,0.05,26,0,0,none,0.9922,1.0,0.9953,T11110,A-769662,"AMPK (direct, beta1)",直接变构激活 AMPK beta1 亚基，磷酸化 ACC1/2 抑制 DNL,0.162,无明确优势骨架命中,,,0.0,0.1618,c1ccc(CON=C2c3ccccc3-c3nccnc32)cc1,0.5786
866,T67851,97743-99-2,CNCCCC1(c2ccc(F)cc2)OCc2cc(C#N)ccc21,C19H19FN2O,310.37,3.47,45.05,1,3,5,2,3,0.316,23,1,0,none,0.9922,1.0,0.9953,T67851,Etomoxir,CPT1a (抑制剂/阴性对照),CPT1 不可逆抑制剂，作为脂肪酸氧化通路机制阴性对照,0.158,无明确优势骨架命中,,,0.0,0.1579,c1ccc(C2OCc3ccccc32)cc1,0.5766
867,T6744,3166-62-9,CC[N+](C)(CC)CCOC(=O)C(O)(c1ccccc1)c1ccccc1,C21H28NO3+,342.46,2.95,46.53,1,3,8,2,2,0.381,25,0,0,none,0.9921,1.0,0.9953,T6744,Gemfibrozil,PPAR-alpha,苯氧戊酸类 PPAR-alpha 激动剂，抑制肝脏 VLDL-TG 分泌,0.214,无明确优势骨架命中,,,0.0,0.2143,c1ccc(Cc2ccccc2)cc1,0.6048
868,T71394,1140897-32-0,CC(C)(O)c1cccn2c(C3(c4ccc(Cl)cc4)CC3)nnc12,C18H18ClN3O,327.82,3.69,50.42,1,3,3,3,4,0.333,23,1,0,none,0.992,1.0,0.9952,T71394,Fenofibric acid,PPAR-alpha,激活 PPAR-alpha 上调 CPT1/ACOX1，增强线粒体与过氧化物酶体脂肪酸氧化,0.2,无明确优势骨架命中,,,0.0,0.2,c1ccc(C2(c3nnc4ccccn34)CC2)cc1,0.5976
869,T9872,91627-33-7,CCc1oc2ccccc2c1C(=O)c1ccc(OCC(=O)O)cc1,C19H16O5,324.33,3.69,76.74,1,4,6,3,3,0.158,24,0,0,none,0.992,1.0,0.9952,T9872,Fenofibric acid,PPAR-alpha,激活 PPAR-alpha 上调 CPT1/ACOX1，增强线粒体与过氧化物酶体脂肪酸氧化,0.268,二芳醚/二芳酮 + 羧酸,PPAR / THR-beta (通用核受体),核受体配体常见的疏水二芳基骨架 + 酸性头基组合，倾向结合 PPAR/THR 等脂代谢核受体配体口袋,0.5,0.4929,O=C(c1ccccc1)c1coc2ccccc12,0.744
870,T38601,1217049-32-5,Cc1cn2c(n1)Cc1ccc(Cl)cc1C(c1ccc(N)cc1)=N2,C18H15ClN4,322.8,3.63,56.2,1,3,1,3,4,0.111,23,1,0,none,0.992,1.0,0.9952,T38601,Lanifibranor,PPAR pan (alpha/delta/gamma),泛 PPAR 激动，促进 beta-氧化、抑制脂肪生成与炎症纤维化,0.158,无明确优势骨架命中,,,0.0,0.1579,c1ccc(C2=Nn3ccnc3Cc3ccccc32)cc1,0.5766
871,T16514,1079400-07-9,COc1ccc(Cl)c(-c2ccc(NC(=O)c3ccnn3C)nc2N)c1,C17H16ClN5O2,357.8,2.98,95.06,2,5,4,3,3,0.118,25,1,0,none,0.9919,1.0,0.9951,T16514,Bezafibrate,PPAR pan,泛 PPAR 弱激动剂，降低血浆与肝内甘油三酯,0.195,无明确优势骨架命中,,,0.0,0.1948,O=C(Nc1ccc(-c2ccccc2)cn1)c1ccn[nH]1,0.595
872,T8529,2131803-93-3,CC1(C)CCS(=O)c2ccc(C#Cc3ncc(C(=O)O)cn3)cc21,C18H16N2O3S,340.4,2.36,80.15,1,4,1,2,3,0.278,24,0,0,none,0.9918,1.0,0.9951,T8529,Nicotinic acid (Niacin),HCAR2 / DGAT2,抑制脂肪组织脂解并弱抑制 DGAT2，减少肝内 VLDL 底物供应,0.218,无明确优势骨架命中,,,0.0,0.2182,O=S1CCCc2cc(C#Cc3ncccn3)ccc21,0.6066
873,T1466,124858-35-1,CC1CCc2c(N3CCC(O)CC3)c(F)cc3c(=O)c(C(=O)O)cn1c23,C19H21FN2O4,360.38,2.31,82.77,2,4,2,2,4,0.474,26,1,0,none,0.9917,1.0,0.995,T1466,ACC inhibitor chemotype (firsocostat-like proxy),ACC1/ACC2,变构抑制乙酰辅酶A羧化酶，降低丙二酰辅酶A、阻断新发脂质合成(DNL)并解除 CPT1 抑制,0.176,无明确优势骨架命中,,,0.0,0.1765,O=c1ccn2c3c(c(N4CCCCC4)ccc13)CCC2,0.5858
874,T5727,469-83-0,C[C@@]12CCc3occc3[C@H]1CC[C@@]13C[C@@H](CC[C@H]12)[C@@](O)(CO)C3,C20H28O3,316.44,3.64,53.6,2,3,1,1,5,0.8,23,0,0,none,0.9916,1.0,0.995,T5727,Ciprofibrate,PPAR-alpha,长效贝特类，诱导过氧化物酶体增殖与脂肪酸 beta-氧化,0.155,无明确优势骨架命中,,,0.0,0.1549,c1cc2c(o1)CCC1C2CCC23CCC(CCC12)C3,0.575
875,T60604,2607143-50-8,COC(=O)c1cc2c(OC(C)C)cc(OC(C)C)cc2[nH]1,C16H21NO4,291.35,3.53,60.55,1,4,5,2,2,0.438,21,0,0,none,0.9998,0.9874,0.9949,T60604,Ranolazine,pFOX / 晚钠电流,部分脂肪酸氧化抑制，改善代谢底物利用,0.149,无明确优势骨架命中,,,0.0,0.1486,c1ccc2[nH]ccc2c1,0.5718
876,T21652,1781835-13-9,CN1CCN(C(=O)CN[C@@H]2C[C@H]2c2ccc(OCc3ccccc3)cc2)CC1,C23H29N3O2,379.5,2.49,44.81,1,4,7,2,4,0.435,28,0,0,none,0.9914,1.0,0.9949,T21652,Ciprofibrate,PPAR-alpha,长效贝特类，诱导过氧化物酶体增殖与脂肪酸 beta-氧化,0.224,无明确优势骨架命中,,,0.0,0.2239,O=C(CNC1CC1c1ccc(OCc2ccccc2)cc1)N1CCNCC1,0.6094
877,T8574,848057-98-7,Cc1ccc(C(=O)Nc2cc(C(F)(F)F)ccc2N2CCOCC2)o1,C17H17F3N2O3,354.33,3.7,54.71,1,4,3,2,3,0.353,25,3,0,none,0.9915,1.0,0.9949,T8574,TVB-2640 (Denifanstat),FASN,脂肪酸合酶 beta-酮脂酰还原酶结构域抑制剂，直接阻断棕榈酸从头合成,0.262,无明确优势骨架命中,,,0.0,0.2619,O=C(Nc1ccccc1N1CCOCC1)c1ccco1,0.6284
878,T21855,510-74-7,O=C1NCN(c2ccccc2)C12CCN(CCCOc1ccc(F)cc1)CC2,C22H26FN3O2,383.47,3.02,44.81,1,4,6,2,4,0.409,28,1,0,none,0.9915,1.0,0.9949,T21855,Rosiglitazone,PPAR-gamma,TZD 类 PPAR-gamma 全激动剂，改善胰岛素抵抗与肝内脂肪蓄积,0.231,无明确优势骨架命中,,,0.0,0.2308,O=C1NCN(c2ccccc2)C12CCN(CCCOc1ccccc1)CC2,0.6128
879,T13613,2438721-44-7,CC(CN(C)C)NC(=O)c1cccc2[nH]c(-c3ccncc3)nc12,C18H21N5O,323.4,2.3,73.91,2,4,5,3,3,0.278,24,0,0,none,0.9915,1.0,0.9949,T13613,Ervogastat (PF-06865571),DGAT2,口服 DGAT2 抑制剂，降低肝内甘油三酯合成与 VLDL 分泌,0.171,无明确优势骨架命中,,,0.0,0.1707,c1ccc2[nH]c(-c3ccncc3)nc2c1,0.5828
880,T7420,283159-90-0,COC(=O)CC(NC(=O)C(NC(=O)OC(C)C)C(C)C)c1ccc(Cl)cc1,C19H27ClN2O5,398.89,3.22,93.73,2,5,8,1,1,0.526,27,1,0,none,0.9915,1.0,0.9949,T7420,Bezafibrate,PPAR pan,泛 PPAR 弱激动剂，降低血浆与肝内甘油三酯,0.217,无明确优势骨架命中,,,0.0,0.2174,c1ccccc1,0.6062
881,T9153,32828-81-2,COc1ccc(C(=O)NCc2cccnc2)cc1C(=O)NCc1cccnc1,C21H20N4O3,376.42,2.35,93.21,2,5,7,3,3,0.143,28,0,0,none,0.9914,1.0,0.9948,T9153,Nicotinic acid (Niacin),HCAR2 / DGAT2,抑制脂肪组织脂解并弱抑制 DGAT2，减少肝内 VLDL 底物供应,0.312,无明确优势骨架命中,,,0.0,0.3125,O=C(NCc1cccnc1)c1cccc(C(=O)NCc2cccnc2)c1,0.6537
882,TYD-02843,2790095-60-0,CC(C)CC(=O)NS(=O)(=O)c1ccc(Br)cc1,C11H14BrNO3S,320.21,2.3,63.24,1,3,4,1,1,0.364,17,1,0,none,0.9911,1.0,0.9947,TYD-02843,L-Carnitine,CPT1 / 肉碱穿梭,肉碱穿梭底物，促进长链脂肪酸进入线粒体 beta-氧化,0.214,无明确优势骨架命中,,,0.0,0.2143,c1ccccc1,0.6045
883,T7276,271576-80-8,O=C(CO)N1CCC(c2[nH]nc(-c3ccc(Cl)cc3)c2-c2ccncn2)CC1,C20H20ClN5O2,397.87,2.89,95.0,2,5,4,3,4,0.3,28,1,0,none,0.9921,0.9985,0.9947,T7276,Ervogastat (PF-06865571),DGAT2,口服 DGAT2 抑制剂，降低肝内甘油三酯合成与 VLDL 分泌,0.217,无明确优势骨架命中,,,0.0,0.2169,c1ccc(-c2n[nH]c(C3CCNCC3)c2-c2ccncn2)cc1,0.6058
884,T12577,809272-64-8,N#Cc1ccc2cc(Br)c(C(F)(F)P(=O)(O)O)cc2c1,C12H7BrF2NO3P,362.07,3.7,81.32,2,2,2,2,2,0.083,20,3,0,none,0.991,1.0,0.9946,T12577,A-769662,"AMPK (direct, beta1)",直接变构激活 AMPK beta1 亚基，磷酸化 ACC1/2 抑制 DNL,0.145,无明确优势骨架命中,,,0.0,0.1449,c1ccc2ccccc2c1,0.5698
885,T60850,2756410-57-6,COc1ccc(C(=O)Nc2nnc(-c3ccco3)o2)c(Cl)c1,C14H10ClN3O4,319.7,3.24,90.39,1,6,4,3,3,0.071,22,1,0,none,1.0,0.9865,0.9946,T60850,GW4064,FXR,非甾体高效 FXR 激动剂工具化合物，抑制 DNL 相关转录程序,0.196,无明确优势骨架命中,,,0.0,0.1957,O=C(Nc1nnc(-c2ccco2)o1)c1ccccc1,0.5952
886,T13997,287399-47-7,CCCCOC(=O)CN1CCC(NC(=O)c2cc(Cl)c(N)cc2OC)CC1,C19H28ClN3O4,397.9,2.47,93.89,2,6,8,1,2,0.579,27,1,0,none,0.9909,1.0,0.9945,T13997,TVB-2640 (Denifanstat),FASN,脂肪酸合酶 beta-酮脂酰还原酶结构域抑制剂，直接阻断棕榈酸从头合成,0.239,无明确优势骨架命中,,,0.0,0.2391,O=C(NC1CCNCC1)c1ccccc1,0.6168
887,T2970,83-79-4,C=C(C)[C@H]1Cc2c(ccc3c2O[C@@H]2COc4cc(OC)c(OC)cc4[C@@H]2C3=O)O1,C23H22O6,394.42,3.7,63.22,0,6,3,2,5,0.348,29,0,0,none,0.9908,1.0,0.9945,T2970,Berberine,AMPK / PCSK9 / LDLR,原小檗碱型生物碱，激活 AMPK 并稳定 LDLR mRNA，HepG2 经典降脂阳性对照,0.22,无明确优势骨架命中,,,0.0,0.2195,O=C1c2ccc3c(c2OC2COc4ccccc4C12)CCO3,0.607
888,T68096,150869-74-2,O=C(Nc1ccc(Cl)c(Cl)c1)NS(=O)(=O)c1ccc2c(c1)CCO2,C15H12Cl2N2O4S,387.24,3.44,84.5,2,4,3,2,3,0.133,24,2,0,none,1.0,0.9863,0.9945,T68096,Lanifibranor,PPAR pan (alpha/delta/gamma),泛 PPAR 激动，促进 beta-氧化、抑制脂肪生成与炎症纤维化,0.236,无明确优势骨架命中,,,0.0,0.2361,O=C(Nc1ccccc1)NS(=O)(=O)c1ccc2c(c1)CCO2,0.6153
889,T6700,113712-98-4,COc1ccc2[nH]c(S(=O)Cc3ncc(C)c(OC)c3C)nc2n1,C16H18N4O3S,346.41,2.29,89.99,1,6,5,3,3,0.312,24,0,0,none,0.9906,1.0,0.9944,T6700,Trimetazidine,3-KAT (长链硫解酶),部分脂肪酸氧化抑制剂，代谢调节剂,0.167,无明确优势骨架命中,,,0.0,0.1667,O=S(Cc1ccccn1)c1nc2ncccc2[nH]1,0.5806
890,TN2073,32174-62-2,COc1cc(O)c2c(=O)cc(-c3ccc(OC)c(O)c3)oc2c1,C17H14O6,314.29,2.89,89.13,2,6,3,3,3,0.118,23,0,0,none,1.0,0.9861,0.9944,TN2073,Naringenin,PPAR-alpha / SREBP,柑橘黄烷酮，抑制脂肪生成基因并促进脂肪酸氧化,0.197,黄酮/黄烷酮母核,AMPK / SREBP-1c,黄酮类多酚激活 AMPK-SIRT1 轴，抑制 SREBP-1c/FAS/ACC 表达并促进脂噬,0.6,0.4667,O=c1cc(-c2ccccc2)oc2ccccc12,0.7306
891,T10163,4712-12-3,COc1ccc(-c2cc(=O)c3c(O)cc(O)cc3o2)cc1OC,C17H14O6,314.29,2.89,89.13,2,6,3,3,3,0.118,23,0,0,none,1.0,0.9861,0.9944,T10163,Naringenin,PPAR-alpha / SREBP,柑橘黄烷酮，抑制脂肪生成基因并促进脂肪酸氧化,0.237,黄酮/黄烷酮母核,AMPK / SREBP-1c,黄酮类多酚激活 AMPK-SIRT1 轴，抑制 SREBP-1c/FAS/ACC 表达并促进脂噬,0.6,0.5073,O=c1cc(-c2ccccc2)oc2ccccc12,0.7508
892,T60821,948044-25-5,COC(=O)Oc1ccc(C(OC(=O)OC)c2ccccc2)cc1,C17H16O6,316.31,3.7,71.06,0,6,4,2,2,0.176,23,0,0,none,0.9907,1.0,0.9944,T60821,Salicylate,"AMPK (direct, beta1)",直接结合 AMPK beta1 变构位点，抑制脂肪生成,0.237,无明确优势骨架命中,,,0.0,0.2368,c1ccc(Cc2ccccc2)cc1,0.6156
893,TN1622,20869-95-8,COc1ccc(-c2oc3cc(O)cc(O)c3c(=O)c2OC)cc1,C17H14O6,314.29,2.89,89.13,2,6,3,3,3,0.118,23,0,0,none,1.0,0.9861,0.9944,TN1622,Naringenin,PPAR-alpha / SREBP,柑橘黄烷酮，抑制脂肪生成基因并促进脂肪酸氧化,0.217,黄酮/黄烷酮母核,AMPK / SREBP-1c,黄酮类多酚激活 AMPK-SIRT1 轴，抑制 SREBP-1c/FAS/ACC 表达并促进脂噬,0.6,0.4867,O=c1cc(-c2ccccc2)oc2ccccc12,0.7406
894,TN1839,3301-49-3,COc1cc(O)c2c(=O)c(OC)c(-c3ccc(O)cc3)oc2c1,C17H14O6,314.29,2.89,89.13,2,6,3,3,3,0.118,23,0,0,none,1.0,0.9861,0.9944,TN1839,Naringenin,PPAR-alpha / SREBP,柑橘黄烷酮，抑制脂肪生成基因并促进脂肪酸氧化,0.241,黄酮/黄烷酮母核,AMPK / SREBP-1c,黄酮类多酚激活 AMPK-SIRT1 轴，抑制 SREBP-1c/FAS/ACC 表达并促进脂噬,0.6,0.5114,O=c1cc(-c2ccccc2)oc2ccccc12,0.7529
895,TN2898,15486-33-6,COc1ccc(-c2oc3cc(OC)cc(O)c3c(=O)c2O)cc1,C17H14O6,314.29,2.89,89.13,2,6,3,3,3,0.118,23,0,0,none,1.0,0.9861,0.9944,TN2898,Naringenin,PPAR-alpha / SREBP,柑橘黄烷酮，抑制脂肪生成基因并促进脂肪酸氧化,0.224,黄酮/黄烷酮母核,AMPK / SREBP-1c,黄酮类多酚激活 AMPK-SIRT1 轴，抑制 SREBP-1c/FAS/ACC 表达并促进脂噬,0.6,0.4941,O=c1cc(-c2ccccc2)oc2ccccc12,0.7442
896,TN1035,2345-17-7,COc1ccc(-c2coc3cc(O)c(OC)c(O)c3c2=O)cc1,C17H14O6,314.29,2.89,89.13,2,6,3,3,3,0.118,23,0,0,none,1.0,0.9861,0.9944,TN1035,A-769662,"AMPK (direct, beta1)",直接变构激活 AMPK beta1 亚基，磷酸化 ACC1/2 抑制 DNL,0.206,无明确优势骨架命中,,,0.0,0.2059,O=c1c(-c2ccccc2)coc2ccccc12,0.6002
897,T6S0413,520-12-7,COc1ccc(-c2cc(=O)c3c(O)c(OC)c(O)cc3o2)cc1,C17H14O6,314.29,2.89,89.13,2,6,3,3,3,0.118,23,0,0,none,1.0,0.9861,0.9944,T6S0413,Naringenin,PPAR-alpha / SREBP,柑橘黄烷酮，抑制脂肪生成基因并促进脂肪酸氧化,0.177,黄酮/黄烷酮母核,AMPK / SREBP-1c,黄酮类多酚激活 AMPK-SIRT1 轴，抑制 SREBP-1c/FAS/ACC 表达并促进脂噬,0.6,0.4474,O=c1cc(-c2ccccc2)oc2ccccc12,0.7209
898,T22106,10179-57-4,NS(=O)(=O)c1ccc(N2N=C(c3ccccc3)CC2c2ccccc2)cc1,C21H19N3O2S,377.47,3.69,75.76,1,4,4,3,4,0.095,27,0,0,none,0.992,0.998,0.9944,T22106,Salicylate,"AMPK (direct, beta1)",直接结合 AMPK beta1 变构位点，抑制脂肪生成,0.167,无明确优势骨架命中,,,0.0,0.1667,c1ccc(C2=NN(c3ccccc3)C(c3ccccc3)C2)cc1,0.5806
899,TQ0119,6601-62-3,COc1cc2oc(-c3ccc(O)cc3)cc(=O)c2c(O)c1OC,C17H14O6,314.29,2.89,89.13,2,6,3,3,3,0.118,23,0,0,none,1.0,0.9861,0.9944,TQ0119,Naringenin,PPAR-alpha / SREBP,柑橘黄烷酮，抑制脂肪生成基因并促进脂肪酸氧化,0.217,黄酮/黄烷酮母核,AMPK / SREBP-1c,黄酮类多酚激活 AMPK-SIRT1 轴，抑制 SREBP-1c/FAS/ACC 表达并促进脂噬,0.6,0.4867,O=c1cc(-c2ccccc2)oc2ccccc12,0.7406
900,T14022,833481-73-5,CC(C)(C)n1nc(Cc2ccccc2O)c2c(N)ncnc21,C16H19N5O,297.36,2.46,89.85,2,5,2,3,3,0.312,22,0,0,none,0.9996,0.9864,0.9943,T14022,Salicylate,"AMPK (direct, beta1)",直接结合 AMPK beta1 变构位点，抑制脂肪生成,0.176,无明确优势骨架命中,,,0.0,0.1765,c1ccc(Cc2n[nH]c3ncncc23)cc1,0.5854
901,T88331,38485-94-8,COc1ccc(NC(=O)c2cc3cc(Cl)ccc3oc2=O)cc1,C17H12ClNO4,329.74,3.71,68.54,1,4,3,3,3,0.059,23,1,0,none,0.9904,1.0,0.9943,T88331,Fenofibric acid,PPAR-alpha,激活 PPAR-alpha 上调 CPT1/ACOX1，增强线粒体与过氧化物酶体脂肪酸氧化,0.237,无明确优势骨架命中,,,0.0,0.2373,O=C(Nc1ccccc1)c1cc2ccccc2oc1=O,0.6158
902,T21762,1198408-78-4,O=C(Nc1ccccc1Cl)c1cnc2ccc(C3CCNCC3)cn12,C19H19ClN4O,354.84,3.71,58.43,2,3,3,3,4,0.263,25,1,0,none,0.9905,1.0,0.9943,T21762,TVB-2640 (Denifanstat),FASN,脂肪酸合酶 beta-酮脂酰还原酶结构域抑制剂，直接阻断棕榈酸从头合成,0.239,无明确优势骨架命中,,,0.0,0.2386,O=C(Nc1ccccc1)c1cnc2ccc(C3CCNCC3)cn12,0.6164
903,T6604,170151-24-3,NCc1c[nH]c(=S)n1[C@H]1CCc2c(F)cc(F)cc2C1,C14H15F2N3S,295.36,3.01,46.74,2,2,2,2,3,0.357,20,2,0,none,0.9966,0.9908,0.9943,T6604,Ezetimibe,NPC1L1,抑制胆固醇再摄取，降低肝内胆固醇酯负荷,0.103,无明确优势骨架命中,,,0.0,0.1026,S=c1[nH]ccn1C1CCc2ccccc2C1,0.5484
904,T9245,351424-20-9,O=C(COc1ccccc1Cl)Nc1cc(Cl)ccc1C(=O)O,C15H11Cl2NO4,340.16,3.71,75.63,2,3,5,2,2,0.067,22,2,0,none,0.9903,1.0,0.9942,T9245,Salicylate,"AMPK (direct, beta1)",直接结合 AMPK beta1 变构位点，抑制脂肪生成,0.261,无明确优势骨架命中,,,0.0,0.2609,O=C(COc1ccccc1)Nc1ccccc1,0.6276
905,T7726,43121-43-3,CC(C)(C)C(=O)C(Oc1ccc(Cl)cc1)n1cncn1,C14H16ClN3O2,293.75,3.12,57.01,0,4,4,2,2,0.357,20,1,0,none,1.0,0.9853,0.9941,T7726,Fenofibric acid,PPAR-alpha,激活 PPAR-alpha 上调 CPT1/ACOX1，增强线粒体与过氧化物酶体脂肪酸氧化,0.38,无明确优势骨架命中,,,0.0,0.38,c1ccc(OCn2cncn2)cc1,0.687
906,T9611,1962178-27-3,COc1ccc(-c2ocnc2C(=O)NCCCn2cncn2)cc1Cl,C16H16ClN5O3,361.79,2.42,95.07,1,6,7,3,3,0.25,25,1,0,none,0.9902,1.0,0.9941,T9611,Bezafibrate,PPAR pan,泛 PPAR 弱激动剂，降低血浆与肝内甘油三酯,0.207,无明确优势骨架命中,,,0.0,0.2073,O=C(NCCCn1cncn1)c1ncoc1-c1ccccc1,0.6007
907,T2636,944842-54-0,CC[C@@](C)(Nc1ccnc(-c2c[nH]c3ncccc23)n1)C(=O)NCC(F)(F)F,C18H19F3N6O,392.39,3.28,95.59,3,5,6,3,3,0.333,28,3,0,none,0.9901,1.0,0.9941,T2636,Nicotinic acid (Niacin),HCAR2 / DGAT2,抑制脂肪组织脂解并弱抑制 DGAT2，减少肝内 VLDL 底物供应,0.19,无明确优势骨架命中,,,0.0,0.1905,c1cnc(-c2c[nH]c3ncccc23)nc1,0.5923
908,T9967,359714-55-9,COc1nn(-c2ccc(NC(=O)OCc3ccccc3)c(C)c2)c(=O)o1,C18H17N3O5,355.35,2.89,95.59,1,6,5,3,3,0.167,26,0,0,none,0.9901,1.0,0.9941,T9967,Ranolazine,pFOX / 晚钠电流,部分脂肪酸氧化抑制，改善代谢底物利用,0.232,无明确优势骨架命中,,,0.0,0.2317,O=C(Nc1ccc(-n2ncoc2=O)cc1)OCc1ccccc1,0.6129
909,T1878,284028-89-3,O=c1[nH]c(-c2ccc(C(F)(F)F)cc2)nc2c1CSCC2,C14H11F3N2OS,312.32,3.25,45.75,1,3,1,2,3,0.286,21,3,0,none,0.9902,1.0,0.9941,T1878,GW501516,PPAR-delta,PPAR-delta 选择性激动，提升肝与骨骼肌脂肪酸氧化,0.221,无明确优势骨架命中,,,0.0,0.2208,O=c1[nH]c(-c2ccccc2)nc2c1CSCC2,0.6074
910,T11344,2369751-30-2,Nc1ccc(-c2cc(Cl)c(Cl)c3[nH]c4c(c23)CN(C(=O)CO)CC4)cn1,C18H16Cl2N4O2,391.26,3.0,95.24,3,4,2,3,4,0.222,26,2,0,none,0.9913,0.9982,0.9941,T11344,Lanifibranor,PPAR pan (alpha/delta/gamma),泛 PPAR 激动，促进 beta-氧化、抑制脂肪生成与炎症纤维化,0.193,无明确优势骨架命中,,,0.0,0.1928,c1cncc(-c2cccc3[nH]c4c(c23)CNCC4)c1,0.5934
911,T32872,42863-81-0,O=C1Nc2ccc(Cl)nc2C(c2ccccc2Cl)=NC1O,C14H9Cl2N3O2,322.15,2.5,74.58,2,4,1,2,3,0.071,21,2,0,none,0.9959,0.9913,0.9941,T32872,Rosiglitazone,PPAR-gamma,TZD 类 PPAR-gamma 全激动剂，改善胰岛素抵抗与肝内脂肪蓄积,0.173,无明确优势骨架命中,,,0.0,0.1733,O=C1CN=C(c2ccccc2)c2ncccc2N1,0.5837
912,T23889,578723-96-3,CCOc1ccc(C2=Nn3c(nnc3-c3ccccc3OC)SC2)cc1,C19H18N4O2S,366.45,3.71,61.53,0,6,5,3,4,0.211,26,0,0,none,0.9901,1.0,0.9941,T23889,Ranolazine,pFOX / 晚钠电流,部分脂肪酸氧化抑制，改善代谢底物利用,0.225,无明确优势骨架命中,,,0.0,0.225,c1ccc(C2=Nn3c(nnc3-c3ccccc3)SC2)cc1,0.6096
913,T7163,1301214-47-0,Cc1nc2ccc(C(=O)N3CCC4(CC3)CC(=O)c3c(cnn3C(C)C)C4)cc2[nH]1,C23H27N5O2,405.5,3.7,83.88,1,4,2,3,5,0.478,30,0,0,none,0.9911,0.9986,0.9941,T7163,PF-06424439 (DGAT2i),DGAT2,二酰甘油酰基转移酶2 抑制剂，直接阻断甘油三酯酯化终末步骤,0.193,哌嗪/哌啶杂芳基甲酰胺,SCD1 / DGAT2,脂质酶抑制剂常见的环胺-酰胺连接模式，倾向作用于 SCD1/DGAT2 等内质网膜结合型脂质合成酶,0.55,0.4403,O=C1CC2(CCN(C(=O)c3ccc4nc[nH]c4c3)CC2)Cc2cn[nH]c21,0.7172
914,T2278,152811-62-6,CCCCN1CCC(CNC(=O)c2c3n(c4ccccc24)CCCO3)CC1,C22H31N3O2,369.51,3.67,46.5,1,3,6,2,4,0.591,27,0,0,none,0.99,1.0,0.994,T2278,C75,FASN,alpha-亚甲基-gamma-丁内酯类 FASN 抑制剂，同时升高丙二酰辅酶A,0.192,无明确优势骨架命中,,,0.0,0.1918,O=C(NCC1CCNCC1)c1c2n(c3ccccc13)CCCO2,0.5929
915,T7954,191219-80-4,CCc1ccc2c(-c3cccc(Cl)c3)nc(=O)n(CC)c2n1,C17H16ClN3O,313.79,3.69,47.78,0,3,3,3,3,0.235,22,1,0,none,0.99,1.0,0.994,T7954,Pioglitazone,PPAR-gamma,噻唑烷二酮胰岛素增敏剂，促进脂肪组织脂质再分布、降低肝细胞脂毒性,0.173,无明确优势骨架命中,,,0.0,0.1733,O=c1nc(-c2ccccc2)c2cccnc2[nH]1,0.5836
916,T16844,78771-13-8,CCOC(=O)c1ncn2c1CN(C)C(=O)c1c(Cl)cccc1-2,C15H14ClN3O3,319.75,2.29,64.43,0,4,2,2,3,0.267,22,1,0,none,0.99,1.0,0.994,T16844,GW4064,FXR,非甾体高效 FXR 激动剂工具化合物，抑制 DNL 相关转录程序,0.233,哌嗪/哌啶杂芳基甲酰胺,SCD1 / DGAT2,脂质酶抑制剂常见的环胺-酰胺连接模式，倾向作用于 SCD1/DGAT2 等内质网膜结合型脂质合成酶,0.55,0.4808,O=C1NCc2cncn2-c2ccccc21,0.7374
917,T77593,2566715-93-1,O=C(c1ccc(OCCCN2CCN(c3ccncc3)CC2)cc1)C1CC1,C22H27N3O2,365.48,3.27,45.67,0,5,8,2,4,0.455,27,0,0,none,0.99,1.0,0.994,T77593,Ervogastat (PF-06865571),DGAT2,口服 DGAT2 抑制剂，降低肝内甘油三酯合成与 VLDL 分泌,0.274,无明确优势骨架命中,,,0.0,0.274,O=C(c1ccc(OCCCN2CCN(c3ccncc3)CC2)cc1)C1CC1,0.634
918,T14694,945771-74-4,COc1cc(C(=O)c2c(C)oc3c(O)c(OC)ccc23)cc(OC)c1OC,C20H20O7,372.37,3.71,87.36,1,7,6,3,3,0.25,27,0,0,none,0.99,1.0,0.994,T14694,Berberine,AMPK / PCSK9 / LDLR,原小檗碱型生物碱，激活 AMPK 并稳定 LDLR mRNA，HepG2 经典降脂阳性对照,0.214,无明确优势骨架命中,,,0.0,0.2143,O=C(c1ccccc1)c1coc2ccccc12,0.6042
919,T1619,25332-39-2,O=c1n(CCCN2CCN(c3cccc(Cl)c3)CC2)nc2ccccn12,C19H22ClN5O,371.87,2.36,45.78,0,4,5,3,4,0.368,26,1,0,none,0.9901,1.0,0.994,T1619;T22442,Ranolazine,pFOX / 晚钠电流,部分脂肪酸氧化抑制，改善代谢底物利用,0.157,无明确优势骨架命中,,,0.0,0.1566,O=c1n(CCCN2CCN(c3ccccc3)CC2)nc2ccccn12,0.5753
920,T2482,1056901-62-2,NC[C@@](O)(c1ccc(Cl)cc1)c1ccc(-c2cn[nH]c2)cc1,C17H16ClN3O,313.79,2.92,74.93,3,3,4,3,3,0.118,22,1,0,none,1.0,0.9849,0.994,T2482,Bezafibrate,PPAR pan,泛 PPAR 弱激动剂，降低血浆与肝内甘油三酯,0.206,无明确优势骨架命中,,,0.0,0.2063,c1ccc(Cc2ccc(-c3cn[nH]c3)cc2)cc1,0.6002
921,T22996,931695-79-3,Cc1ccc(C2(C(=O)N3CCC(n4nc(-c5ccccc5)oc4=O)CC3)CC2)cc1,C24H25N3O3,403.48,3.71,68.34,0,4,4,3,5,0.375,30,0,0,none,0.9905,0.9992,0.994,T22996,PF-06424439 (DGAT2i),DGAT2,二酰甘油酰基转移酶2 抑制剂，直接阻断甘油三酯酯化终末步骤,0.192,无明确优势骨架命中,,,0.0,0.1923,O=C(N1CCC(n2nc(-c3ccccc3)oc2=O)CC1)C1(c2ccccc2)CC1,0.5932
922,T22460,1628614-50-5,CN1C(=O)c2ccccc2N(C)c2nc(Nc3cnn(C4CCNCC4)c3)ncc21,C21H24N8O,404.48,2.7,91.21,2,7,3,3,5,0.333,30,0,0,none,0.9995,0.9854,0.9939,T22460;T9191,Rosiglitazone,PPAR-gamma,TZD 类 PPAR-gamma 全激动剂，改善胰岛素抵抗与肝内脂肪蓄积,0.157,哌嗪/哌啶杂芳基甲酰胺,SCD1 / DGAT2,脂质酶抑制剂常见的环胺-酰胺连接模式，倾向作用于 SCD1/DGAT2 等内质网膜结合型脂质合成酶,0.55,0.4048,O=C1Nc2cnc(Nc3cnn(C4CCNCC4)c3)nc2Nc2ccccc21,0.6994
923,T5129,2070014-88-7,O=C(NC1CCCCC1)N(Cc1ccccc1)CC1CCNCC1,C20H31N3O,329.49,3.53,44.37,2,2,5,1,3,0.65,24,0,0,none,0.9898,1.0,0.9939,T4283;T5129,Perhexiline,CPT1/CPT2 (抑制剂),CPT 抑制剂，代谢转向葡萄糖氧化；已知具肝毒性风险，用作毒性锚点,0.19,无明确优势骨架命中,,,0.0,0.1897,O=C(NC1CCCCC1)N(Cc1ccccc1)CC1CCNCC1,0.5918
924,T5179,1220646-23-0,CNc1nn2c(C)c(N(C)C)c(C)nc2c1S(=O)(=O)c1ccccc1,C17H21N5O2S,359.46,2.29,79.6,1,6,4,3,3,0.294,25,0,0,none,0.9899,1.0,0.9939,T5179,Lanifibranor,PPAR pan (alpha/delta/gamma),泛 PPAR 激动，促进 beta-氧化、抑制脂肪生成与炎症纤维化,0.143,无明确优势骨架命中,,,0.0,0.1429,O=S(=O)(c1ccccc1)c1cnn2cccnc12,0.5684
925,T9758,311787-85-6,O=C(CSc1nc2ccccc2[nH]1)Nc1ccc(Cl)cn1,C14H11ClN4OS,318.79,3.34,70.67,2,4,4,3,3,0.071,21,1,0,none,1.0,0.9846,0.9938,T9758,Ervogastat (PF-06865571),DGAT2,口服 DGAT2 抑制剂，降低肝内甘油三酯合成与 VLDL 分泌,0.208,无明确优势骨架命中,,,0.0,0.2078,O=C(CSc1nc2ccccc2[nH]1)Nc1ccccn1,0.6008
926,T4297,167933-07-5,O=c1[nH]c2ccccc2n1CCN1CCN(c2cccc(C(F)(F)F)c2)CC1,C20H21F3N4O,390.41,3.17,44.27,1,3,4,3,4,0.35,28,3,0,none,0.9896,1.0,0.9938,T4297,Ervogastat (PF-06865571),DGAT2,口服 DGAT2 抑制剂，降低肝内甘油三酯合成与 VLDL 分泌,0.173,无明确优势骨架命中,,,0.0,0.1728,O=c1[nH]c2ccccc2n1CCN1CCN(c2ccccc2)CC1,0.5833
927,T2376,950455-15-9,Clc1cccc(CNC2=Nc3ccccc3NC23CCNCC3)c1,C19H21ClN4,340.86,3.71,48.45,3,4,2,2,4,0.316,24,1,0,none,0.9896,1.0,0.9938,T2376,Trimetazidine,3-KAT (长链硫解酶),部分脂肪酸氧化抑制剂，代谢调节剂,0.132,无明确优势骨架命中,,,0.0,0.1324,c1ccc(CNC2=Nc3ccccc3NC23CCNCC3)cc1,0.5631
928,T10858,314248-24-3,Cc1ccc(S(=O)(=O)N=Cc2c(O)ccc3ccccc23)cc1,C18H15NO3S,325.39,3.66,66.73,1,3,3,3,3,0.056,23,0,0,none,0.9942,0.9931,0.9937,T10858,Salicylate,"AMPK (direct, beta1)",直接结合 AMPK beta1 变构位点，抑制脂肪生成,0.196,无明确优势骨架命中,,,0.0,0.1957,O=S(=O)(N=Cc1cccc2ccccc12)c1ccccc1,0.5947
929,T6284,912999-49-6,CC(C)c1cc(C(=O)N2Cc3ccc(CN4CCN(C)CC4)cc3C2)c(O)cc1O,C24H31N3O3,409.53,3.12,67.25,2,5,4,2,4,0.458,30,0,0,none,1.0,0.9842,0.9937,T6284,Lanifibranor,PPAR pan (alpha/delta/gamma),泛 PPAR 激动，促进 beta-氧化、抑制脂肪生成与炎症纤维化,0.227,哌嗪/哌啶杂芳基甲酰胺,SCD1 / DGAT2,脂质酶抑制剂常见的环胺-酰胺连接模式，倾向作用于 SCD1/DGAT2 等内质网膜结合型脂质合成酶,0.55,0.4742,O=C(c1ccccc1)N1Cc2ccc(CN3CCNCC3)cc2C1,0.734
930,T11028,1644156-56-8,Cc1c(C(O)c2ccccc2)c(OC(C)C)nn1-c1ncc(C2CC2)cn1,C21H24N4O2,364.45,3.72,73.06,1,5,6,3,4,0.381,27,0,0,none,0.9895,1.0,0.9937,T11028,TVB-2640 (Denifanstat),FASN,脂肪酸合酶 beta-酮脂酰还原酶结构域抑制剂，直接阻断棕榈酸从头合成,0.218,无明确优势骨架命中,,,0.0,0.2184,c1ccc(Cc2cnn(-c3ncc(C4CC4)cn3)c2)cc1,0.606
931,T3276,5003-48-5,CC(=O)Nc1ccc(OC(=O)c2ccccc2OC(C)=O)cc1,C17H15NO5,313.31,2.79,81.7,1,5,4,2,2,0.118,23,0,0,none,1.0,0.9837,0.9935,T3276,Salicylate,"AMPK (direct, beta1)",直接结合 AMPK beta1 变构位点，抑制脂肪生成,0.233,无明确优势骨架命中,,,0.0,0.2326,O=C(Oc1ccccc1)c1ccccc1,0.613
932,T23867,1330781-04-8,Cc1n[nH]cc1-c1cc2[nH]c(CN3CCCC3)nc(=O)c2s1,C15H17N5OS,315.4,2.28,77.67,2,5,3,3,4,0.4,22,0,0,none,0.9891,1.0,0.9935,T23867,Trimetazidine,3-KAT (长链硫解酶),部分脂肪酸氧化抑制剂，代谢调节剂,0.197,无明确优势骨架命中,,,0.0,0.197,O=c1nc(CN2CCCC2)[nH]c2cc(-c3cn[nH]c3)sc12,0.5953
933,T73499,2598242-66-9,CCOc1ccc(-c2cc(OC)cc(C(=O)OC(C)C)n2)cc1,C18H21NO4,315.37,3.72,57.65,0,5,6,2,2,0.333,23,0,0,none,0.9891,1.0,0.9935,T73499,Etomoxir,CPT1a (抑制剂/阴性对照),CPT1 不可逆抑制剂，作为脂肪酸氧化通路机制阴性对照,0.224,无明确优势骨架命中,,,0.0,0.2239,c1ccc(-c2ccccn2)cc1,0.6087
934,T68046,33453-23-5,COc1ccc2c(c1)c(-c1ccccc1)nc(=O)n2CC1CC1,C19H18N2O2,306.37,3.48,44.12,0,3,4,3,4,0.263,23,0,0,none,0.9891,1.0,0.9935,T68046,Telmisartan,PPAR-gamma partial / AT1R,AT1 受体拮抗兼 PPAR-gamma 部分激动，文献报道减轻肝细胞脂肪变,0.18,无明确优势骨架命中,,,0.0,0.1798,O=c1nc(-c2ccccc2)c2ccccc2n1CC1CC1,0.5866
935,T5829,848217-00-5,Cc1nc(N2CCN(C)CC2)c2oc3ccc(Cl)cc3c2n1,C16H17ClN4O,316.79,3.09,45.4,0,5,1,3,4,0.375,22,1,0,none,0.9892,1.0,0.9935,T5829,Lanifibranor,PPAR pan (alpha/delta/gamma),泛 PPAR 激动，促进 beta-氧化、抑制脂肪生成与炎症纤维化,0.162,无明确优势骨架命中,,,0.0,0.1622,c1ccc2c(c1)oc1c(N3CCNCC3)ncnc12,0.5778
936,T67900,904457-46-1,Cc1ccc2oc(=O)c3cc(C(=O)NC(C)C)sc3c2c1,C16H15NO3S,301.37,3.45,59.31,1,4,2,3,3,0.25,21,0,0,none,1.0,0.9837,0.9935,T67900,Gemfibrozil,PPAR-alpha,苯氧戊酸类 PPAR-alpha 激动剂，抑制肝脏 VLDL-TG 分泌,0.206,无明确优势骨架命中,,,0.0,0.2063,O=c1oc2ccccc2c2sccc12,0.5999
937,T22437,107902-67-0,CC(C)(C)c1cc(CC2SCNC2=O)cc(C(C)(C)C)c1O,C18H27NO2S,321.49,3.72,49.33,2,3,2,1,2,0.611,22,0,0,none,0.9892,1.0,0.9935,T22437,Rosiglitazone,PPAR-gamma,TZD 类 PPAR-gamma 全激动剂，改善胰岛素抵抗与肝内脂肪蓄积,0.254,无明确优势骨架命中,,,0.0,0.2537,O=C1NCSC1Cc1ccccc1,0.6236
938,T0773,144060-53-7,Cc1nc(-c2ccc(OCC(C)C)c(C#N)c2)sc1C(=O)O,C16H16N2O3S,316.38,3.72,83.21,1,5,5,2,2,0.312,22,0,0,none,0.9889,1.0,0.9934,T0773,GW501516,PPAR-delta,PPAR-delta 选择性激动，提升肝与骨骼肌脂肪酸氧化,0.325,无明确优势骨架命中,,,0.0,0.3247,c1ccc(-c2nccs2)cc1,0.659
939,T77753,394668-43-0,CC(=NNC(=O)c1cccc(Br)c1)c1ccccn1,C14H12BrN3O,318.17,3.0,54.35,1,3,3,2,2,0.071,19,1,0,none,1.0,0.9833,0.9933,T77753,Nicotinic acid (Niacin),HCAR2 / DGAT2,抑制脂肪组织脂解并弱抑制 DGAT2，减少肝内 VLDL 底物供应,0.22,无明确优势骨架命中,,,0.0,0.22,O=C(NN=Cc1ccccn1)c1ccccc1,0.6066
940,T9079,2559703-06-7,CN1CCN=C1SC(C(=O)NC1CCCCCC1)c1ccccc1,C19H27N3OS,345.51,3.6,44.7,1,4,4,1,3,0.579,24,0,0,none,0.9888,1.0,0.9933,T9079,TVB-2640 (Denifanstat),FASN,脂肪酸合酶 beta-酮脂酰还原酶结构域抑制剂，直接阻断棕榈酸从头合成,0.193,无明确优势骨架命中,,,0.0,0.1932,O=C(NC1CCCCCC1)C(SC1=NCCN1)c1ccccc1,0.5932
941,T40249,2623158-64-3,CN1CCc2cc(Nc3ncc(C(F)(F)F)c(NCc4cc[nH]n4)n3)ccc2C1,C19H20F3N7,403.41,3.56,81.76,3,6,5,3,4,0.316,29,3,0,none,0.9991,0.9846,0.9933,T40249,Ervogastat (PF-06865571),DGAT2,口服 DGAT2 抑制剂，降低肝内甘油三酯合成与 VLDL 分泌,0.174,无明确优势骨架命中,,,0.0,0.1739,c1cc(NCc2cc[nH]n2)nc(Nc2ccc3c(c2)CCNC3)n1,0.5836
942,T14978,307002-71-7,O=C(NCCCCN1CCOCC1)c1cc2ccccc2o1,C17H22N2O3,302.37,2.28,54.71,1,4,6,2,3,0.471,22,0,0,none,0.9888,1.0,0.9933,T14978,TVB-2640 (Denifanstat),FASN,脂肪酸合酶 beta-酮脂酰还原酶结构域抑制剂，直接阻断棕榈酸从头合成,0.198,无明确优势骨架命中,,,0.0,0.1977,O=C(NCCCCN1CCOCC1)c1cc2ccccc2o1,0.5955
943,T6349L,127254-12-0,N[C@@H]1CN(c2c(F)cc3c(=O)c(C(=O)O)cn([C@@H]4C[C@@H]4F)c3c2Cl)CC12CC2,C19H18ClF2N3O3,409.82,2.7,88.56,2,4,3,2,5,0.474,28,3,0,none,1.0,0.9832,0.9933,T6349;T6349L,ACC inhibitor chemotype (firsocostat-like proxy),ACC1/ACC2,变构抑制乙酰辅酶A羧化酶，降低丙二酰辅酶A、阻断新发脂质合成(DNL)并解除 CPT1 抑制,0.138,无明确优势骨架命中,,,0.0,0.1383,O=c1ccn(C2CC2)c2cc(N3CCC4(CC4)C3)ccc12,0.5658
944,T8899,22664-55-7,CC(=O)Oc1c(C)cc(OCC(O)CNC(C)C)c(C)c1C,C17H27NO4,309.41,2.27,67.79,2,5,7,1,1,0.588,22,0,0,none,0.9887,1.0,0.9932,T8899,Ranolazine,pFOX / 晚钠电流,部分脂肪酸氧化抑制，改善代谢底物利用,0.271,无明确优势骨架命中,,,0.0,0.2714,c1ccccc1,0.6323
945,TN1878,151752-08-8,COc1cc(O)cc(OC)c1CCC(=O)c1ccc(O)cc1,C17H18O5,302.33,2.93,75.99,2,5,6,2,2,0.235,22,0,0,none,1.0,0.9829,0.9932,TN1878,Naringenin,PPAR-alpha / SREBP,柑橘黄烷酮，抑制脂肪生成基因并促进脂肪酸氧化,0.222,无明确优势骨架命中,,,0.0,0.2222,O=C(CCc1ccccc1)c1ccccc1,0.6077
946,T22379L,,O=C(c1ccc(F)c(Cl)c1)N1CCC(F)(CNCCOc2ccccn2)CC1,C20H22ClF2N3O2,409.86,3.49,54.46,1,4,7,2,3,0.4,28,3,0,none,1.0,0.983,0.9932,T22379L,Ervogastat (PF-06865571),DGAT2,口服 DGAT2 抑制剂，降低肝内甘油三酯合成与 VLDL 分泌,0.193,哌嗪/哌啶杂芳基甲酰胺,SCD1 / DGAT2,脂质酶抑制剂常见的环胺-酰胺连接模式，倾向作用于 SCD1/DGAT2 等内质网膜结合型脂质合成酶,0.55,0.4407,O=C(c1ccccc1)N1CCC(CNCCOc2ccccn2)CC1,0.717
947,T21318,131179-95-8,Cc1cc(C)cc(NC(=O)Cc2ccc(OC(C)(C)C(=O)O)cc2)c1,C20H23NO4,341.41,3.73,75.63,2,3,6,2,2,0.3,25,0,0,none,0.9886,1.0,0.9932,T21318;T6482,Bezafibrate,PPAR pan,泛 PPAR 弱激动剂，降低血浆与肝内甘油三酯,0.429,芳氧基异丁酸 (贝特类头基),PPAR-alpha,贝特类酸性头基激动 PPAR-alpha，转录上调 CPT1A/ACOX1/FGF21，增强线粒体与过氧化物酶体脂肪酸 beta-氧化，降低肝内 TG,0.9,0.8336,O=C(Cc1ccccc1)Nc1ccccc1,0.9134
948,T6266,172889-27-9,CC(C)(C)n1nc(-c2ccc(Cl)cc2)c2c(N)ncnc21,C15H16ClN5,301.78,3.48,69.62,1,4,1,3,3,0.267,21,1,0,none,0.9959,0.9891,0.9932,T6266,Fenofibric acid,PPAR-alpha,激活 PPAR-alpha 上调 CPT1/ACOX1，增强线粒体与过氧化物酶体脂肪酸氧化,0.196,无明确优势骨架命中,,,0.0,0.1964,c1ccc(-c2n[nH]c3ncncc23)cc1,0.5948
949,T60856,2796282-58-9,O=C(Cc1ccc(C(=O)NO)cc1)Nc1ccc2ccccc2c1,C19H16N2O3,320.35,3.14,78.43,3,3,4,3,3,0.053,24,0,0,none,1.0,0.9831,0.9932,T60856,Bezafibrate,PPAR pan,泛 PPAR 弱激动剂，降低血浆与肝内甘油三酯,0.238,无明确优势骨架命中,,,0.0,0.2381,O=C(Cc1ccccc1)Nc1ccc2ccccc2c1,0.6156
950,T67893,86109-60-6,O=C(CSc1nc2ccccc2s1)Nc1ccc(C(=O)O)cc1,C16H12N2O3S2,344.42,3.73,79.29,2,5,5,3,3,0.062,23,0,0,none,0.9887,1.0,0.9932,T67893,Nicotinic acid (Niacin),HCAR2 / DGAT2,抑制脂肪组织脂解并弱抑制 DGAT2，减少肝内 VLDL 底物供应,0.235,无明确优势骨架命中,,,0.0,0.2353,O=C(CSc1nc2ccccc2s1)Nc1ccccc1,0.6142
951,T81637,2272917-13-0,CC(C)OC(=O)[C@@H](Cc1ncccn1)OC(=O)Nc1c2c(cc3c1CCC3)CCC2,C23H27N3O4,409.49,3.57,90.41,1,6,6,2,4,0.478,30,0,0,none,0.999,0.9844,0.9931,T81637,Ranolazine,pFOX / 晚钠电流,部分脂肪酸氧化抑制，改善代谢底物利用,0.2,无明确优势骨架命中,,,0.0,0.2,O=C(Nc1c2c(cc3c1CCC3)CCC2)OCCc1ncccn1,0.5966
952,T16037,224169-27-1,COc1ccc2c3c1O[C@H]1C[C@@H](OC(=O)c4ccccc4)C=C[C@@]31CCN(C)C2,C24H25NO4,391.47,3.72,48.0,0,5,3,2,5,0.375,29,0,0,none,0.9884,1.0,0.9931,T16037,Ranolazine,pFOX / 晚钠电流,部分脂肪酸氧化抑制，改善代谢底物利用,0.227,无明确优势骨架命中,,,0.0,0.2273,O=C(OC1C=CC23CCNCc4cccc(c42)OC3C1)c1ccccc1,0.6102
953,T72020,1010096-65-7,CN(C)C(=O)n1nnc(Cc2ccc(-c3ccccc3)cc2)n1,C17H17N5O,307.36,2.46,63.91,0,4,3,3,3,0.176,23,0,0,none,0.9997,0.9829,0.993,T72020,Telmisartan,PPAR-gamma partial / AT1R,AT1 受体拮抗兼 PPAR-gamma 部分激动，文献报道减轻肝细胞脂肪变,0.225,无明确优势骨架命中,,,0.0,0.225,c1ccc(-c2ccc(Cc3nn[nH]n3)cc2)cc1,0.609
954,T2050,1527473-33-1,N#Cc1cccc(-c2c[nH]c3ncnc(N4CCOCC4)c23)c1,C17H15N5O,305.34,2.33,77.83,1,5,2,3,4,0.235,23,0,0,none,0.9938,0.9919,0.993,T2050,PF-06424439 (DGAT2i),DGAT2,二酰甘油酰基转移酶2 抑制剂，直接阻断甘油三酯酯化终末步骤,0.189,无明确优势骨架命中,,,0.0,0.1892,c1ccc(-c2c[nH]c3ncnc(N4CCOCC4)c23)cc1,0.5911
955,T5385,496054-87-6,O=C(Nc1ccc2[nH]c(=O)oc2c1)C(=O)N1CCC(Cc2ccc(F)cc2)CC1,C21H20FN3O4,397.41,2.68,95.41,2,4,3,3,4,0.286,29,1,0,none,0.9907,0.9964,0.993,T5385,Ervogastat (PF-06865571),DGAT2,口服 DGAT2 抑制剂，降低肝内甘油三酯合成与 VLDL 分泌,0.2,无明确优势骨架命中,,,0.0,0.2,O=C(Nc1ccc2[nH]c(=O)oc2c1)C(=O)N1CCC(Cc2ccccc2)CC1,0.5965
956,T14943,164658-13-3,OCCCNc1cc(-c2ccnc(Nc3cccc(Cl)c3)n2)ccn1,C18H18ClN5O,355.83,3.73,82.96,3,6,7,3,3,0.167,25,1,0,none,0.9883,1.0,0.993,T14943,Telmisartan,PPAR-gamma partial / AT1R,AT1 受体拮抗兼 PPAR-gamma 部分激动，文献报道减轻肝细胞脂肪变,0.137,无明确优势骨架命中,,,0.0,0.1368,c1ccc(Nc2nccc(-c3ccncc3)n2)cc1,0.5649
957,T1914,1431985-92-0,COc1cc(-c2cc(-c3cccc(O)c3)cnc2N)cc(OC)c1OC,C20H20N2O4,352.39,3.73,86.83,2,6,5,3,3,0.15,26,0,0,none,0.9883,1.0,0.993,T1914,ACC inhibitor chemotype (firsocostat-like proxy),ACC1/ACC2,变构抑制乙酰辅酶A羧化酶，降低丙二酰辅酶A、阻断新发脂质合成(DNL)并解除 CPT1 抑制,0.2,无明确优势骨架命中,,,0.0,0.2,c1ccc(-c2cncc(-c3ccccc3)c2)cc1,0.5965
958,T15802,874902-19-9,CN(C)C(=O)n1nnnc1Cc1ccc(-c2ccccc2)cc1,C17H17N5O,307.36,2.46,63.91,0,4,3,3,3,0.176,23,0,0,none,0.9997,0.9829,0.993,T15802,Telmisartan,PPAR-gamma partial / AT1R,AT1 受体拮抗兼 PPAR-gamma 部分激动，文献报道减轻肝细胞脂肪变,0.241,无明确优势骨架命中,,,0.0,0.2405,c1ccc(-c2ccc(Cc3nnn[nH]3)cc2)cc1,0.6168
959,T18968,10121-91-2,CN(C)c1cccc2c(S(=O)(=O)NCCCCCN)cccc12,C17H25N3O2S,335.47,2.31,75.43,2,4,8,2,2,0.412,23,0,0,none,0.9882,1.0,0.9929,T18968,Rosiglitazone,PPAR-gamma,TZD 类 PPAR-gamma 全激动剂，改善胰岛素抵抗与肝内脂肪蓄积,0.13,无明确优势骨架命中,,,0.0,0.1299,c1ccc2ccccc2c1,0.5614
960,T67568,71989-28-1,CSCC[C@H](NC(=O)OCC1c2ccccc2-c2ccccc21)C(=O)O,C20H21NO4S,371.46,3.73,75.63,2,4,7,2,3,0.3,26,0,0,none,0.9881,1.0,0.9929,T67568,Ciprofibrate,PPAR-alpha,长效贝特类，诱导过氧化物酶体增殖与脂肪酸 beta-氧化,0.188,无明确优势骨架命中,,,0.0,0.1875,c1ccc2c(c1)Cc1ccccc1-2,0.5902
961,T38013,2162149-24-6,Cc1c(C)c2c(c(C)c1O)CC[C@@](C)(C(=O)N[C@@H]1CCCNC1)O2,C19H28N2O3,332.44,2.27,70.59,3,4,2,1,3,0.632,24,0,0,none,0.9882,1.0,0.9929,T38013,Fenretinide (4-HPR),DES1 / RBP4,视黄酰胺，抑制二氢神经酰胺去饱和酶，改善肝脂肪变,0.167,无明确优势骨架命中,,,0.0,0.1667,O=C(NC1CCCNC1)C1CCc2ccccc2O1,0.5798
962,T15117,839712-25-3,NC(=O)N[C@H]1CC[C@H](CCN2CCN(c3cccc(Cl)c3Cl)CC2)CC1,C19H28Cl2N4O,399.37,3.73,61.6,2,3,5,1,3,0.632,26,2,0,none,0.988,1.0,0.9928,T15117,Ranolazine,pFOX / 晚钠电流,部分脂肪酸氧化抑制，改善代谢底物利用,0.2,无明确优势骨架命中,,,0.0,0.2,c1ccc(N2CCN(CCC3CCCCC3)CC2)cc1,0.5964
963,T9430,1681017-83-3,O=C(c1cc(Cc2n[nH]c(=O)c3ccccc23)ccc1F)N1CC(CNC2CC2)C1,C23H23FN4O2,406.46,2.48,78.09,2,4,6,3,5,0.348,30,1,0,none,0.9999,0.9822,0.9928,T9430,Rosiglitazone,PPAR-gamma,TZD 类 PPAR-gamma 全激动剂，改善胰岛素抵抗与肝内脂肪蓄积,0.165,哌嗪/哌啶杂芳基甲酰胺,SCD1 / DGAT2,脂质酶抑制剂常见的环胺-酰胺连接模式，倾向作用于 SCD1/DGAT2 等内质网膜结合型脂质合成酶,0.55,0.4123,O=C(c1cccc(Cc2n[nH]c(=O)c3ccccc23)c1)N1CC(CNC2CC2)C1,0.7026
964,T64324,158922-07-7,O=C(O)C1CCCN(C(=O)OCC2c3ccccc3-c3ccccc32)C1,C21H21NO4,351.4,3.73,66.84,1,3,3,2,4,0.333,26,0,0,none,0.988,1.0,0.9928,T64324,Salicylate,"AMPK (direct, beta1)",直接结合 AMPK beta1 变构位点，抑制脂肪生成,0.18,无明确优势骨架命中,,,0.0,0.18,O=C(OCC1c2ccccc2-c2ccccc21)N1CCCCC1,0.5864
965,T23809L,,O=C1[C@H](N2CCC(c3ccc(O)cc3)CC2)CCN1Cc1ccc(F)cc1,C22H25FN2O2,368.45,3.51,43.78,1,3,4,2,4,0.409,27,1,0,none,0.9878,1.0,0.9927,T23809L,Ezetimibe,NPC1L1,抑制胆固醇再摄取，降低肝内胆固醇酯负荷,0.323,无明确优势骨架命中,,,0.0,0.3231,O=C1C(N2CCC(c3ccccc3)CC2)CCN1Cc1ccccc1,0.6579
966,T7157,1624117-53-8,O=C(NCC(=O)N1CCCC1)Nc1ccc2ccccc2c1,C17H19N3O2,297.36,2.58,61.44,2,2,3,2,3,0.294,22,0,0,none,1.0,0.9818,0.9927,T7157,Ranolazine,pFOX / 晚钠电流,部分脂肪酸氧化抑制，改善代谢底物利用,0.192,无明确优势骨架命中,,,0.0,0.1918,O=C(NCC(=O)N1CCCC1)Nc1ccc2ccccc2c1,0.5923
967,T23809L1,,O=C1[C@@H](N2CCC(c3ccc(O)cc3)CC2)CCN1Cc1ccc(F)cc1,C22H25FN2O2,368.45,3.51,43.78,1,3,4,2,4,0.409,27,1,0,none,0.9878,1.0,0.9927,T23809L1,Ezetimibe,NPC1L1,抑制胆固醇再摄取，降低肝内胆固醇酯负荷,0.323,无明确优势骨架命中,,,0.0,0.3231,O=C1C(N2CCC(c3ccccc3)CC2)CCN1Cc1ccccc1,0.6579
968,T9084,1000690-91-4,O=C(O)CN1CCN(C(c2ccccc2)c2ccc(Cl)cc2)CC1,C19H21ClN2O2,344.84,3.13,43.78,1,3,5,2,3,0.316,24,1,0,none,0.9878,1.0,0.9927,T9084,Ranolazine,pFOX / 晚钠电流,部分脂肪酸氧化抑制，改善代谢底物利用,0.273,无明确优势骨架命中,,,0.0,0.2727,c1ccc(C(c2ccccc2)N2CCNCC2)cc1,0.6327
969,T13572,1007581-62-5,CC1(C)COC(=O)N1c1nc(-c2ccc(C#N)cc2)cs1,C15H13N3O2S,299.36,3.42,66.22,0,5,2,2,3,0.267,21,0,0,none,1.0,0.9815,0.9926,T13572,A-769662,"AMPK (direct, beta1)",直接变构激活 AMPK beta1 亚基，磷酸化 ACC1/2 抑制 DNL,0.197,无明确优势骨架命中,,,0.0,0.1972,O=C1OCCN1c1nc(-c2ccccc2)cs1,0.5949
970,T9687,2135785-20-3,Cc1ccc(COC2CN(C(=O)[C@H]3C[C@]4(COC(=O)N4)C3)C2)cc1Cl,C18H21ClN2O4,364.83,2.26,67.87,1,4,4,1,4,0.556,25,1,0,none,0.9877,1.0,0.9926,T9687,Lanifibranor,PPAR pan (alpha/delta/gamma),泛 PPAR 激动，促进 beta-氧化、抑制脂肪生成与炎症纤维化,0.269,无明确优势骨架命中,,,0.0,0.2692,O=C1NC2(CO1)CC(C(=O)N1CC(OCc3ccccc3)C1)C2,0.6309
971,T21965,150450-53-6,Clc1ccc2ncnc(NCc3ccc4c(c3)OCO4)c2c1,C16H12ClN3O2,313.74,3.62,56.27,1,5,3,3,4,0.125,22,1,0,none,0.9966,0.9866,0.9926,T21965,Berberine,AMPK / PCSK9 / LDLR,原小檗碱型生物碱，激活 AMPK 并稳定 LDLR mRNA，HepG2 经典降脂阳性对照,0.171,无明确优势骨架命中,,,0.0,0.1711,c1ccc2c(NCc3ccc4c(c3)OCO4)ncnc2c1,0.5818
972,T6093,860352-01-8,NC(=O)Nc1cc(-c2cccc(F)c2)sc1C(=O)N[C@H]1CCCNC1,C17H19FN4O2S,362.43,2.53,96.25,4,4,4,2,3,0.294,25,1,0,none,0.9877,1.0,0.9926,T6093,Atorvastatin,HMGCR,HMG-CoA 还原酶抑制，降低胆固醇合成并上调 LDLR,0.168,无明确优势骨架命中,,,0.0,0.1684,O=C(NC1CCCNC1)c1ccc(-c2ccccc2)s1,0.5805
973,T83628,876013-29-5,COc1cc(-c2cn(-c3cc(OC)c(OC)c(OC)c3)nn2)cc(OC)c1OC,C20H23N3O6,401.42,2.99,86.09,0,8,8,3,3,0.3,29,0,0,none,0.9959,0.9873,0.9925,T83628,Trimetazidine,3-KAT (长链硫解酶),部分脂肪酸氧化抑制剂，代谢调节剂,0.24,无明确优势骨架命中,,,0.0,0.24,c1ccc(-c2cn(-c3ccccc3)nn2)cc1,0.6162
974,T18923,6578-06-9,O=P(O)(O)Oc1c[nH]c2ccc(Br)c(Cl)c12,C8H6BrClNO4P,326.47,3.06,82.55,3,2,2,2,2,0.0,16,2,0,none,1.0,0.981,0.9924,T18923,VK2809 active acid (MB07344),THR-beta,肝靶向 THR-beta 激动剂活性代谢物；促进脂肪酸氧化与 LDL-C 清除,0.18,无明确优势骨架命中,,,0.0,0.1803,c1ccc2[nH]ccc2c1,0.5863
975,TXB-00336,6769-80-8,O=P(O)(O)Oc1c[nH]c2cc(Cl)c(Br)cc12,C8H6BrClNO4P,326.47,3.06,82.55,3,2,2,2,2,0.0,16,2,0,none,1.0,0.981,0.9924,TXB-00336,VK2809 active acid (MB07344),THR-beta,肝靶向 THR-beta 激动剂活性代谢物；促进脂肪酸氧化与 LDL-C 清除,0.197,无明确优势骨架命中,,,0.0,0.1967,c1ccc2[nH]ccc2c1,0.5946
976,T30937,265114-23-6,COc1ccc(-c2c(Cl)ncn2-c2ccc(S(N)(=O)=O)cc2)cc1F,C16H13ClFN3O3S,381.82,2.99,87.21,1,4,4,3,3,0.062,25,2,0,none,1.0,0.9811,0.9924,T30937,Berberine,AMPK / PCSK9 / LDLR,原小檗碱型生物碱，激活 AMPK 并稳定 LDLR mRNA，HepG2 经典降脂阳性对照,0.177,无明确优势骨架命中,,,0.0,0.1772,c1ccc(-c2cncn2-c2ccccc2)cc1,0.5848
977,T60047L,,FC(F)(F)c1ccc(-c2noc(CN3CCCC(CN4CCOCC4)C3)n2)cc1,C20H25F3N4O2,410.44,3.3,54.63,0,6,5,2,4,0.6,29,3,0,none,1.0,0.9809,0.9923,T60047L,PF-06424439 (DGAT2i),DGAT2,二酰甘油酰基转移酶2 抑制剂，直接阻断甘油三酯酯化终末步骤,0.205,无明确优势骨架命中,,,0.0,0.2051,c1ccc(-c2noc(CN3CCCC(CN4CCOCC4)C3)n2)cc1,0.5987
978,T2834,478-01-3,COc1ccc(-c2cc(=O)c3c(OC)c(OC)c(OC)c(OC)c3o2)cc1OC,C21H22O8,402.4,3.51,85.59,0,8,7,3,3,0.286,29,0,0,none,1.0,0.9805,0.9922,T2834,Trimetazidine,3-KAT (长链硫解酶),部分脂肪酸氧化抑制剂，代谢调节剂,0.218,黄酮/黄烷酮母核,AMPK / SREBP-1c,黄酮类多酚激活 AMPK-SIRT1 轴，抑制 SREBP-1c/FAS/ACC 表达并促进脂噬,0.6,0.4882,O=c1cc(-c2ccccc2)oc2ccccc12,0.7402
979,T4418,,O=C(O)c1ccc(CN2CCC(CN[C@@H]3C[C@H]3c3ccccc3)CC2)cc1,C23H28N2O2,364.49,3.74,52.57,2,3,7,2,4,0.435,27,0,0,none,0.987,1.0,0.9922,T4418,Lanifibranor,PPAR pan (alpha/delta/gamma),泛 PPAR 激动，促进 beta-氧化、抑制脂肪生成与炎症纤维化,0.203,无明确优势骨架命中,,,0.0,0.2027,c1ccc(CN2CCC(CNC3CC3c3ccccc3)CC2)cc1,0.5974
980,TN2846,29043-07-0,COc1cc(-c2cc(=O)c3c(OC)c(OC)c(OC)cc3o2)cc(OC)c1OC,C21H22O8,402.4,3.51,85.59,0,8,7,3,3,0.286,29,0,0,none,1.0,0.9805,0.9922,TN2846,ACC inhibitor chemotype (firsocostat-like proxy),ACC1/ACC2,变构抑制乙酰辅酶A羧化酶，降低丙二酰辅酶A、阻断新发脂质合成(DNL)并解除 CPT1 抑制,0.206,黄酮/黄烷酮母核,AMPK / SREBP-1c,黄酮类多酚激活 AMPK-SIRT1 轴，抑制 SREBP-1c/FAS/ACC 表达并促进脂噬,0.6,0.4759,O=c1cc(-c2ccccc2)oc2ccccc12,0.734
981,T10572,1679371-59-5,CC(=O)Nc1cc2c(cn1)COc1cc(OC[C@@](C)(N)CC(C)C)ccc1-2,C21H27N3O3,369.47,3.74,86.47,2,5,6,2,3,0.429,27,0,0,none,0.987,1.0,0.9922,T10572,Ervogastat (PF-06865571),DGAT2,口服 DGAT2 抑制剂，降低肝内甘油三酯合成与 VLDL 分泌,0.221,无明确优势骨架命中,,,0.0,0.2209,c1ccc2c(c1)OCc1cnccc1-2,0.6066
982,T12597,191592-09-3,Cn1ccc2c1C(O)CCN(CCCN1CCN(c3ccc(F)cc3)CC1)C2=O,C22H29FN4O2,400.5,2.26,51.95,1,4,5,2,4,0.5,29,1,0,none,0.9868,1.0,0.9921,T12597,Ezetimibe,NPC1L1,抑制胆固醇再摄取，降低肝内胆固醇酯负荷,0.208,哌嗪/哌啶杂芳基甲酰胺,SCD1 / DGAT2,脂质酶抑制剂常见的环胺-酰胺连接模式，倾向作用于 SCD1/DGAT2 等内质网膜结合型脂质合成酶,0.55,0.4553,O=C1c2cc[nH]c2CCCN1CCCN1CCN(c2ccccc2)CC1,0.7237
983,TP1264,61596-47-2,CC(C)C[C@@H](NC(=O)[C@@H]1CCCN1C(=O)OCc1ccccc1)C(=O)O,C19H26N2O5,362.43,2.4,95.94,2,4,7,1,2,0.526,26,0,0,none,0.9868,1.0,0.9921,TP1264,Fluvastatin,HMGCR,全合成 HMGCR 抑制剂,0.205,无明确优势骨架命中,,,0.0,0.2048,O=C(OCc1ccccc1)N1CCCC1,0.5984
984,T1912,779353-01-4,CCc1cnn2c(NCc3ccc[n+]([O-])c3)cc(N3CCCC[C@H]3CCO)nc12,C21H28N6O2,396.5,2.28,92.63,2,6,7,3,4,0.476,29,0,0,none,0.9869,1.0,0.9921,T1912,Ervogastat (PF-06865571),DGAT2,口服 DGAT2 抑制剂，降低肝内甘油三酯合成与 VLDL 分泌,0.152,无明确优势骨架命中,,,0.0,0.1515,c1c[nH+]cc(CNc2cc(N3CCCCC3)nc3ccnn23)c1,0.5718
985,T12080,352336-36-8,O=C(NN=Cc1ccc(Sc2ccccn2)o1)c1cccc(F)c1,C17H12FN3O2S,341.37,3.73,67.49,1,5,5,3,3,0.0,24,1,0,none,0.9884,0.9974,0.992,T12080,Nicotinic acid (Niacin),HCAR2 / DGAT2,抑制脂肪组织脂解并弱抑制 DGAT2，减少肝内 VLDL 底物供应,0.18,无明确优势骨架命中,,,0.0,0.1803,O=C(NN=Cc1ccc(Sc2ccccn2)o1)c1ccccc1,0.5861
986,T77495,326901-92-2,O=S(=O)(c1cc(Cl)ccc1Cl)n1cnc2ccccc21,C13H8Cl2N2O2S,327.19,3.58,51.96,0,3,2,3,3,0.0,20,2,0,none,0.9986,0.9821,0.992,T77495,Lanifibranor,PPAR pan (alpha/delta/gamma),泛 PPAR 激动，促进 beta-氧化、抑制脂肪生成与炎症纤维化,0.176,无明确优势骨架命中,,,0.0,0.1765,O=S(=O)(c1ccccc1)n1cnc2ccccc21,0.5842
987,T6504,75507-68-5,CCOC(=O)Nc1ccc(NCc2ccc(F)cc2)nc1N,C15H17FN4O2,304.33,2.98,89.27,3,5,5,2,2,0.2,22,1,0,none,1.0,0.9801,0.992,T6504,Etomoxir,CPT1a (抑制剂/阴性对照),CPT1 不可逆抑制剂，作为脂肪酸氧化通路机制阴性对照,0.217,无明确优势骨架命中,,,0.0,0.2174,c1ccc(CNc2ccccn2)cc1,0.6047
988,T23382,1054-88-2,O=C1NCN(c2ccccc2)C12CCN(CC1COc3ccccc3O1)CC2,C22H25N3O3,379.46,2.25,54.04,1,5,3,2,5,0.409,28,0,0,none,0.9867,1.0,0.992,T23382,C75,FASN,alpha-亚甲基-gamma-丁内酯类 FASN 抑制剂，同时升高丙二酰辅酶A,0.157,无明确优势骨架命中,,,0.0,0.1571,O=C1NCN(c2ccccc2)C12CCN(CC1COc3ccccc3O1)CC2,0.5746
989,T72211,2222138-31-8,CNC(=O)c1cc(Oc2ccc3nc(N[C@@H]4CCCC[C@H]4O)sc3c2)ccn1,C20H22N4O3S,398.49,3.56,96.37,3,7,5,3,4,0.35,28,0,0,none,0.9865,1.0,0.9919,T6119;T72211,TVB-2640 (Denifanstat),FASN,脂肪酸合酶 beta-酮脂酰还原酶结构域抑制剂，直接阻断棕榈酸从头合成,0.211,无明确优势骨架命中,,,0.0,0.2105,c1cc(Oc2ccc3nc(NC4CCCCC4)sc3c2)ccn1,0.6012
990,T26914,1646857-24-0,O=C(c1cccnc1)N1CCN2C(=O)c3ccncc3[C@]12c1ccc(Cl)cc1,C21H15ClN4O2,390.83,2.94,66.4,0,4,2,3,5,0.143,28,1,0,none,1.0,0.9795,0.9918,T26914,Nicotinic acid (Niacin),HCAR2 / DGAT2,抑制脂肪组织脂解并弱抑制 DGAT2，减少肝内 VLDL 底物供应,0.315,哌嗪/哌啶杂芳基甲酰胺,SCD1 / DGAT2,脂质酶抑制剂常见的环胺-酰胺连接模式，倾向作用于 SCD1/DGAT2 等内质网膜结合型脂质合成酶,0.55,0.5623,O=C(c1cccnc1)N1CCN2C(=O)c3ccncc3C12c1ccccc1,0.777
991,TCS1704,479-90-3,COc1ccc(-c2oc3cc(OC)c(OC)c(O)c3c(=O)c2OC)cc1OC,C20H20O8,388.37,3.21,96.59,1,8,6,3,3,0.25,28,0,0,none,0.9863,1.0,0.9918,TCS1704,Trimetazidine,3-KAT (长链硫解酶),部分脂肪酸氧化抑制剂，代谢调节剂,0.203,黄酮/黄烷酮母核,AMPK / SREBP-1c,黄酮类多酚激活 AMPK-SIRT1 轴，抑制 SREBP-1c/FAS/ACC 表达并促进脂噬,0.6,0.4734,O=c1cc(-c2ccccc2)oc2ccccc12,0.7326
992,TN1244,112448-39-2,COc1ccc(-c2cc(=O)c3c(OC)c(OC)c(OC)c(OC)c3o2)cc1O,C20H20O8,388.37,3.21,96.59,1,8,6,3,3,0.25,28,0,0,none,0.9863,1.0,0.9918,TN1244,Trimetazidine,3-KAT (长链硫解酶),部分脂肪酸氧化抑制剂，代谢调节剂,0.207,黄酮/黄烷酮母核,AMPK / SREBP-1c,黄酮类多酚激活 AMPK-SIRT1 轴，抑制 SREBP-1c/FAS/ACC 表达并促进脂噬,0.6,0.4769,O=c1cc(-c2ccccc2)oc2ccccc12,0.7344
993,T15654,2102501-84-6,C[C@H]1CCN1c1nc(N2C[C@@H]3C(CC(=O)O)[C@@H]3C2)cc(C(F)(F)F)n1,C16H19F3N4O2,356.35,2.25,69.56,1,5,4,1,4,0.688,25,3,0,none,0.9863,1.0,0.9918,T15654,TVB-2640 (Denifanstat),FASN,脂肪酸合酶 beta-酮脂酰还原酶结构域抑制剂，直接阻断棕榈酸从头合成,0.213,无明确优势骨架命中,,,0.0,0.2135,c1cc(N2CC3CC3C2)nc(N2CCC2)n1,0.6026
994,T83972,898211-21-7,Cc1c(C(=O)O)oc2ccc(S(=O)(=O)NCCc3ccccc3)cc12,C18H17NO5S,359.4,2.96,96.61,2,4,6,3,3,0.167,25,0,0,none,0.9863,1.0,0.9918,T83972,Bezafibrate,PPAR pan,泛 PPAR 弱激动剂，降低血浆与肝内甘油三酯,0.229,无明确优势骨架命中,,,0.0,0.2286,O=S(=O)(NCCc1ccccc1)c1ccc2occc2c1,0.6102
995,T26914L,1646857-28-4,O=C(c1cccnc1)N1CCN2C(=O)c3ccncc3[C@@]12c1ccc(Cl)cc1,C21H15ClN4O2,390.83,2.94,66.4,0,4,2,3,5,0.143,28,1,0,none,1.0,0.9795,0.9918,T26914L,Nicotinic acid (Niacin),HCAR2 / DGAT2,抑制脂肪组织脂解并弱抑制 DGAT2，减少肝内 VLDL 底物供应,0.315,哌嗪/哌啶杂芳基甲酰胺,SCD1 / DGAT2,脂质酶抑制剂常见的环胺-酰胺连接模式，倾向作用于 SCD1/DGAT2 等内质网膜结合型脂质合成酶,0.55,0.5623,O=C(c1cccnc1)N1CCN2C(=O)c3ccncc3C12c1ccccc1,0.777
996,T31057,220860-50-4,CCOc1ccc2[nH]cc(C(=O)NCc3ccccc3)c(=O)c2n1,C18H17N3O3,323.35,2.25,84.08,2,4,5,3,3,0.167,24,0,0,none,0.9864,1.0,0.9918,T31057,Rosiglitazone,PPAR-gamma,TZD 类 PPAR-gamma 全激动剂，改善胰岛素抵抗与肝内脂肪蓄积,0.2,无明确优势骨架命中,,,0.0,0.2,O=C(NCc1ccccc1)c1c[nH]c2cccnc2c1=O,0.5959
997,T5714,2174-59-6,COc1ccc(-c2cc(=O)c3c(O)c(OC)c(OC)c(OC)c3o2)cc1OC,C20H20O8,388.37,3.21,96.59,1,8,6,3,3,0.25,28,0,0,none,0.9863,1.0,0.9918,T5714,Trimetazidine,3-KAT (长链硫解酶),部分脂肪酸氧化抑制剂，代谢调节剂,0.203,黄酮/黄烷酮母核,AMPK / SREBP-1c,黄酮类多酚激活 AMPK-SIRT1 轴，抑制 SREBP-1c/FAS/ACC 表达并促进脂噬,0.6,0.4734,O=c1cc(-c2ccccc2)oc2ccccc12,0.7326
998,T36125,40180-04-9,O=C(O)COc1ccc(C(=O)c2cccs2)c(Cl)c1Cl,C13H8Cl2O4S,331.18,3.75,63.6,1,4,5,2,2,0.077,20,2,0,none,0.9862,1.0,0.9917,T36125,GW501516,PPAR-delta,PPAR-delta 选择性激动，提升肝与骨骼肌脂肪酸氧化,0.26,二芳醚/二芳酮 + 羧酸,PPAR / THR-beta (通用核受体),核受体配体常见的疏水二芳基骨架 + 酸性头基组合，倾向结合 PPAR/THR 等脂代谢核受体配体口袋,0.5,0.4853,O=C(c1ccccc1)c1cccs1,0.7385
999,T4423,2070014-90-1,O=c1cc(N2CCNCC2)oc2c(-c3ccccc3)cccc12,C19H18N2O2,306.37,2.87,45.48,1,4,2,3,4,0.211,23,0,0,none,0.9935,0.9887,0.9916,T4423,Trimetazidine,3-KAT (长链硫解酶),部分脂肪酸氧化抑制剂，代谢调节剂,0.183,无明确优势骨架命中,,,0.0,0.1833,O=c1cc(N2CCNCC2)oc2c(-c3ccccc3)cccc12,0.5874
1000,TQ0011,2227425-05-8,Cc1[nH]c2c(N3CCO[C@H](CO)C3)c(C#N)c(C(F)(F)F)nc2c1Cl,C15H14ClF3N4O2,374.75,2.61,85.17,2,5,2,2,3,0.467,25,4,0,none,1.0,0.979,0.9916,TQ0011,TVB-2640 (Denifanstat),FASN,脂肪酸合酶 beta-酮脂酰还原酶结构域抑制剂，直接阻断棕榈酸从头合成,0.186,无明确优势骨架命中,,,0.0,0.1856,c1cc(N2CCOCC2)c2[nH]ccc2n1,0.5886
1001,T2649,1271738-62-5,CCCc1cc2c(N3CCN(C4=NCC(C)(C)S4)CC3)ncnc2s1,C18H25N5S2,375.57,3.65,44.62,0,7,3,2,4,0.611,25,0,0,none,0.986,1.0,0.9916,T2649,PF-06424439 (DGAT2i),DGAT2,二酰甘油酰基转移酶2 抑制剂，直接阻断甘油三酯酯化终末步骤,0.141,无明确优势骨架命中,,,0.0,0.141,c1nc(N2CCN(C3=NCCS3)CC2)c2ccsc2n1,0.5663
1002,T7902,245765-41-7,CNc1ncc(-c2ccc3c(=O)c(C(=O)O)cn(C4CC4)c3c2C)cc1C,C21H21N3O3,363.42,3.76,84.22,2,4,4,3,4,0.286,27,0,0,none,0.9856,1.0,0.9914,T7902,Telmisartan,PPAR-gamma partial / AT1R,AT1 受体拮抗兼 PPAR-gamma 部分激动，文献报道减轻肝细胞脂肪变,0.188,无明确优势骨架命中,,,0.0,0.1875,O=c1ccn(C2CC2)c2cc(-c3cccnc3)ccc12,0.5894
1003,T17030,942195-55-3,Cc1nc2c(O[C@H]3CCOc4cc(F)cc(F)c43)cc(C(=O)N(C)C)cc2[nH]1,C20H19F2N3O3,387.39,3.75,67.45,1,4,3,3,4,0.3,28,2,0,none,0.9857,1.0,0.9914,T17030,PF-06424439 (DGAT2i),DGAT2,二酰甘油酰基转移酶2 抑制剂，直接阻断甘油三酯酯化终末步骤,0.19,无明确优势骨架命中,,,0.0,0.1905,c1ccc2c(c1)OCCC2Oc1cccc2[nH]cnc12,0.591
1004,T8794,928853-86-5,Cc1nc(N2CCN(C)CC2)nc2c1Nc1ccccc1S2,C16H19N5S,313.43,2.75,44.29,1,6,1,2,4,0.375,22,0,0,none,0.9856,1.0,0.9914,T8794,TVB-2640 (Denifanstat),FASN,脂肪酸合酶 beta-酮脂酰还原酶结构域抑制剂，直接阻断棕榈酸从头合成,0.176,无明确优势骨架命中,,,0.0,0.1765,c1ccc2c(c1)Nc1cnc(N3CCNCC3)nc1S2,0.584
1005,T3639,1125758-85-1,C[C@H](N/C(=N\c1cccc2ncccc12)NC#N)c1ccccc1,C19H17N5,315.38,3.64,73.1,2,3,3,3,3,0.105,24,0,0,none,0.9954,0.9856,0.9914,T3639,Ranolazine,pFOX / 晚钠电流,部分脂肪酸氧化抑制，改善代谢底物利用,0.159,无明确优势骨架命中,,,0.0,0.1585,C(=Nc1cccc2ncccc12)NCc1ccccc1,0.575
1006,T5S2357,18797-80-3,CC(=O)O[C@H]1Cc2cc3c(cc2[C@H]2N(C)Cc4c(ccc5c4OCO5)[C@@]12C)OCO3,C23H23NO6,409.44,3.08,66.46,0,7,1,2,6,0.435,30,0,0,none,0.9959,0.9846,0.9914,T5S2357,Berberine,AMPK / PCSK9 / LDLR,原小檗碱型生物碱，激活 AMPK 并稳定 LDLR mRNA，HepG2 经典降脂阳性对照,0.205,无明确优势骨架命中,,,0.0,0.2048,c1c2c(cc3c1OCO3)C1NCc3c(ccc4c3OCO4)C1CC2,0.5981
1007,T27260,149950-60-7,CCOCn1c(Cc2ccccc2)c(C(C)C)c(=O)[nH]c1=O,C17H22N2O3,302.37,2.24,64.09,1,3,6,2,2,0.412,22,0,0,none,0.9856,1.0,0.9913,T27260,Resmetirom (MGL-3196),THR-beta,肝脏选择性甲状腺激素受体 beta 激动；上调 CPT1A/线粒体 beta-氧化与脂噬，降低肝内甘油三酯,0.195,无明确优势骨架命中,,,0.0,0.1948,O=c1cc(Cc2ccccc2)[nH]c(=O)[nH]1,0.593
1008,T8142,91296-86-5,CN1CCN(c2cc3c(cc2F)c(=O)c(C(=O)O)cn3-c2ccc(F)cc2)CC1,C21H19F2N3O3,399.4,2.72,65.78,1,4,3,3,4,0.238,29,2,0,none,1.0,0.9783,0.9913,T8142,Fluvastatin,HMGCR,全合成 HMGCR 抑制剂,0.193,无明确优势骨架命中,,,0.0,0.1928,O=c1ccn(-c2ccccc2)c2cc(N3CCNCC3)ccc12,0.592
1009,T0351,106266-06-2,Cc1nc2n(c(=O)c1CCN1CCC(c3noc4cc(F)ccc34)CC1)CCCC2,C23H27FN4O2,410.49,3.59,64.16,0,5,4,3,5,0.522,30,1,0,none,0.9982,0.9807,0.9912,T0351,TVB-2640 (Denifanstat),FASN,脂肪酸合酶 beta-酮脂酰还原酶结构域抑制剂，直接阻断棕榈酸从头合成,0.176,无明确优势骨架命中,,,0.0,0.1765,O=c1c(CCN2CCC(c3noc4ccccc34)CC2)cnc2n1CCCC2,0.5838
1010,T17312,116839-68-0,CN1CC[C@]2(C)c3cc(OC(=O)Nc4ccccc4)ccc3N(C)[C@H]12,C20H23N3O2,337.42,3.67,44.81,1,4,2,2,4,0.35,25,0,0,none,0.9853,1.0,0.9912,T17312,Ciprofibrate,PPAR-alpha,长效贝特类，诱导过氧化物酶体增殖与脂肪酸 beta-氧化,0.206,无明确优势骨架命中,,,0.0,0.2059,O=C(Nc1ccccc1)Oc1ccc2c(c1)C1CCNC1N2,0.5986
1011,T6514,1095173-27-5,CN1CC[C@@H](NC(=O)Nc2ccc(C#N)cc2)C[C@@H]1c1nc2ccccc2[nH]1,C21H22N6O,374.45,3.39,96.84,3,4,3,3,4,0.286,28,0,0,none,0.9853,1.0,0.9912,T6514,TVB-2640 (Denifanstat),FASN,脂肪酸合酶 beta-酮脂酰还原酶结构域抑制剂，直接阻断棕榈酸从头合成,0.184,无明确优势骨架命中,,,0.0,0.1837,O=C(Nc1ccccc1)NC1CCNC(c2nc3ccccc3[nH]2)C1,0.5874
1012,T24944,1621375-32-3,Brc1cn(-c2csc(N3CCOCC3)n2)c(Br)n1,C10H10Br2N4OS,394.09,2.69,43.18,0,5,2,2,3,0.4,18,2,0,none,0.9854,1.0,0.9912,T24944,PF-06424439 (DGAT2i),DGAT2,二酰甘油酰基转移酶2 抑制剂，直接阻断甘油三酯酯化终末步骤,0.2,无明确优势骨架命中,,,0.0,0.2,c1cn(-c2csc(N3CCOCC3)n2)cn1,0.5956
1013,T8764,2328094-11-5,Nc1ncc(-c2cccc(N3CCNCC3)c2)cc1C(=O)Nc1ccncc1,C21H22N6O,374.45,2.39,96.17,3,6,4,3,4,0.19,28,0,0,none,0.9852,1.0,0.9911,T8764,Ervogastat (PF-06865571),DGAT2,口服 DGAT2 抑制剂，降低肝内甘油三酯合成与 VLDL 分泌,0.22,无明确优势骨架命中,,,0.0,0.2195,O=C(Nc1ccncc1)c1cncc(-c2cccc(N3CCNCC3)c2)c1,0.6053
1014,T61531,1912422-56-0,O=C(Nc1ccc(I)cc1F)c1cc(F)ccc1O,C13H8F2INO2,375.11,3.53,49.33,2,2,2,2,2,0.0,19,3,0,none,0.9997,0.9783,0.9911,T61531,Salicylate,"AMPK (direct, beta1)",直接结合 AMPK beta1 变构位点，抑制脂肪生成,0.238,无明确优势骨架命中,,,0.0,0.2381,O=C(Nc1ccccc1)c1ccccc1,0.6146
1015,TN1828,6894-43-5,C[C@@]12C=Cc3occc3[C@H]1CC[C@@]13C[C@@H](CC[C@H]12)[C@@](O)(CO)C3,C20H26O3,314.43,3.72,53.6,2,3,1,1,5,0.7,23,0,0,none,0.9852,1.0,0.9911,TN1828,Ciprofibrate,PPAR-alpha,长效贝特类，诱导过氧化物酶体增殖与脂肪酸 beta-氧化,0.155,无明确优势骨架命中,,,0.0,0.1549,C1=CC2C(CCC34CCC(CCC23)C4)c2ccoc21,0.573
1016,T6S2356,18797-79-0,CN1Cc2c(ccc3c2OCO3)[C@@]2(C)[C@@H](O)Cc3cc4c(cc3[C@@H]12)OCO4,C21H21NO5,367.4,2.51,60.39,1,6,0,2,6,0.429,27,0,0,none,0.9851,1.0,0.991,T6S2356,Berberine,AMPK / PCSK9 / LDLR,原小檗碱型生物碱，激活 AMPK 并稳定 LDLR mRNA，HepG2 经典降脂阳性对照,0.19,无明确优势骨架命中,,,0.0,0.1899,c1c2c(cc3c1OCO3)C1NCc3c(ccc4c3OCO4)C1CC2,0.5904
1017,T1552,122892-31-3,COc1ccc(C(=O)NCc2ccc(OCCN(C)C)cc2)cc1OC,C20H26N2O4,358.44,2.57,60.03,1,5,9,2,2,0.35,26,0,0,none,0.9851,1.0,0.991,T1552,Bezafibrate,PPAR pan,泛 PPAR 弱激动剂，降低血浆与肝内甘油三酯,0.288,无明确优势骨架命中,,,0.0,0.2879,O=C(NCc1ccccc1)c1ccccc1,0.6394
1018,T6619,183320-51-6,C#Cc1cccc(Nc2ncnc3cc(OCCOC)c(OCCO)cc23)c1,C21H21N3O4,379.42,2.75,85.73,2,7,9,3,3,0.238,28,0,0,none,0.9851,1.0,0.991,T6328;T6619,Gemfibrozil,PPAR-alpha,苯氧戊酸类 PPAR-alpha 激动剂，抑制肝脏 VLDL-TG 分泌,0.162,无明确优势骨架命中,,,0.0,0.1622,c1ccc(Nc2ncnc3ccccc23)cc1,0.5766
1019,T28231,174794-02-6,Cc1cc2c(s1)Nc1ccccc1N=C2N1CC[N+](C)([O-])CC1,C17H20N4OS,328.44,3.45,50.69,1,5,0,2,4,0.353,23,0,0,none,0.9851,1.0,0.991,T28231,Lanifibranor,PPAR pan (alpha/delta/gamma),泛 PPAR 激动，促进 beta-氧化、抑制脂肪生成与炎症纤维化,0.139,无明确优势骨架命中,,,0.0,0.1392,c1ccc2c(c1)N=C(N1CC[NH2+]CC1)c1ccsc1N2,0.5651
1020,T11517,1402821-41-3,CCCn1cnc2c(NCc3ccc(C)s3)nc(N[C@H](CC)CO)nc21,C18H26N6OS,374.51,3.4,87.89,3,7,9,3,3,0.5,26,0,0,none,0.9851,1.0,0.991,T11517,Telmisartan,PPAR-gamma partial / AT1R,AT1 受体拮抗兼 PPAR-gamma 部分激动，文献报道减轻肝细胞脂肪变,0.162,无明确优势骨架命中,,,0.0,0.1616,c1csc(CNc2ncnc3[nH]cnc23)c1,0.5763
1021,T40565,47208-82-2,COc1cccc2c(NCCCCCO[N+](=O)[O-])ccnc12,C15H19N3O4,305.33,3.03,86.52,1,6,9,2,2,0.4,22,0,0,none,0.9851,1.0,0.991,T40565,Ranolazine,pFOX / 晚钠电流,部分脂肪酸氧化抑制，改善代谢底物利用,0.203,无明确优势骨架命中,,,0.0,0.2025,c1ccc2ncccc2c1,0.5968
1022,T1176,81110-73-8,CC(=O)SCC(Cc1ccccc1)C(=O)NCC(=O)OCc1ccccc1,C21H23NO4S,385.49,2.98,72.47,1,5,9,2,2,0.286,27,0,0,none,0.9851,1.0,0.991,T1176,Bezafibrate,PPAR pan,泛 PPAR 弱激动剂，降低血浆与肝内甘油三酯,0.221,无明确优势骨架命中,,,0.0,0.2206,O=C(CCc1ccccc1)NCC(=O)OCc1ccccc1,0.6058
1023,TN1142,19716-61-1,O=c1c2c3c(ccc2cc2n1CCc1cc4c(cc1-2)OCO4)OCO3,C19H13NO5,335.32,2.68,58.92,0,5,0,3,6,0.211,25,0,0,none,0.9851,1.0,0.991,TN1142,Berberine,AMPK / PCSK9 / LDLR,原小檗碱型生物碱，激活 AMPK 并稳定 LDLR mRNA，HepG2 经典降脂阳性对照,0.294,无明确优势骨架命中,,,0.0,0.2941,O=c1c2c3c(ccc2cc2n1CCc1cc4c(cc1-2)OCO4)OCO3,0.6426
1024,T9496,1350884-56-8,CC1CCc2ncc(F)cc2[C@H]2CCCN2c2ccn3ncc(c3n2)C(=O)N1,C20H21FN6O,380.43,2.67,75.42,1,5,0,3,5,0.4,28,1,0,none,0.9851,1.0,0.991,T9496,Ervogastat (PF-06865571),DGAT2,口服 DGAT2 抑制剂，降低肝内甘油三酯合成与 VLDL 分泌,0.149,哌嗪/哌啶杂芳基甲酰胺,SCD1 / DGAT2,脂质酶抑制剂常见的环胺-酰胺连接模式，倾向作用于 SCD1/DGAT2 等内质网膜结合型脂质合成酶,0.55,0.3964,O=C1NCCCc2ncccc2C2CCCN2c2ccn3ncc1c3n2,0.6937
1025,T204076,1357746-77-0,O=S(=O)(Nc1cc(-c2ccsc2)no1)c1ccccc1F,C13H9FN2O3S2,324.36,3.34,72.2,1,5,4,3,3,0.0,21,1,0,none,1.0,0.9774,0.991,T204076,GW4064,FXR,非甾体高效 FXR 激动剂工具化合物，抑制 DNL 相关转录程序,0.129,无明确优势骨架命中,,,0.0,0.129,O=S(=O)(Nc1cc(-c2ccsc2)no1)c1ccccc1,0.56
1026,T3429,130-86-9,CN1CCc2cc3c(cc2C(=O)Cc2ccc4c(c2C1)OCO4)OCO3,C20H19NO5,353.37,2.56,57.23,0,6,0,2,5,0.35,26,0,0,none,0.9851,1.0,0.991,T3429,Berberine,AMPK / PCSK9 / LDLR,原小檗碱型生物碱，激活 AMPK 并稳定 LDLR mRNA，HepG2 经典降脂阳性对照,0.268,无明确优势骨架命中,,,0.0,0.2676,O=C1Cc2ccc3c(c2CNCCc2cc4c(cc21)OCO4)OCO3,0.6293
1027,T7435,2097002-61-2,C[C@@H]1CCc2ncc(F)cc2[C@H]2CCCN2c2ccn3ncc(c3n2)C(=O)N1,C20H21FN6O,380.43,2.67,75.42,1,5,0,3,5,0.4,28,1,0,none,0.9851,1.0,0.991,T7435,Ervogastat (PF-06865571),DGAT2,口服 DGAT2 抑制剂，降低肝内甘油三酯合成与 VLDL 分泌,0.149,哌嗪/哌啶杂芳基甲酰胺,SCD1 / DGAT2,脂质酶抑制剂常见的环胺-酰胺连接模式，倾向作用于 SCD1/DGAT2 等内质网膜结合型脂质合成酶,0.55,0.3964,O=C1NCCCc2ncccc2C2CCCN2c2ccn3ncc1c3n2,0.6937
1028,T4071,1802220-02-5,C[C@H]1CNC(=O)c2cnn3ccc(nc23)N[C@H](C)c2cc(F)ccc2O1,C18H18FN5O2,355.37,2.55,80.55,2,5,0,3,4,0.278,26,1,0,none,0.9851,1.0,0.991,T4071,Naringenin,PPAR-alpha / SREBP,柑橘黄烷酮，抑制脂肪生成基因并促进脂肪酸氧化,0.141,哌嗪/哌啶杂芳基甲酰胺,SCD1 / DGAT2,脂质酶抑制剂常见的环胺-酰胺连接模式，倾向作用于 SCD1/DGAT2 等内质网膜结合型脂质合成酶,0.55,0.3885,O=C1NCCOc2ccccc2CNc2ccn3ncc1c3n2,0.6898
1029,T35694,1638644-62-8,Clc1cc2cc(c1)-c1cnn3c1NC(=NCCOCCO2)C=C3,C16H15ClN4O2,330.78,2.91,60.67,1,5,0,2,4,0.25,23,1,0,none,0.9851,1.0,0.991,T35694,PF-06424439 (DGAT2i),DGAT2,二酰甘油酰基转移酶2 抑制剂，直接阻断甘油三酯酯化终末步骤,0.152,无明确优势骨架命中,,,0.0,0.1519,C1=Cn2ncc3c2NC1=NCCOCCOc1cccc-3c1,0.5714
1030,T10659,1402821-24-2,CCCn1cnc2c(NCc3ccccc3)nc(N[C@H](CC)CO)nc21,C19H26N6O,354.46,3.03,87.89,3,6,9,3,3,0.421,26,0,0,none,0.9851,1.0,0.991,T10659,Telmisartan,PPAR-gamma partial / AT1R,AT1 受体拮抗兼 PPAR-gamma 部分激动，文献报道减轻肝细胞脂肪变,0.194,无明确优势骨架命中,,,0.0,0.1935,c1ccc(CNc2ncnc3[nH]cnc23)cc1,0.5922
1031,T33595,163133-43-5,COc1ccc2cc([C@H](C)C(=O)OCCCCO[N+](=O)[O-])ccc2c1,C18H21NO6,347.37,3.48,87.9,0,6,9,2,2,0.389,25,0,0,none,0.9851,1.0,0.991,T33595,Etomoxir,CPT1a (抑制剂/阴性对照),CPT1 不可逆抑制剂，作为脂肪酸氧化通路机制阴性对照,0.217,无明确优势骨架命中,,,0.0,0.2174,c1ccc2ccccc2c1,0.6042
1032,TN3118,79559-61-8,COc1cc(CCC(O)CC(=O)CCc2ccccc2)ccc1O,C20H24O4,328.41,3.29,66.76,2,4,9,2,2,0.35,24,0,0,none,0.9851,1.0,0.991,TN3118,Ranolazine,pFOX / 晚钠电流,部分脂肪酸氧化抑制，改善代谢底物利用,0.243,无明确优势骨架命中,,,0.0,0.2432,O=C(CCCCc1ccccc1)CCc1ccccc1,0.6171
1033,T3635,331001-62-8,CC(=O)c1ccc(N/N=C(/C(N)=O)C2=NC(C)(C)Cc3ccccc32)cc1,C21H22N4O2,362.43,2.97,96.91,2,5,5,2,3,0.238,27,0,0,none,0.985,1.0,0.991,T3635,Fenretinide (4-HPR),DES1 / RBP4,视黄酰胺，抑制二氢神经酰胺去饱和酶，改善肝脂肪变,0.167,无明确优势骨架命中,,,0.0,0.1667,C(=NNc1ccccc1)C1=NCCc2ccccc21,0.5788
1034,T27969,774551-07-4,COc1cc(CNCCc2c[nH]c3ccccc23)cc(Cl)c1OCC(N)=O,C20H22ClN3O3,387.87,3.03,89.37,3,4,9,3,3,0.25,27,1,0,none,0.9851,1.0,0.991,T27969,Ranolazine,pFOX / 晚钠电流,部分脂肪酸氧化抑制，改善代谢底物利用,0.205,无明确优势骨架命中,,,0.0,0.2045,c1ccc(CNCCc2c[nH]c3ccccc23)cc1,0.5978
1035,T6738,197855-65-5,CC(NC(=O)[C@H](Cc1ccccc1)NC(=O)OCc1ccccc1)C(=O)CF,C21H23FN2O4,386.42,2.57,84.5,2,4,9,2,2,0.286,28,1,0,none,0.9851,1.0,0.991,T6738,Gemfibrozil,PPAR-alpha,苯氧戊酸类 PPAR-alpha 激动剂，抑制肝脏 VLDL-TG 分泌,0.206,无明确优势骨架命中,,,0.0,0.2063,O=C(NCCc1ccccc1)OCc1ccccc1,0.5986
1036,T13542,36455-72-8,C[C@H]1CCC[C@H](O)CCC/C=C/c2cc(O)cc(O)c2C(=O)O1,C18H24O5,320.39,3.37,86.99,3,5,0,1,2,0.5,23,0,0,none,0.9851,1.0,0.991,T13542,Naringenin,PPAR-alpha / SREBP,柑橘黄烷酮，抑制脂肪生成基因并促进脂肪酸氧化,0.305,无明确优势骨架命中,,,0.0,0.3051,O=C1OCCCCCCCCC=Cc2ccccc21,0.648
1037,T1077L,54739-18-3,COCCCC/C(=N\OCCN)c1ccc(C(F)(F)F)cc1,C15H21F3N2O2,318.34,3.2,56.84,1,4,9,1,1,0.533,22,3,0,none,0.9851,1.0,0.991,T1077;T1077L,GW501516,PPAR-delta,PPAR-delta 选择性激动，提升肝与骨骼肌脂肪酸氧化,0.205,无明确优势骨架命中,,,0.0,0.2051,c1ccccc1,0.598
1038,T5505,165538-40-9,Cc1ccc2c(c1CCC(=O)O)CC[C@@H](NS(=O)(=O)c1ccc(Cl)cc1)C2,C20H22ClNO4S,407.92,3.5,83.47,2,3,6,2,3,0.35,27,1,0,none,1.0,0.9775,0.991,T5505,Lanifibranor,PPAR pan (alpha/delta/gamma),泛 PPAR 激动，促进 beta-氧化、抑制脂肪生成与炎症纤维化,0.319,无明确优势骨架命中,,,0.0,0.3194,O=S(=O)(NC1CCc2ccccc2C1)c1ccccc1,0.6552
1039,T67850,174756-44-6,C[C@@H](NCc1ccc(OCc2cccc(F)c2)cc1)C(N)=O,C17H19FN2O2,302.35,2.37,64.35,2,3,7,2,2,0.235,22,1,0,none,0.9961,0.983,0.9909,T67850,GW4064,FXR,非甾体高效 FXR 激动剂工具化合物，抑制 DNL 相关转录程序,0.221,无明确优势骨架命中,,,0.0,0.2209,c1ccc(COc2ccccc2)cc1,0.6059
1040,T6651,202825-46-5,C[C@H](NCc1ccc(OCc2cccc(F)c2)cc1)C(N)=O,C17H19FN2O2,302.35,2.37,64.35,2,3,7,2,2,0.235,22,1,0,none,0.9961,0.983,0.9909,T6651;T6651L,GW4064,FXR,非甾体高效 FXR 激动剂工具化合物，抑制 DNL 相关转录程序,0.221,无明确优势骨架命中,,,0.0,0.2209,c1ccc(COc2ccccc2)cc1,0.6059
1041,T7547,202825-45-4,C[C@H](NCc1ccc(OCc2ccccc2F)cc1)C(N)=O,C17H19FN2O2,302.35,2.37,64.35,2,3,7,2,2,0.235,22,1,0,none,0.9961,0.983,0.9909,T7349;T7547,Rosiglitazone,PPAR-gamma,TZD 类 PPAR-gamma 全激动剂，改善胰岛素抵抗与肝内脂肪蓄积,0.233,无明确优势骨架命中,,,0.0,0.2329,c1ccc(COc2ccccc2)cc1,0.6119
1042,T27083,1092061-61-4,O=C(CCCCCC(=O)NN=Cc1ccc(-c2ccccc2)cc1)NO,C20H23N3O3,353.42,3.26,90.79,3,4,9,2,2,0.25,26,0,0,none,0.9849,1.0,0.9909,T27083,Salicylate,"AMPK (direct, beta1)",直接结合 AMPK beta1 变构位点，抑制脂肪生成,0.196,无明确优势骨架命中,,,0.0,0.1957,c1ccc(-c2ccccc2)cc1,0.5933
1043,T16967,900874-91-1,COc1ccc(-c2c(C)nn3c(NCCN4CCOCC4)cc(C)nc23)cc1OC,C22H29N5O3,411.51,2.77,73.15,1,7,7,3,4,0.455,30,0,0,none,1.0,0.9769,0.9908,T16967,Trimetazidine,3-KAT (长链硫解酶),部分脂肪酸氧化抑制剂，代谢调节剂,0.211,无明确优势骨架命中,,,0.0,0.2113,c1ccc(-c2cnn3c(NCCN4CCOCC4)ccnc23)cc1,0.601
1044,T0017,1977/9/8,O=C1OC(c2ccc(O)cc2)(c2ccc(O)cc2)c2ccccc21,C20H14O4,318.33,3.56,66.76,2,4,2,3,4,0.05,24,0,0,none,0.9992,0.9783,0.9908,T0017,Naringenin,PPAR-alpha / SREBP,柑橘黄烷酮，抑制脂肪生成基因并促进脂肪酸氧化,0.216,无明确优势骨架命中,,,0.0,0.2157,O=C1OC(c2ccccc2)(c2ccccc2)c2ccccc21,0.6033
1045,T60736,81-81-2,CC(=O)CC(c1ccccc1)c1c(O)c2ccccc2oc1=O,C19H16O4,308.33,3.61,67.51,1,4,4,3,3,0.158,23,0,0,none,0.9973,0.981,0.9908,T0815L;T60736,Salicylate,"AMPK (direct, beta1)",直接结合 AMPK beta1 变构位点，抑制脂肪生成,0.222,无明确优势骨架命中,,,0.0,0.2222,O=c1oc2ccccc2cc1Cc1ccccc1,0.6065
1046,T27084,927685-43-6,O=C(O)c1cc(NCCc2ccc(C(F)(F)F)cc2)ccc1O,C16H14F3NO3,325.29,3.76,69.56,3,3,5,2,2,0.188,23,3,0,none,0.9846,1.0,0.9908,T27084,Salicylate,"AMPK (direct, beta1)",直接结合 AMPK beta1 变构位点，抑制脂肪生成,0.302,无明确优势骨架命中,,,0.0,0.3023,c1ccc(CCNc2ccccc2)cc1,0.6466
1047,TN1272,29424-96-2,COc1ccc([C@@H]2CC(=O)c3c(O)cc(OC)cc3O2)cc1,C17H16O5,300.31,3.12,64.99,1,5,3,2,3,0.235,22,0,0,none,1.0,0.9767,0.9907,TN1272,Naringenin,PPAR-alpha / SREBP,柑橘黄烷酮，抑制脂肪生成基因并促进脂肪酸氧化,0.659,黄酮/黄烷酮母核,AMPK / SREBP-1c,黄酮类多酚激活 AMPK-SIRT1 轴，抑制 SREBP-1c/FAS/ACC 表达并促进脂噬,0.6,0.82,O=C1CC(c2ccccc2)Oc2ccccc21,0.9054
1048,TN8753,72704-06-4,COc1cc(OC)c2c(c1)O[C@H](c1ccc(O)cc1)CC2=O,C17H16O5,300.31,3.12,64.99,1,5,3,2,3,0.235,22,0,0,none,1.0,0.9767,0.9907,TN8753,Naringenin,PPAR-alpha / SREBP,柑橘黄烷酮，抑制脂肪生成基因并促进脂肪酸氧化,0.596,黄酮/黄烷酮母核,AMPK / SREBP-1c,黄酮类多酚激活 AMPK-SIRT1 轴，抑制 SREBP-1c/FAS/ACC 表达并促进脂噬,0.6,0.82,O=C1CC(c2ccccc2)Oc2ccccc21,0.9054
1049,TN11274,102101-05-3,COc1ccc(C2CC(=O)c3c(O)cc(OC)cc3O2)cc1,C17H16O5,300.31,3.12,64.99,1,5,3,2,3,0.235,22,0,0,none,1.0,0.9767,0.9907,TN11274,Naringenin,PPAR-alpha / SREBP,柑橘黄烷酮，抑制脂肪生成基因并促进脂肪酸氧化,0.659,黄酮/黄烷酮母核,AMPK / SREBP-1c,黄酮类多酚激活 AMPK-SIRT1 轴，抑制 SREBP-1c/FAS/ACC 表达并促进脂噬,0.6,0.82,O=C1CC(c2ccccc2)Oc2ccccc21,0.9054
1050,T6455,186392-40-5,CN(C)C(=O)[C@H](O)[C@H](Cc1ccccc1)NC(=O)c1cc2cc(Cl)ccc2[nH]1,C21H22ClN3O3,399.88,2.61,85.43,3,3,6,3,3,0.238,28,1,0,none,1.0,0.9768,0.9907,T6455,Bezafibrate,PPAR pan,泛 PPAR 弱激动剂，降低血浆与肝内甘油三酯,0.211,无明确优势骨架命中,,,0.0,0.2105,O=C(NCCc1ccccc1)c1cc2ccccc2[nH]1,0.6006
1051,T4265,1321514-06-0,Cc1cc(-c2nnc(N)nc2-c2ccc(F)cc2)cc(Cl)n1,C15H11ClFN5,315.74,3.28,77.58,1,5,2,3,3,0.067,22,2,0,none,1.0,0.9767,0.9907,T4265,Rosuvastatin,HMGCR,亲水性强效 HMGCR 抑制剂，肝选择性摄取(OATP1B1),0.19,无明确优势骨架命中,,,0.0,0.1899,c1ccc(-c2ncnnc2-c2ccncc2)cc1,0.5903
1052,T15303,1955550-51-2,O=C(CF)CNC(=O)[C@H](Cc1ccccc1)NC(=O)c1cccc2ccccc12,C23H21FN2O3,392.43,2.84,75.27,2,3,8,3,3,0.174,29,1,0,none,0.9959,0.9829,0.9907,T15303,Salicylate,"AMPK (direct, beta1)",直接结合 AMPK beta1 变构位点，抑制脂肪生成,0.212,无明确优势骨架命中,,,0.0,0.2115,O=C(NCCc1ccccc1)c1cccc2ccccc12,0.6011
1053,T0537,120013-39-0,COc1cc2c(cc1OC)C(=O)C(CC1CCNCC1)C2,C17H23NO3,289.38,2.45,47.56,1,4,4,1,3,0.588,21,0,0,none,0.9975,0.9802,0.9906,T0537;T80671,Trimetazidine,3-KAT (长链硫解酶),部分脂肪酸氧化抑制剂，代谢调节剂,0.255,无明确优势骨架命中,,,0.0,0.2545,O=C1c2ccccc2CC1CC1CCNCC1,0.6226
1054,T3643,173529-10-7,COc1ccc(S(=O)(=O)Nc2ccccc2/C=C/c2cc[n+]([O-])cc2)cc1,C20H18N2O4S,382.44,3.3,82.34,1,4,6,3,3,0.05,27,0,0,none,1.0,0.9766,0.9906,T3643,GW4064,FXR,非甾体高效 FXR 激动剂工具化合物，抑制 DNL 相关转录程序,0.167,无明确优势骨架命中,,,0.0,0.1667,O=S(=O)(Nc1ccccc1C=Cc1cc[nH+]cc1)c1ccccc1,0.5786
1055,T41326,40054-73-7,CCc1cc2c(s1)-n1c(C)nnc1CN=C2c1ccccc1,C17H16N4S,308.41,3.55,43.07,0,4,2,3,4,0.235,22,0,0,none,0.9843,1.0,0.9906,T41326,Telmisartan,PPAR-gamma partial / AT1R,AT1 受体拮抗兼 PPAR-gamma 部分激动，文献报道减轻肝细胞脂肪变,0.156,无明确优势骨架命中,,,0.0,0.1556,c1ccc(C2=NCc3nncn3-c3sccc32)cc1,0.5731
1056,T23498,1031602-63-7,NC(=O)c1nc(Nc2ccccc2)sc1NC(=O)C1CCCCC1,C17H20N4O2S,344.44,3.5,97.11,3,5,5,2,3,0.353,24,0,0,none,0.9841,1.0,0.9905,T23498,AICAR,AMPK (AMP mimetic),细胞内转化为 ZMP 模拟 AMP 别构激活 AMPK,0.174,无明确优势骨架命中,,,0.0,0.1739,O=C(Nc1cnc(Nc2ccccc2)s1)C1CCCCC1,0.5822
1057,T7071,125-13-3,O=C1Nc2ccccc2C1(c1ccc(O)cc1)c1ccc(O)cc1,C20H15NO3,317.34,3.38,69.56,3,3,2,3,4,0.05,24,0,0,none,1.0,0.9761,0.9905,T7071,Salicylate,"AMPK (direct, beta1)",直接结合 AMPK beta1 变构位点，抑制脂肪生成,0.211,无明确优势骨架命中,,,0.0,0.2105,O=C1Nc2ccccc2C1(c1ccccc1)c1ccccc1,0.6005
1058,T8851,459420-09-8,Cc1cc(=O)[nH]c(SCC(=O)c2cccc3ccccc23)n1,C17H14N2O2S,310.38,3.21,62.82,1,4,4,3,3,0.118,22,0,0,none,1.0,0.9764,0.9905,T8851,Salicylate,"AMPK (direct, beta1)",直接结合 AMPK beta1 变构位点，抑制脂肪生成,0.2,无明确优势骨架命中,,,0.0,0.2,O=C(CSc1nccc(=O)[nH]1)c1cccc2ccccc12,0.5953
1059,T19803,72490-01-8,CCOC(=O)NCCOc1ccc(Oc2ccccc2)cc1,C17H19NO4,301.34,3.6,56.79,1,4,7,2,2,0.235,22,0,0,none,0.9976,0.9799,0.9905,T19803,Etomoxir,CPT1a (抑制剂/阴性对照),CPT1 不可逆抑制剂，作为脂肪酸氧化通路机制阴性对照,0.333,无明确优势骨架命中,,,0.0,0.3333,c1ccc(Oc2ccccc2)cc1,0.6619
1060,T5513,1026582-88-6,COc1cc(Cc2cnc(N)nc2N)c(C(C)C)cc1OC,C16H22N4O2,302.38,2.37,96.28,2,6,5,2,2,0.375,22,0,0,none,0.9839,1.0,0.9904,T5513,VK2809 active acid (MB07344),THR-beta,肝靶向 THR-beta 激动剂活性代谢物；促进脂肪酸氧化与 LDL-C 清除,0.169,无明确优势骨架命中,,,0.0,0.1692,c1ccc(Cc2cncnc2)cc1,0.5798
1061,T14491,1202764-53-1,CC(O)(C#Cc1ccc2c(c1)N(c1nc(N)ncc1Cl)CC2)c1nccs1,C19H16ClN5OS,397.89,3.12,88.16,2,7,2,3,4,0.211,27,1,0,none,1.0,0.9761,0.9904,T14491,Lanifibranor,PPAR pan (alpha/delta/gamma),泛 PPAR 激动，促进 beta-氧化、抑制脂肪生成与炎症纤维化,0.186,无明确优势骨架命中,,,0.0,0.186,C(#Cc1ccc2c(c1)N(c1ccncn1)CC2)Cc1nccs1,0.5882
1062,T23808,1801151-08-5,Cc1ccc(CN2CC[C@@H](N3CC[C@@H](c4ccc(O)cc4)[C@H](F)C3)C2=O)cc1,C23H27FN2O2,382.48,3.63,43.78,1,3,4,2,4,0.435,28,1,0,none,0.9841,1.0,0.9904,T23808,Ezetimibe,NPC1L1,抑制胆固醇再摄取，降低肝内胆固醇酯负荷,0.243,无明确优势骨架命中,,,0.0,0.2432,O=C1C(N2CCC(c3ccccc3)CC2)CCN1Cc1ccccc1,0.6168
1063,T26360,2062-84-2,O=C(CCCN1CCC(n2c(=O)[nH]c3ccccc32)CC1)c1ccc(F)cc1,C22H24FN3O2,381.45,3.77,58.1,1,3,6,3,4,0.364,28,1,0,none,0.984,1.0,0.9904,T26360,Fluvastatin,HMGCR,全合成 HMGCR 抑制剂,0.217,无明确优势骨架命中,,,0.0,0.2169,O=C(CCCN1CCC(n2c(=O)[nH]c3ccccc32)CC1)c1ccccc1,0.6036
1064,T0222,5875-06-9,CCCOc1ccc(C(=O)OCCN(CC)CC)cc1N,C16H26N2O3,294.39,2.56,64.79,1,5,9,1,1,0.562,21,0,0,none,0.9851,0.9982,0.9903,T0222,Gemfibrozil,PPAR-alpha,苯氧戊酸类 PPAR-alpha 激动剂，抑制肝脏 VLDL-TG 分泌,0.233,无明确优势骨架命中,,,0.0,0.2333,c1ccccc1,0.6118
1065,T27678,959740-39-7,O=C(c1ccc(Oc2ccc(F)cc2)nc1)N1CCCN(C2CCC2)CC1,C21H24FN3O2,369.44,3.71,45.67,0,4,4,2,4,0.429,27,1,0,none,0.9839,1.0,0.9903,T27678,PF-06424439 (DGAT2i),DGAT2,二酰甘油酰基转移酶2 抑制剂，直接阻断甘油三酯酯化终末步骤,0.264,哌嗪/哌啶杂芳基甲酰胺,SCD1 / DGAT2,脂质酶抑制剂常见的环胺-酰胺连接模式，倾向作用于 SCD1/DGAT2 等内质网膜结合型脂质合成酶,0.55,0.5114,O=C(c1ccc(Oc2ccccc2)nc1)N1CCCN(C2CCC2)CC1,0.7508
1066,T13830,550-83-4,CCCOc1cc(N)ccc1C(=O)OCCN(CC)CC,C16H26N2O3,294.4,2.56,64.79,1,5,9,1,1,0.562,21,0,0,none,0.9851,0.9982,0.9903,T13830,Gemfibrozil,PPAR-alpha,苯氧戊酸类 PPAR-alpha 激动剂，抑制肝脏 VLDL-TG 分泌,0.233,无明确优势骨架命中,,,0.0,0.2333,c1ccccc1,0.6118
1067,T35326,96441-14-4,CC(CCc1ccccc1)NCC(=O)c1ccc(O)c(C(N)=O)c1,C19H22N2O3,326.4,2.28,92.42,3,4,8,2,2,0.263,24,0,0,none,0.9838,1.0,0.9903,T35326,Salicylate,"AMPK (direct, beta1)",直接结合 AMPK beta1 变构位点，抑制脂肪生成,0.265,无明确优势骨架命中,,,0.0,0.2653,O=C(CNCCCc1ccccc1)c1ccccc1,0.6278
1068,T26897,1821669-43-5,CC(=O)Nc1ccc(C(=O)Nc2cc(-c3ccncc3)ccc2N)cc1,C20H18N4O2,346.39,3.54,97.11,3,4,4,3,3,0.05,26,0,0,none,0.9838,1.0,0.9903,T26897,Nicotinic acid (Niacin),HCAR2 / DGAT2,抑制脂肪组织脂解并弱抑制 DGAT2，减少肝内 VLDL 底物供应,0.192,无明确优势骨架命中,,,0.0,0.1923,O=C(Nc1cccc(-c2ccncc2)c1)c1ccccc1,0.5913
1069,T2199,88671-89-0,CCCCC(C#N)(Cn1cncn1)c1ccc(Cl)cc1,C15H17ClN4,288.78,3.58,54.5,0,3,6,2,2,0.4,20,1,0,none,0.9984,0.978,0.9903,T2199,Bezafibrate,PPAR pan,泛 PPAR 弱激动剂，降低血浆与肝内甘油三酯,0.186,无明确优势骨架命中,,,0.0,0.1857,c1ccc(CCn2cncn2)cc1,0.588
1070,T14116,899821-23-9,Cc1c(N2[C@@H]3CC[C@H]2C[C@@](C)(O)C3)ccc(C#N)c1Cl,C16H19ClN2O,290.79,3.4,47.26,1,3,1,1,3,0.562,20,1,0,none,0.9936,0.9854,0.9903,T14116,Ciprofibrate,PPAR-alpha,长效贝特类，诱导过氧化物酶体增殖与脂肪酸 beta-氧化,0.161,无明确优势骨架命中,,,0.0,0.1613,c1ccc(N2C3CCCC2CC3)cc1,0.5758
1071,T0714,53716-50-0,COC(=O)Nc1nc2ccc(S(=O)c3ccccc3)cc2[nH]1,C15H13N3O3S,315.35,2.91,84.08,2,4,3,3,3,0.067,22,0,0,none,1.0,0.9758,0.9903,T0714,Ranolazine,pFOX / 晚钠电流,部分脂肪酸氧化抑制，改善代谢底物利用,0.182,无明确优势骨架命中,,,0.0,0.1818,O=S(c1ccccc1)c1ccc2nc[nH]c2c1,0.586
1072,T25548,1638611-48-9,CNS(=O)(=O)c1ccc(CCNC(=O)c2cc(Cl)ccc2OC)cc1,C17H19ClN2O4S,382.87,2.23,84.5,2,4,7,2,2,0.235,25,1,0,none,0.9838,1.0,0.9903,T25548,Bezafibrate,PPAR pan,泛 PPAR 弱激动剂，降低血浆与肝内甘油三酯,0.381,无明确优势骨架命中,,,0.0,0.381,O=C(NCCc1ccccc1)c1ccccc1,0.6856
1073,T6434,883050-24-6,Cc1ccc(-n2sc(=O)n(Cc3ccc(F)cc3)c2=O)cc1,C16H13FN2O2S,316.36,2.56,44.0,0,3,3,3,3,0.125,22,1,0,none,0.9886,0.9927,0.9903,T6434,Ezetimibe,NPC1L1,抑制胆固醇再摄取，降低肝内胆固醇酯负荷,0.215,无明确优势骨架命中,,,0.0,0.2154,O=c1sn(-c2ccccc2)c(=O)n1Cc1ccccc1,0.6028
1074,T30606L,58409-59-9,Cc1ccc(OCC(O)CNC(C)(C)C)c2oc(=O)ccc12,C17H23NO4,305.37,2.23,71.7,2,5,5,2,2,0.471,22,0,0,none,0.9838,1.0,0.9903,T30606L,Ranolazine,pFOX / 晚钠电流,部分脂肪酸氧化抑制，改善代谢底物利用,0.257,无明确优势骨架命中,,,0.0,0.2568,O=c1ccc2ccccc2o1,0.6235
1075,T16503,1029317-21-2,Cn1nccc1-c1ccc(Sc2cccc(C3(C(N)=O)CCOCC3)c2)cc1,C22H23N3O2S,393.51,3.77,70.14,1,4,5,3,4,0.273,28,0,0,none,0.9837,1.0,0.9902,T16503,ACC inhibitor chemotype (firsocostat-like proxy),ACC1/ACC2,变构抑制乙酰辅酶A羧化酶，降低丙二酰辅酶A、阻断新发脂质合成(DNL)并解除 CPT1 抑制,0.266,无明确优势骨架命中,,,0.0,0.2658,c1cc(Sc2ccc(-c3ccn[nH]3)cc2)cc(C2CCOCC2)c1,0.628
1076,T24182,909207-35-8,O=C(NCCCn1ccnc1)c1cc(-c2cccs2)on1,C14H14N4O2S,302.36,2.42,72.95,1,5,6,3,3,0.214,21,0,0,none,0.9986,0.9778,0.9902,T24182,Nicotinic acid (Niacin),HCAR2 / DGAT2,抑制脂肪组织脂解并弱抑制 DGAT2，减少肝内 VLDL 底物供应,0.167,无明确优势骨架命中,,,0.0,0.1667,O=C(NCCCn1ccnc1)c1cc(-c2cccs2)on1,0.5784
1077,T10722,486449-65-4,O=C(O)c1ccc(-n2nc3c4cccc(F)c4[nH]cc-3c2=O)cc1,C17H10FN3O3,323.28,2.66,87.98,2,3,2,2,4,0.0,24,1,0,none,1.0,0.9755,0.9902,T10722,Nicotinic acid (Niacin),HCAR2 / DGAT2,抑制脂肪组织脂解并弱抑制 DGAT2，减少肝内 VLDL 底物供应,0.222,无明确优势骨架命中,,,0.0,0.2222,O=c1c2c[nH]c3ccccc3c-2nn1-c1ccccc1,0.6062
1078,T11793,1228280-29-2,Cc1ccc(C(=O)Nc2sc(Nc3ccccc3)nc2C(N)=O)cc1,C18H16N4O2S,352.42,3.55,97.11,3,5,5,3,3,0.056,25,0,0,none,0.9837,1.0,0.9902,T11793,Ranolazine,pFOX / 晚钠电流,部分脂肪酸氧化抑制，改善代谢底物利用,0.197,无明确优势骨架命中,,,0.0,0.1974,O=C(Nc1cnc(Nc2ccccc2)s1)c1ccccc1,0.5938
1079,T5625,17924-92-4,CC1CCCC(=O)CCC/C=C/c2cc(O)cc(O)c2C(=O)O1,C18H22O5,318.37,3.58,83.83,2,5,0,1,2,0.444,23,0,0,none,0.9836,1.0,0.9902,T5625,Naringenin,PPAR-alpha / SREBP,柑橘黄烷酮，抑制脂肪生成基因并促进脂肪酸氧化,0.283,无明确优势骨架命中,,,0.0,0.2833,O=C1CCCC=Cc2ccccc2C(=O)OCCCC1,0.6367
1080,T25758,1185410-60-9,CC(=O)c1cccc(-c2cccc(-c3ccn(CCN4CCOCC4)n3)c2)c1,C23H25N3O2,375.47,3.75,47.36,0,4,6,3,4,0.304,28,0,0,none,0.9837,1.0,0.9902,T25758,PF-06424439 (DGAT2i),DGAT2,二酰甘油酰基转移酶2 抑制剂，直接阻断甘油三酯酯化终末步骤,0.243,无明确优势骨架命中,,,0.0,0.2429,c1ccc(-c2cccc(-c3ccn(CCN4CCOCC4)n3)c2)cc1,0.6165
1081,T11908,1779796-27-8,CN(CCOc1ccc(-c2ccc3c(c2)OCO3)cc1C(C)(C)C)CC(=O)O,C22H27NO5,385.46,3.78,68.23,1,5,7,2,3,0.409,28,0,0,none,0.9833,1.0,0.99,T11908,Gemfibrozil,PPAR-alpha,苯氧戊酸类 PPAR-alpha 激动剂，抑制肝脏 VLDL-TG 分泌,0.258,无明确优势骨架命中,,,0.0,0.2576,c1ccc(-c2ccc3c(c2)OCO3)cc1,0.6238
1082,T22049,215307-86-1,CC1(C)C(=O)C(C)(C)c2cc(C(=O)Nc3ccc(C(=O)O)cc3)ccc21,C21H21NO4,351.4,3.78,83.47,2,3,3,2,3,0.286,26,0,0,none,0.9833,1.0,0.99,T22049,Nicotinic acid (Niacin),HCAR2 / DGAT2,抑制脂肪组织脂解并弱抑制 DGAT2，减少肝内 VLDL 底物供应,0.217,无明确优势骨架命中,,,0.0,0.2174,O=C1Cc2ccc(C(=O)Nc3ccccc3)cc2C1,0.6037
1083,T4515,1032229-33-6,CNC(=O)c1cccc(NC(=O)N2CCC(Oc3ccccc3Cl)CC2)c1,C20H22ClN3O3,387.87,3.77,70.67,2,3,4,2,3,0.3,27,1,0,none,0.9833,1.0,0.99,T4515,Ervogastat (PF-06865571),DGAT2,口服 DGAT2 抑制剂，降低肝内甘油三酯合成与 VLDL 分泌,0.307,杂芳基脲 (DGAT2/SCD1 型),DGAT2 / SCD1,杂芳基脲连接的哌啶醚母核，抑制 DGAT2 或 SCD1，减少甘油三酯与单不饱和脂肪酸生成，降低脂滴体积,0.68,0.6127,O=C(Nc1ccccc1)N1CCC(Oc2ccccc2)CC1,0.8014
1084,T9247,871814-52-7,CC(C)c1nc2cc(O)ccc2c(=O)n1-c1ccc(C#N)cc1,C18H15N3O2,305.34,3.09,78.91,1,4,2,3,3,0.167,23,0,0,none,1.0,0.9747,0.9899,T9247,Resmetirom (MGL-3196),THR-beta,肝脏选择性甲状腺激素受体 beta 激动；上调 CPT1A/线粒体 beta-氧化与脂噬，降低肝内甘油三酯,0.205,无明确优势骨架命中,,,0.0,0.2051,O=c1c2ccccc2ncn1-c1ccccc1,0.5975
1085,T15396,1421448-26-1,c1ccc2c(c1)Cc1c(Nc3ccc4c(c3)OCCO4)n[nH]c1-2,C18H15N3O2,305.34,3.5,59.17,2,4,2,3,5,0.167,23,0,0,none,1.0,0.9747,0.9899,T15396,Berberine,AMPK / PCSK9 / LDLR,原小檗碱型生物碱，激活 AMPK 并稳定 LDLR mRNA，HepG2 经典降脂阳性对照,0.141,无明确优势骨架命中,,,0.0,0.141,c1ccc2c(c1)Cc1c(Nc3ccc4c(c3)OCCO4)n[nH]c1-2,0.5654
1086,T13783,2327925-35-7,Cc1cc(N(C)C)nc(Nc2ccc(NC(=O)Cc3ccccc3)cc2)n1,C21H23N5O,361.45,3.78,70.15,2,5,6,3,3,0.19,27,0,0,none,0.9832,1.0,0.9899,T13783,Ranolazine,pFOX / 晚钠电流,部分脂肪酸氧化抑制，改善代谢底物利用,0.192,无明确优势骨架命中,,,0.0,0.1923,O=C(Cc1ccccc1)Nc1ccc(Nc2ncccn2)cc1,0.5911
1087,T1446,81732-46-9,CN(C)C(=O)Oc1cc(OC(=O)N(C)C)cc(C(O)CNC(C)(C)C)c1,C18H29N3O5,367.45,2.23,91.34,2,6,5,1,1,0.556,26,0,0,none,0.9832,1.0,0.9899,T1446,Ciprofibrate,PPAR-alpha,长效贝特类，诱导过氧化物酶体增殖与脂肪酸 beta-氧化,0.19,无明确优势骨架命中,,,0.0,0.1897,c1ccccc1,0.5898
1088,T6762,836620-48-5,CCn1cc(C(=O)O)c(=O)c2c(N)c(F)c(NC3CCCCC3)cc21,C18H22FN3O3,347.39,3.19,97.35,3,4,4,2,3,0.444,25,1,0,none,0.9831,1.0,0.9898,T6762,TVB-2640 (Denifanstat),FASN,脂肪酸合酶 beta-酮脂酰还原酶结构域抑制剂，直接阻断棕榈酸从头合成,0.172,无明确优势骨架命中,,,0.0,0.172,O=c1cc[nH]c2cc(NC3CCCCC3)ccc12,0.5809
1089,T6924,920113-03-7,CN1CC[C@@H](c2c(O)cc(O)c3c(=O)cc(-c4ccccc4Cl)oc23)[C@@H]1CO,C21H20ClNO5,401.85,3.3,94.14,3,6,3,3,4,0.286,28,1,0,none,0.9946,0.9823,0.9897,T6924,VK2809 active acid (MB07344),THR-beta,肝靶向 THR-beta 激动剂活性代谢物；促进脂肪酸氧化与 LDL-C 清除,0.175,黄酮/黄烷酮母核,AMPK / SREBP-1c,黄酮类多酚激活 AMPK-SIRT1 轴，抑制 SREBP-1c/FAS/ACC 表达并促进脂噬,0.6,0.445,O=c1cc(-c2ccccc2)oc2c(C3CCNC3)cccc12,0.7174
1090,T2615,131740-09-5,CN1CC[C@H](c2c(O)cc(O)c3c(=O)cc(-c4ccccc4Cl)oc23)[C@H](O)C1,C21H20ClNO5,401.85,3.3,94.14,3,6,2,3,4,0.286,28,1,0,none,0.9946,0.9823,0.9897,T2615;T6837,Naringenin,PPAR-alpha / SREBP,柑橘黄烷酮，抑制脂肪生成基因并促进脂肪酸氧化,0.158,黄酮/黄烷酮母核,AMPK / SREBP-1c,黄酮类多酚激活 AMPK-SIRT1 轴，抑制 SREBP-1c/FAS/ACC 表达并促进脂噬,0.6,0.4279,O=c1cc(-c2ccccc2)oc2c(C3CCNCC3)cccc12,0.7088
1091,T5315,864941-32-2,CCOC(=O)NC(=O)c1ccsc1NC(=O)c1nc2ccccc2s1,C16H13N3O4S2,375.43,3.5,97.39,2,7,4,3,3,0.125,25,0,0,none,0.9829,1.0,0.9897,T5315,Telmisartan,PPAR-gamma partial / AT1R,AT1 受体拮抗兼 PPAR-gamma 部分激动，文献报道减轻肝细胞脂肪变,0.216,无明确优势骨架命中,,,0.0,0.2159,O=C(Nc1cccs1)c1nc2ccccc2s1,0.6028
1092,T9447,1446711-81-4,Cc1n[nH]c(C)c1CCCOc1cc(C(=O)O)ccc1F,C15H17FN2O3,292.31,2.88,75.21,2,3,6,2,2,0.333,21,1,0,none,1.0,0.9742,0.9897,T39740;T9447,Gemfibrozil,PPAR-alpha,苯氧戊酸类 PPAR-alpha 激动剂，抑制肝脏 VLDL-TG 分泌,0.283,无明确优势骨架命中,,,0.0,0.2833,c1ccc(OCCCc2cn[nH]c2)cc1,0.6365
1093,T14901,1607837-31-9,Cn1ncc2cc(-c3cnc(N)c(Cl)c3N3CCC4(CCNC4=O)CC3)ccc21,C21H23ClN6O,410.91,2.98,89.07,2,5,2,3,5,0.381,29,1,0,none,1.0,0.9744,0.9897,T14901,Ervogastat (PF-06865571),DGAT2,口服 DGAT2 抑制剂，降低肝内甘油三酯合成与 VLDL 分泌,0.152,无明确优势骨架命中,,,0.0,0.1522,O=C1NCCC12CCN(c1ccncc1-c1ccc3[nH]ncc3c1)CC2,0.571
1094,T78232,28705-46-6,CCOC(=O)c1cc2ccc(N(CC)CC)cc2oc1=O,C16H19NO4,289.33,2.82,59.75,0,5,5,2,2,0.375,21,0,0,none,1.0,0.9738,0.9895,T78232,Etomoxir,CPT1a (抑制剂/阴性对照),CPT1 不可逆抑制剂，作为脂肪酸氧化通路机制阴性对照,0.209,无明确优势骨架命中,,,0.0,0.209,O=c1ccc2ccccc2o1,0.5993
1095,T7018,1223397-11-2,O=C(Oc1cccc(F)c1OC(=O)c1cccc(O)c1)c1cccc(O)c1,C20H13FO6,368.32,3.68,93.06,2,6,4,3,3,0.0,27,1,0,none,0.9902,0.9884,0.9895,T7018,Nicotinic acid (Niacin),HCAR2 / DGAT2,抑制脂肪组织脂解并弱抑制 DGAT2，减少肝内 VLDL 底物供应,0.2,无明确优势骨架命中,,,0.0,0.2,O=C(Oc1ccccc1OC(=O)c1ccccc1)c1ccccc1,0.5948
1096,T79145,1383376-92-8,Cn1cc(-c2ccnc3c2C(=O)OC3)c(-c2ccc(F)cc2)n1,C17H12FN3O2,309.3,2.96,57.01,0,4,2,3,4,0.118,23,1,0,none,1.0,0.9735,0.9894,T79145,Atorvastatin,HMGCR,HMG-CoA 还原酶抑制，降低胆固醇合成并上调 LDLR,0.186,无明确优势骨架命中,,,0.0,0.186,O=C1OCc2nccc(-c3c[nH]nc3-c3ccccc3)c21,0.5877
1097,T71952,1396858-56-2,O=S(=O)(NCC1(O)CCOc2ccccc21)c1ccc(Br)s1,C14H14BrNO4S2,404.31,2.46,75.63,2,5,4,2,3,0.286,22,1,0,none,0.9996,0.9741,0.9894,T71952,Fenretinide (4-HPR),DES1 / RBP4,视黄酰胺，抑制二氢神经酰胺去饱和酶，改善肝脂肪变,0.128,无明确优势骨架命中,,,0.0,0.1279,O=S(=O)(NCC1CCOc2ccccc21)c1cccs1,0.5586
1098,T24588,98410-36-7,CC(C)n1nc(-c2cccc(Cl)c2Cl)c(N)nc1=N,C12H13Cl2N5,298.18,2.89,80.58,2,4,2,2,2,0.25,19,2,0,none,1.0,0.9735,0.9894,T24588,GW4064,FXR,非甾体高效 FXR 激动剂工具化合物，抑制 DNL 相关转录程序,0.163,无明确优势骨架命中,,,0.0,0.1628,N=c1ncc(-c2ccccc2)n[nH]1,0.5761
1099,TN1586,6659-45-6,COc1cc2c(cc1OC)[C@@H]1C(=O)c3ccc4c(c3O[C@@H]1CO2)C[C@H](C(C)C)O4,C23H24O6,396.44,3.78,63.22,0,6,3,2,5,0.435,29,0,0,none,0.9823,1.0,0.9894,TN1586,Berberine,AMPK / PCSK9 / LDLR,原小檗碱型生物碱，激活 AMPK 并稳定 LDLR mRNA，HepG2 经典降脂阳性对照,0.241,无明确优势骨架命中,,,0.0,0.2405,O=C1c2ccc3c(c2OC2COc4ccccc4C12)CCO3,0.615
1100,T80792,179051-05-9,O=S(=O)(NC1CCN(Cc2ccccc2)CC1)c1ccc2ccccc2c1,C22H24N2O2S,380.51,3.78,49.41,1,3,5,3,4,0.273,27,0,0,none,0.9823,1.0,0.9894,T80792,Lanifibranor,PPAR pan (alpha/delta/gamma),泛 PPAR 激动，促进 beta-氧化、抑制脂肪生成与炎症纤维化,0.232,无明确优势骨架命中,,,0.0,0.2319,O=S(=O)(NC1CCN(Cc2ccccc2)CC1)c1ccc2ccccc2c1,0.6106
1101,T8513,2351882-11-4,CC(C)[C@@H]1CN(c2nc(Nc3cc(C(C)(C)C)[nH]n3)c3cc[nH]c3n2)CCN1,C20H30N8,382.52,3.16,97.55,4,6,4,3,4,0.55,28,0,0,none,0.9822,1.0,0.9893,T8513,TVB-2640 (Denifanstat),FASN,脂肪酸合酶 beta-酮脂酰还原酶结构域抑制剂，直接阻断棕榈酸从头合成,0.137,无明确优势骨架命中,,,0.0,0.1373,c1cc(Nc2nc(N3CCNCC3)nc3[nH]ccc23)n[nH]1,0.5633
1102,T1958,1233339-22-4,C[C@@H]1COCCN1c1cc(C2(S(C)(=O)=O)CC2)nc(-c2cccc3[nH]ccc23)n1,C21H24N4O3S,412.52,2.88,88.18,1,6,4,3,5,0.429,29,0,0,none,1.0,0.9731,0.9892,T1958,PF-06424439 (DGAT2i),DGAT2,二酰甘油酰基转移酶2 抑制剂，直接阻断甘油三酯酯化终末步骤,0.176,无明确优势骨架命中,,,0.0,0.1765,c1cc(-c2nc(C3CC3)cc(N3CCOCC3)n2)c2cc[nH]c2c1,0.5828
1103,T6026,1446144-04-2,Cc1sc2c(c1C)C(c1ccc(Cl)cc1)=N[C@@H](CC(N)=O)c1nnc(C)n1-2,C19H18ClN5OS,399.91,3.67,86.16,1,5,3,3,4,0.263,27,1,0,none,0.9932,0.9829,0.9891,T6026,Etomoxir,CPT1a (抑制剂/阴性对照),CPT1 不可逆抑制剂，作为脂肪酸氧化通路机制阴性对照,0.192,无明确优势骨架命中,,,0.0,0.1923,c1ccc(C2=NCc3nncn3-c3sccc32)cc1,0.5907
1104,T9446,2416874-75-2,CCC(CC)c1cc(N[C@H]2CC[C@H](N)C2)n2nccc2n1,C16H25N5,287.41,2.92,68.24,2,4,5,2,3,0.625,21,0,0,none,1.0,0.9728,0.9891,T9446,TVB-2640 (Denifanstat),FASN,脂肪酸合酶 beta-酮脂酰还原酶结构域抑制剂，直接阻断棕榈酸从头合成,0.141,无明确优势骨架命中,,,0.0,0.1413,c1cc(NC2CCCC2)n2nccc2n1,0.5652
1105,T5427,1150701-66-8,Cc1c(C(=O)Nc2ccc(CO)cc2)nnn1Cc1ccc(Cl)c(Cl)c1,C18H16Cl2N4O2,391.26,3.69,80.04,2,4,5,3,3,0.167,26,2,0,none,0.9923,0.9843,0.9891,T5427,Lanifibranor,PPAR pan (alpha/delta/gamma),泛 PPAR 激动，促进 beta-氧化、抑制脂肪生成与炎症纤维化,0.216,无明确优势骨架命中,,,0.0,0.2162,O=C(Nc1ccccc1)c1cn(Cc2ccccc2)nn1,0.6026
1106,T2442,202591-23-9,Cc1sc2c(c1C)C(c1ccc(Cl)cc1)=NC(CC(N)=O)c1nnc(C)n1-2,C19H18ClN5OS,399.91,3.67,86.16,1,5,3,3,4,0.263,27,1,0,none,0.9932,0.9829,0.9891,T2442,Etomoxir,CPT1a (抑制剂/阴性对照),CPT1 不可逆抑制剂，作为脂肪酸氧化通路机制阴性对照,0.192,无明确优势骨架命中,,,0.0,0.1923,c1ccc(C2=NCc3nncn3-c3sccc32)cc1,0.5907
1107,T6900,1831110-54-3,CC(C)Oc1ccc(-c2c[nH]cc2CN(C)CCN)cc1,C17H25N3O,287.41,2.86,54.28,2,3,7,2,2,0.412,21,0,0,none,1.0,0.9728,0.9891,T61338;T6900,Rosiglitazone,PPAR-gamma,TZD 类 PPAR-gamma 全激动剂，改善胰岛素抵抗与肝内脂肪蓄积,0.173,无明确优势骨架命中,,,0.0,0.1733,c1ccc(-c2cc[nH]c2)cc1,0.5812
1108,T1002,41340-25-4,CCc1cccc2c3c([nH]c12)C(CC)(CC(=O)O)OCC3,C17H21NO3,287.36,3.38,62.32,2,2,4,2,3,0.471,21,0,0,none,1.0,0.9726,0.9891,T1002,Etomoxir,CPT1a (抑制剂/阴性对照),CPT1 不可逆抑制剂，作为脂肪酸氧化通路机制阴性对照,0.178,无明确优势骨架命中,,,0.0,0.1781,c1ccc2c3c([nH]c2c1)COCC3,0.5836
1109,TN2068,4684-32-6,C/C=C1/CN2[C@@H]3C[C@@]45c6ccccc6N[C@]4(O3)[C@@H]2C[C@@H]1[C@H]5C(=O)OC,C20H22N2O3,338.41,2.25,50.8,1,5,1,1,6,0.55,25,0,0,none,0.9816,1.0,0.989,TN2068,Ciprofibrate,PPAR-alpha,长效贝特类，诱导过氧化物酶体增殖与脂肪酸 beta-氧化,0.154,无明确优势骨架命中,,,0.0,0.1538,C=C1CN2C3CC45CC1CC2C4(Nc1ccccc15)O3,0.5714
1110,T10232,5714-00-1,CC(=O)c1ccc2c(c1)N(CCCN1CCN(CCO)CC1)c1ccccc1S2,C23H29N3O2S,411.57,3.49,47.02,1,6,7,2,4,0.435,29,0,0,none,0.9972,0.9767,0.989,T10232;T60195,Ranolazine,pFOX / 晚钠电流,部分脂肪酸氧化抑制，改善代谢底物利用,0.188,无明确优势骨架命中,,,0.0,0.1875,c1ccc2c(c1)Sc1ccccc1N2CCCN1CCNCC1,0.5882
1111,T0219,181695-72-7,Cc1onc(-c2ccccc2)c1-c1ccc(S(N)(=O)=O)cc1,C16H14N2O3S,314.37,2.96,86.19,1,4,3,3,3,0.062,22,0,0,none,1.0,0.9725,0.989,T0219,GW4064,FXR,非甾体高效 FXR 激动剂工具化合物，抑制 DNL 相关转录程序,0.198,无明确优势骨架命中,,,0.0,0.1975,c1ccc(-c2conc2-c2ccccc2)cc1,0.5933
1112,T2013,72702-95-5,O=C(O)Cc1nn(Cc2ccc(Br)cc2F)c(=O)c2ccccc12,C17H12BrFN2O3,391.2,2.97,72.19,1,3,4,3,3,0.118,24,2,0,none,1.0,0.9722,0.9889,T2013,Fluvastatin,HMGCR,全合成 HMGCR 抑制剂,0.2,无明确优势骨架命中,,,0.0,0.2,O=c1c2ccccc2cnn1Cc1ccccc1,0.5944
1113,T21482,83657-22-1,CC(C)(C)C(O)/C(=C\c1ccc(Cl)cc1)n1cncn1,C15H18ClN3O,291.78,3.34,50.94,1,3,3,2,2,0.333,20,1,0,none,1.0,0.9723,0.9889,T21482,Fenofibric acid,PPAR-alpha,激活 PPAR-alpha 上调 CPT1/ACOX1，增强线粒体与过氧化物酶体脂肪酸氧化,0.236,无明确优势骨架命中,,,0.0,0.2364,C(=Cn1cncn1)c1ccccc1,0.6126
1114,T15030,1247879-16-8,O=C(O)[C@H]1CSC(c2nc3cc4c(cc3s2)NCC4)=N1,C13H11N3O2S2,305.38,2.21,74.58,2,6,2,2,4,0.308,20,0,0,none,0.9816,1.0,0.9889,T15030,Nicotinic acid (Niacin),HCAR2 / DGAT2,抑制脂肪组织脂解并弱抑制 DGAT2，减少肝内 VLDL 底物供应,0.155,无明确优势骨架命中,,,0.0,0.1552,c1c2c(cc3sc(C4=NCCS4)nc13)NCC2,0.572
1115,T73587,93392-97-3,COc1ccc(CCNCCC(=O)N2CCCSc3ccccc32)cc1OC,C22H28N2O3S,400.54,3.76,50.8,1,5,8,2,3,0.409,28,0,0,none,0.9816,1.0,0.9889,T27753;T73587,Ranolazine,pFOX / 晚钠电流,部分脂肪酸氧化抑制，改善代谢底物利用,0.241,无明确优势骨架命中,,,0.0,0.241,O=C(CCNCCc1ccccc1)N1CCCSc2ccccc21,0.615
1116,T64367,261522-33-2,C=C(NC(=O)OCC1c2ccccc2-c2ccccc21)C(=O)O,C18H15NO4,309.32,3.12,75.63,2,3,4,2,3,0.111,23,0,0,none,1.0,0.9719,0.9888,T64367,Salicylate,"AMPK (direct, beta1)",直接结合 AMPK beta1 变构位点，抑制脂肪生成,0.205,无明确优势骨架命中,,,0.0,0.2045,c1ccc2c(c1)Cc1ccccc1-2,0.5966
1117,T26987,319425-66-6,CCCCCc1ccc(-c2cc3cn([C@H]4C[C@H](O)[C@@H](CO)O4)c(=O)nc3o2)cc1,C22H26N2O5,398.46,3.03,97.72,2,6,7,3,4,0.455,29,0,0,none,0.9814,1.0,0.9888,T26987,AICAR,AMPK (AMP mimetic),细胞内转化为 ZMP 模拟 AMP 别构激活 AMPK,0.221,无明确优势骨架命中,,,0.0,0.2208,O=c1nc2oc(-c3ccccc3)cc2cn1C1CCCO1,0.6048
1118,T85333,2241311-72-6,COc1ccc2c(c1)nc(NCCCCNC(=O)CC(C)C)c1nnc(C)n12,C20H28N6O2,384.48,2.95,93.44,2,6,9,3,3,0.5,28,0,0,none,0.9813,1.0,0.9888,T85333,Ranolazine,pFOX / 晚钠电流,部分脂肪酸氧化抑制，改善代谢底物利用,0.195,无明确优势骨架命中,,,0.0,0.1954,c1ccc2c(c1)ncc1nncn12,0.5921
1119,T3993,338747-41-4,COc1ccc(Cn2cc(C(=O)O)c(=O)c3ccccc32)cc1,C18H15NO4,309.32,2.76,68.53,1,3,4,3,3,0.111,23,0,0,none,1.0,0.9719,0.9888,T3993,Telmisartan,PPAR-gamma partial / AT1R,AT1 受体拮抗兼 PPAR-gamma 部分激动，文献报道减轻肝细胞脂肪变,0.263,无明确优势骨架命中,,,0.0,0.2625,O=c1ccn(Cc2ccccc2)c2ccccc12,0.6256
1120,TN7171,3354-82-3,Oc1c(Br)c(O)c(Br)c(O)c1Br,C6H3Br3O3,362.8,3.09,60.69,3,3,0,1,1,0.0,12,3,0,none,0.9851,0.9943,0.9888,TN7171,Salicylate,"AMPK (direct, beta1)",直接结合 AMPK beta1 变构位点，抑制脂肪生成,0.125,无明确优势骨架命中,,,0.0,0.125,c1ccccc1,0.5569
1121,T1768,1472624-85-3,CN(Cc1ccccc1)c1ccc2cc(C(=O)O)c(=O)oc2c1,C18H15NO4,309.32,3.13,70.75,1,4,4,3,3,0.111,23,0,0,none,1.0,0.9719,0.9888,T1768,Salicylate,"AMPK (direct, beta1)",直接结合 AMPK beta1 变构位点，抑制脂肪生成,0.255,无明确优势骨架命中,,,0.0,0.2553,O=c1ccc2ccc(NCc3ccccc3)cc2o1,0.622
1122,T4346,115088-06-7,O=C(CCCSSc1ccccn1)ON1C(=O)CCC1=O,C13H14N2O4S2,326.4,2.21,76.57,0,7,7,1,2,0.385,21,0,0,none,0.9814,1.0,0.9888,T4346,Rosiglitazone,PPAR-gamma,TZD 类 PPAR-gamma 全激动剂，改善胰岛素抵抗与肝内脂肪蓄积,0.197,无明确优势骨架命中,,,0.0,0.1974,O=C(CCCSSc1ccccn1)ON1C(=O)CCC1=O,0.5931
1123,T72078,1026587-58-5,CCOc1ccc(NC(=O)c2ccc(-c3nnn[nH]3)cc2)cc1,C16H15N5O2,309.33,2.52,92.79,2,5,5,3,3,0.125,23,0,0,none,0.9975,0.9754,0.9887,T72078,Bezafibrate,PPAR pan,泛 PPAR 弱激动剂，降低血浆与肝内甘油三酯,0.235,无明确优势骨架命中,,,0.0,0.2353,O=C(Nc1ccccc1)c1ccc(-c2nnn[nH]2)cc1,0.612
1124,T73042,176442-56-1,O=c1oc(-c2ccc(I)cc2)nc2ccccc12,C14H8INO2,349.13,3.46,43.1,0,3,1,3,3,0.0,18,1,0,none,0.981,1.0,0.9886,T73042,Salicylate,"AMPK (direct, beta1)",直接结合 AMPK beta1 变构位点，抑制脂肪生成,0.195,无明确优势骨架命中,,,0.0,0.1951,O=c1oc(-c2ccccc2)nc2ccccc12,0.5918
1125,T67570,71989-33-8,CC(C)(C)OC[C@H](NC(=O)OCC1c2ccccc2-c2ccccc21)C(=O)O,C22H25NO5,383.44,3.79,84.86,2,4,6,2,3,0.364,28,0,0,none,0.981,1.0,0.9886,T67570,Ciprofibrate,PPAR-alpha,长效贝特类，诱导过氧化物酶体增殖与脂肪酸 beta-氧化,0.206,无明确优势骨架命中,,,0.0,0.2063,c1ccc2c(c1)Cc1ccccc1-2,0.5974
1126,T17065,1445700-01-5,O=C1CC[C@H](C(=O)OCc2cccc(C(F)(F)F)c2)O1,C13H11F3O4,288.22,2.45,52.6,0,4,3,1,2,0.385,20,3,0,none,0.9995,0.972,0.9885,T17065,Ervogastat (PF-06865571),DGAT2,口服 DGAT2 抑制剂，降低肝内甘油三酯合成与 VLDL 分泌,0.213,无明确优势骨架命中,,,0.0,0.2133,O=C1CCC(C(=O)OCc2ccccc2)O1,0.6009
1127,T8994,2055172-43-3,CCC1CCCCN1C(=O)n1ncc(C(O)(c2ccccc2)c2ccccc2)n1,C23H26N4O2,390.49,3.79,71.25,1,4,4,3,4,0.348,29,0,0,none,0.9809,1.0,0.9885,T8994,Ervogastat (PF-06865571),DGAT2,口服 DGAT2 抑制剂，降低肝内甘油三酯合成与 VLDL 分泌,0.19,无明确优势骨架命中,,,0.0,0.1899,O=C(N1CCCCC1)n1ncc(C(c2ccccc2)c2ccccc2)n1,0.5892
1128,TN7223,4073-35-2,COc1c(Br)cc(C(=O)O)cc1Br,C8H6Br2O3,309.94,2.92,46.53,1,2,2,1,1,0.125,13,2,0,none,0.9962,0.9771,0.9885,TN7223,Nicotinic acid (Niacin),HCAR2 / DGAT2,抑制脂肪组织脂解并弱抑制 DGAT2，减少肝内 VLDL 底物供应,0.257,无明确优势骨架命中,,,0.0,0.2571,c1ccccc1,0.6228
1129,T24871,1445703-64-9,O=C1CC[C@@H](C(=O)OCc2cccc(C(F)(F)F)c2)O1,C13H11F3O4,288.22,2.45,52.6,0,4,3,1,2,0.385,20,3,0,none,0.9995,0.972,0.9885,T24871,Ervogastat (PF-06865571),DGAT2,口服 DGAT2 抑制剂，降低肝内甘油三酯合成与 VLDL 分泌,0.213,无明确优势骨架命中,,,0.0,0.2133,O=C1CCC(C(=O)OCc2ccccc2)O1,0.6009
1130,T5830,1815580-06-3,COc1ccc(N(C)c2nc(C)nc3ccccc23)cc1OCCCC(=O)NO,C21H24N4O4,396.45,3.38,96.81,2,7,8,3,3,0.286,29,0,0,none,0.9814,0.9993,0.9885,T5830,Ranolazine,pFOX / 晚钠电流,部分脂肪酸氧化抑制，改善代谢底物利用,0.238,无明确优势骨架命中,,,0.0,0.2381,c1ccc(Nc2ncnc3ccccc23)cc1,0.6133
1131,T72041,1009762-84-8,COc1ccc(NC(=O)C(NC(=O)Cc2cccs2)c2ccccc2)cc1,C21H20N2O3S,380.47,3.8,67.43,2,4,7,3,3,0.143,27,0,0,none,0.9808,1.0,0.9885,T72041,Ranolazine,pFOX / 晚钠电流,部分脂肪酸氧化抑制，改善代谢底物利用,0.221,无明确优势骨架命中,,,0.0,0.2208,O=C(Cc1cccs1)NC(C(=O)Nc1ccccc1)c1ccccc1,0.6046
1132,T4450,1252608-59-5,Cc1cc(-c2ccccc2)nnc1C(=O)N1CCN(c2ncccn2)CC1,C20H20N6O,360.42,2.2,75.11,0,6,3,3,4,0.25,27,0,0,none,0.9808,1.0,0.9885,T4450,PF-06424439 (DGAT2i),DGAT2,二酰甘油酰基转移酶2 抑制剂，直接阻断甘油三酯酯化终末步骤,0.269,哌嗪/哌啶杂芳基甲酰胺,SCD1 / DGAT2,脂质酶抑制剂常见的环胺-酰胺连接模式，倾向作用于 SCD1/DGAT2 等内质网膜结合型脂质合成酶,0.55,0.5162,O=C(c1ccc(-c2ccccc2)nn1)N1CCN(c2ncccn2)CC1,0.7524
1133,T12585,2125956-82-1,Cc1c(-c2cccc(S(=O)(=O)N(C)C)c2)c2ncccc2n1C/C(F)=C/CN,C20H23FN4O2S,402.5,3.07,81.22,1,4,6,3,3,0.25,28,1,0,none,1.0,0.9713,0.9885,T12585,Telmisartan,PPAR-gamma partial / AT1R,AT1 受体拮抗兼 PPAR-gamma 部分激动，文献报道减轻肝细胞脂肪变,0.184,无明确优势骨架命中,,,0.0,0.1837,c1ccc(-c2c[nH]c3cccnc23)cc1,0.5861
1134,T2S0531,29106-36-3,COc1ccc([C@H]2OC[C@H]3[C@@H]2CO[C@@H]3c2ccc(OC)c(OC)c2)cc1OC,C22H26O6,386.44,3.8,55.38,0,6,6,2,4,0.455,28,0,0,none,0.9807,1.0,0.9884,T2S0531,Berberine,AMPK / PCSK9 / LDLR,原小檗碱型生物碱，激活 AMPK 并稳定 LDLR mRNA，HepG2 经典降脂阳性对照,0.233,无明确优势骨架命中,,,0.0,0.2333,c1ccc(C2OCC3C(c4ccccc4)OCC23)cc1,0.6108
1135,T21872,171009-07-7,CCc1cc(-c2n[nH]c(C)c2-c2ccc3c(c2)OCCO3)c(O)cc1O,C20H20N2O4,352.39,3.8,87.6,3,5,3,3,4,0.25,26,0,0,none,0.9806,1.0,0.9884,T21872,Berberine,AMPK / PCSK9 / LDLR,原小檗碱型生物碱，激活 AMPK 并稳定 LDLR mRNA，HepG2 经典降脂阳性对照,0.179,无明确优势骨架命中,,,0.0,0.1795,c1ccc(-c2n[nH]cc2-c2ccc3c(c2)OCCO3)cc1,0.584
1136,T3361,26097-80-3,CC(C)OC(=O)Nc1ccc2[nH]c(-c3cscn3)nc2c1,C14H14N4O2S,302.36,3.64,79.9,2,5,3,3,3,0.214,21,0,0,none,0.9954,0.9778,0.9884,T3361,Ranolazine,pFOX / 晚钠电流,部分脂肪酸氧化抑制，改善代谢底物利用,0.155,无明确优势骨架命中,,,0.0,0.1548,c1ccc2[nH]c(-c3cscn3)nc2c1,0.5716
1137,T60051,2242480-48-2,CC(C)c1ccc(/C=N\N=C2\NC(=O)C(CC(=O)O)S2)cc1,C15H17N3O3S,319.39,2.21,91.12,2,5,5,1,2,0.333,22,0,0,none,0.9806,1.0,0.9884,T60051,Pioglitazone,PPAR-gamma,噻唑烷二酮胰岛素增敏剂，促进脂肪组织脂质再分布、降低肝细胞脂毒性,0.216,无明确优势骨架命中,,,0.0,0.2162,O=C1CSC(=NN=Cc2ccccc2)N1,0.6023
1138,T3836,526-06-7,COc1ccc([C@@H]2OC[C@@H]3[C@H]2CO[C@H]3c2ccc(OC)c(OC)c2)cc1OC,C22H26O6,386.44,3.8,55.38,0,6,6,2,4,0.455,28,0,0,none,0.9807,1.0,0.9884,T3836,Berberine,AMPK / PCSK9 / LDLR,原小檗碱型生物碱，激活 AMPK 并稳定 LDLR mRNA，HepG2 经典降脂阳性对照,0.233,无明确优势骨架命中,,,0.0,0.2333,c1ccc(C2OCC3C(c4ccccc4)OCC23)cc1,0.6108
1139,T1264,52214-84-3,CC(C)(Oc1ccc(C2CC2(Cl)Cl)cc1)C(=O)O,C13H14Cl2O3,289.16,3.59,46.53,1,2,4,1,2,0.462,18,2,0,none,0.9944,0.9794,0.9884,T1264,Ciprofibrate,PPAR-alpha,长效贝特类，诱导过氧化物酶体增殖与脂肪酸 beta-氧化,1.0,芳氧基异丁酸 (贝特类头基),PPAR-alpha,贝特类酸性头基激动 PPAR-alpha，转录上调 CPT1A/ACOX1/FGF21，增强线粒体与过氧化物酶体脂肪酸 beta-氧化，降低肝内 TG,0.9,0.955,c1ccc(C2CC2)cc1,0.9717
1140,T68089,121750-57-0,CON=CC1=CCCN(C(=O)Oc2ccc(Cl)cc2)C1,C14H15ClN2O3,294.74,3.1,51.13,0,4,3,1,2,0.286,20,1,0,none,1.0,0.9708,0.9883,T68089,Fenofibric acid,PPAR-alpha,激活 PPAR-alpha 上调 CPT1/ACOX1，增强线粒体与过氧化物酶体脂肪酸氧化,0.259,无明确优势骨架命中,,,0.0,0.2586,O=C(Oc1ccccc1)N1CC=CCC1,0.6234
1141,T13563,75451-07-9,CCOC(=O)c1ccc2c(c1)NCc1cccc(OC)c1O2,C17H17NO4,299.33,3.59,56.79,1,5,3,2,3,0.235,22,0,0,none,0.9982,0.9735,0.9883,T13563,Ranolazine,pFOX / 晚钠电流,部分脂肪酸氧化抑制，改善代谢底物利用,0.228,无明确优势骨架命中,,,0.0,0.2278,c1ccc2c(c1)CNc1ccccc1O2,0.608
1142,T34435,145071-44-9,CO/N=C/C1=CCCN(C(=O)Oc2ccc(Cl)cc2)C1,C14H15ClN2O3,294.74,3.1,51.13,0,4,3,1,2,0.286,20,1,0,none,1.0,0.9708,0.9883,T34435,Fenofibric acid,PPAR-alpha,激活 PPAR-alpha 上调 CPT1/ACOX1，增强线粒体与过氧化物酶体脂肪酸氧化,0.259,无明确优势骨架命中,,,0.0,0.2586,O=C(Oc1ccccc1)N1CC=CCC1,0.6234
1143,T6S0525,24211-30-1,Cc1c(O)c(C)c2c(c1O)C(=O)C[C@@H](c1ccc(O)cc1)O2,C17H16O5,300.31,3.13,86.99,3,5,1,2,3,0.235,22,0,0,none,0.9959,0.9767,0.9882,T6S0525,Naringenin,PPAR-alpha / SREBP,柑橘黄烷酮，抑制脂肪生成基因并促进脂肪酸氧化,0.522,黄酮/黄烷酮母核,AMPK / SREBP-1c,黄酮类多酚激活 AMPK-SIRT1 轴，抑制 SREBP-1c/FAS/ACC 表达并促进脂噬,0.6,0.7917,O=C1CC(c2ccccc2)Oc2ccccc21,0.89
1144,T10922,1356479-78-1,CC(C)(O)c1cncc(-c2nc3ccc(F)cc3n2C2CC2)c1,C18H18FN3O,311.36,3.8,50.94,1,3,3,3,4,0.333,23,1,0,none,0.9802,1.0,0.9881,T10922,TVB-2640 (Denifanstat),FASN,脂肪酸合酶 beta-酮脂酰还原酶结构域抑制剂，直接阻断棕榈酸从头合成,0.182,无明确优势骨架命中,,,0.0,0.1818,c1cncc(-c2nc3ccccc3n2C2CC2)c1,0.585
1145,T30824,113240-27-0,COc1cc(OC)cc(C(=O)N2CCN(CCc3ccc(Cl)cc3)CC2)c1,C21H25ClN2O3,388.9,3.36,42.01,0,4,6,2,3,0.381,27,1,0,none,0.9801,1.0,0.9881,T30824,Bezafibrate,PPAR pan,泛 PPAR 弱激动剂，降低血浆与肝内甘油三酯,0.317,哌嗪/哌啶杂芳基甲酰胺,SCD1 / DGAT2,脂质酶抑制剂常见的环胺-酰胺连接模式，倾向作用于 SCD1/DGAT2 等内质网膜结合型脂质合成酶,0.55,0.565,O=C(c1ccccc1)N1CCN(CCc2ccccc2)CC1,0.7766
1146,T4S1540,171485-39-5,C=CCc1cc(OC)c(O[C@@H](C)[C@H](O)c2ccc(O)c(OC)c2)c(OC)c1,C21H26O6,374.43,3.65,77.38,2,6,9,2,2,0.333,27,0,0,none,0.9802,1.0,0.9881,T4S1540,Trimetazidine,3-KAT (长链硫解酶),部分脂肪酸氧化抑制剂，代谢调节剂,0.175,无明确优势骨架命中,,,0.0,0.1746,c1ccc(CCOc2ccccc2)cc1,0.5814
1147,T1472,10405-02-4,O=C(O[C@H]1C[C@H]2CC[C@@H](C1)[N+]21CCCC1)C(O)(c1ccccc1)c1ccccc1,C25H30NO3+,392.52,3.77,46.53,1,3,4,2,5,0.48,29,0,0,none,0.9801,1.0,0.9881,T1472,Salicylate,"AMPK (direct, beta1)",直接结合 AMPK beta1 变构位点，抑制脂肪生成,0.191,无明确优势骨架命中,,,0.0,0.1915,O=C(OC1CC2CCC(C1)[N+]21CCCC1)C(c1ccccc1)c1ccccc1,0.5898
1148,T68316,929492-71-7,COc1cc(OC)cc(C(=O)N2CCN(c3ccccc3C)CC2)c1,C20H24N2O3,340.42,2.97,42.01,0,4,4,2,3,0.35,25,0,0,none,0.9801,1.0,0.9881,T68316,Ranolazine,pFOX / 晚钠电流,部分脂肪酸氧化抑制，改善代谢底物利用,0.261,哌嗪/哌啶杂芳基甲酰胺,SCD1 / DGAT2,脂质酶抑制剂常见的环胺-酰胺连接模式，倾向作用于 SCD1/DGAT2 等内质网膜结合型脂质合成酶,0.55,0.5084,O=C(c1ccccc1)N1CCN(c2ccccc2)CC1,0.7482
1149,T0009,31430-15-6,COC(=O)Nc1nc2ccc(C(=O)c3ccc(F)cc3)cc2[nH]1,C16H12FN3O3,313.29,3.11,84.08,2,4,3,3,3,0.062,23,1,0,none,1.0,0.9699,0.988,T0009,Fenofibric acid,PPAR-alpha,激活 PPAR-alpha 上调 CPT1/ACOX1，增强线粒体与过氧化物酶体脂肪酸氧化,0.224,无明确优势骨架命中,,,0.0,0.2241,O=C(c1ccccc1)c1ccc2nc[nH]c2c1,0.606
1150,T67928,173964-49-3,COc1ccc(CNC(=O)c2ccc3ccccc3c2)cc1OC,C20H19NO3,321.38,3.79,47.56,1,3,5,3,3,0.15,24,0,0,none,0.9799,1.0,0.988,T67928,Bezafibrate,PPAR pan,泛 PPAR 弱激动剂，降低血浆与肝内甘油三酯,0.29,无明确优势骨架命中,,,0.0,0.2903,O=C(NCc1ccccc1)c1ccc2ccccc2c1,0.6392
1151,T60667,831243-31-3,CC(C)(C)c1ccccc1OCC(=O)Nc1ccc(O)cc1,C18H21NO3,299.37,3.71,58.56,2,3,4,2,2,0.278,22,0,0,none,0.9904,0.9843,0.988,T60667,Ranolazine,pFOX / 晚钠电流,部分脂肪酸氧化抑制，改善代谢底物利用,0.246,无明确优势骨架命中,,,0.0,0.2464,O=C(COc1ccccc1)Nc1ccccc1,0.6172
1152,T2317,181183-52-8,CN(C)CCc1c[nH]c2ccc(CS(=O)(=O)N3CCCC3)cc12,C17H25N3O2S,335.47,2.2,56.41,1,3,6,2,3,0.529,23,0,0,none,0.9799,1.0,0.9879,T21231;T2317,Lanifibranor,PPAR pan (alpha/delta/gamma),泛 PPAR 激动，促进 beta-氧化、抑制脂肪生成与炎症纤维化,0.203,无明确优势骨架命中,,,0.0,0.2027,O=S(=O)(Cc1ccc2[nH]ccc2c1)N1CCCC1,0.5953
1153,T7952,128-62-1,COc1ccc2c(c1OC)C(=O)OC2C1c2c(cc3c(c2OC)OCO3)CCN1C,C22H23NO7,413.43,2.88,75.69,0,8,4,2,5,0.409,30,0,0,none,1.0,0.9696,0.9879,T7952,Berberine,AMPK / PCSK9 / LDLR,原小檗碱型生物碱，激活 AMPK 并稳定 LDLR mRNA，HepG2 经典降脂阳性对照,0.312,无明确优势骨架命中,,,0.0,0.3117,O=C1OC(C2NCCc3cc4c(cc32)OCO4)c2ccccc21,0.6498
1154,T8995,344359-25-7,COc1ccc(-c2cn(C3CCCC3)c3ncnc(N)c23)cc1,C18H20N4O,308.38,3.8,65.96,1,4,3,3,4,0.333,23,0,0,none,0.9797,1.0,0.9878,T8995,ACC inhibitor chemotype (firsocostat-like proxy),ACC1/ACC2,变构抑制乙酰辅酶A羧化酶，降低丙二酰辅酶A、阻断新发脂质合成(DNL)并解除 CPT1 抑制,0.148,无明确优势骨架命中,,,0.0,0.1481,c1ccc(-c2cn(C3CCCC3)c3ncncc23)cc1,0.568
1155,T67882,924854-62-6,COc1cc2c(cc1OC)[C@@H]1C[C@@H](O)[C@@H](CC(C)C)CN1CC2,C19H29NO3,319.45,3.03,41.93,1,4,4,1,3,0.684,23,0,0,none,0.9797,1.0,0.9878,T67882,Ranolazine,pFOX / 晚钠电流,部分脂肪酸氧化抑制，改善代谢底物利用,0.192,无明确优势骨架命中,,,0.0,0.1923,c1ccc2c(c1)CCN1CCCCC21,0.59
1156,T13133,924854-60-4,COc1cc2c(cc1OC)[C@H]1C[C@H](O)[C@H](CC(C)C)CN1CC2,C19H29NO3,319.45,3.03,41.93,1,4,4,1,3,0.684,23,0,0,none,0.9797,1.0,0.9878,T13133,Ranolazine,pFOX / 晚钠电流,部分脂肪酸氧化抑制，改善代谢底物利用,0.192,无明确优势骨架命中,,,0.0,0.1923,c1ccc2c(c1)CCN1CCCCC21,0.59
1157,T8798,129425-81-6,COc1cc2cc(C(=O)CCC(=O)O)sc2cc1OC,C14H14O5S,294.33,2.97,72.83,1,5,6,2,2,0.286,20,0,0,none,1.0,0.9694,0.9878,T8798,DHA (Docosahexaenoic acid),PPAR-alpha / SREBP-1c,omega-3 多不饱和脂肪酸，降低肝内 TG 与脂毒性,0.217,无明确优势骨架命中,,,0.0,0.2174,c1ccc2sccc2c1,0.6026
1158,T8907,25953-17-7,Cc1cc(-c2ccccc2)nnc1NCCN1CCOCC1,C17H22N4O,298.39,2.2,50.28,1,5,5,2,3,0.412,22,0,0,none,0.9797,1.0,0.9878,T8907,PF-06424439 (DGAT2i),DGAT2,二酰甘油酰基转移酶2 抑制剂，直接阻断甘油三酯酯化终末步骤,0.2,无明确优势骨架命中,,,0.0,0.2,c1ccc(-c2ccc(NCCN3CCOCC3)nn2)cc1,0.5939
1159,T0816,968-81-0,CC(=O)c1ccc(S(=O)(=O)NC(=O)NC2CCCCC2)cc1,C15H20N2O4S,324.4,2.21,92.34,2,4,4,1,2,0.467,22,0,0,none,0.9797,1.0,0.9878,T0816,Lanifibranor,PPAR pan (alpha/delta/gamma),泛 PPAR 激动，促进 beta-氧化、抑制脂肪生成与炎症纤维化,0.176,无明确优势骨架命中,,,0.0,0.1765,O=C(NC1CCCCC1)NS(=O)(=O)c1ccccc1,0.5821
1160,T7563,85081-18-1,COc1cc2c(cc1OC)C1CC(O)C(CC(C)C)CN1CC2,C19H29NO3,319.45,3.03,41.93,1,4,4,1,3,0.684,23,0,0,none,0.9797,1.0,0.9878,T7563,Ranolazine,pFOX / 晚钠电流,部分脂肪酸氧化抑制，改善代谢底物利用,0.192,无明确优势骨架命中,,,0.0,0.1923,c1ccc2c(c1)CCN1CCCCC21,0.59
1161,T15162,958233-07-3,CCN(CC)C(=O)Cc1c(-c2ccc(OCCF)cc2)nn2c(C)cc(C)nc12,C22H27FN4O2,398.48,3.77,59.73,0,4,8,3,3,0.409,29,1,0,none,0.9796,1.0,0.9877,T15162,Etomoxir,CPT1a (抑制剂/阴性对照),CPT1 不可逆抑制剂，作为脂肪酸氧化通路机制阴性对照,0.25,无明确优势骨架命中,,,0.0,0.25,c1ccc(-c2cc3ncccn3n2)cc1,0.6188
1162,T60184,1206629-08-4,O=C(O)CCc1ccc(C#Cc2cc(Cl)nc(Cl)c2)cc1,C16H11Cl2NO2,320.18,3.81,50.19,1,2,3,2,2,0.125,21,2,0,none,0.9795,1.0,0.9877,T60184,Bezafibrate,PPAR pan,泛 PPAR 弱激动剂，降低血浆与肝内甘油三酯,0.233,无明确优势骨架命中,,,0.0,0.2333,C(#Cc1ccncc1)c1ccccc1,0.6105
1163,T6853,1616391-87-7,O=C(NC[C@H](O)CN1CCc2ccccc2C1)c1ccnc(NC2CCC2)c1,C22H28N4O2,380.49,2.19,77.49,3,5,7,2,4,0.455,28,0,0,none,0.9795,1.0,0.9877,T6853,Ranolazine,pFOX / 晚钠电流,部分脂肪酸氧化抑制，改善代谢底物利用,0.233,无明确优势骨架命中,,,0.0,0.2326,O=C(NCCCN1CCc2ccccc2C1)c1ccnc(NC2CCC2)c1,0.6102
1164,T4412,84088-42-6,CN(C(=O)c1c(O)c2ccccc2n(C)c1=O)c1ccccc1,C18H16N2O3,308.34,2.52,62.54,1,3,2,3,3,0.111,23,0,0,none,1.0,0.9693,0.9877,T4412,Salicylate,"AMPK (direct, beta1)",直接结合 AMPK beta1 变构位点，抑制脂肪生成,0.222,无明确优势骨架命中,,,0.0,0.2222,O=C(Nc1ccccc1)c1cc2ccccc2[nH]c1=O,0.605
1165,T210506,477844-47-6,O=C(NS(=O)(=O)c1ccc(Cl)cc1)c1ccc(Cl)cc1Cl,C13H8Cl3NO3S,364.64,3.77,63.24,1,3,3,2,2,0.0,21,3,0,none,0.9844,0.9926,0.9877,T210506,Lanifibranor,PPAR pan (alpha/delta/gamma),泛 PPAR 激动，促进 beta-氧化、抑制脂肪生成与炎症纤维化,0.23,无明确优势骨架命中,,,0.0,0.2295,O=C(NS(=O)(=O)c1ccccc1)c1ccccc1,0.6086
1166,T8957L,2308510-39-4,CC[C@@H](N)CNc1nc(-c2cc(Cl)ccc2O)nc2ccccc12,C18H19ClN4O,342.83,3.81,84.06,3,5,5,3,3,0.222,24,1,0,none,0.9795,1.0,0.9877,T8957L,Bezafibrate,PPAR pan,泛 PPAR 弱激动剂，降低血浆与肝内甘油三酯,0.189,无明确优势骨架命中,,,0.0,0.1892,c1ccc(-c2ncc3ccccc3n2)cc1,0.5884
1167,T2087,865305-30-2,COc1cc(C(C)C)c(Oc2cnc(N)nc2N)cc1I,C14H17IN4O2,400.22,3.17,96.28,2,6,4,2,2,0.286,21,1,0,none,0.9876,0.9876,0.9876,T2087,VK2809 active acid (MB07344),THR-beta,肝靶向 THR-beta 激动剂活性代谢物；促进脂肪酸氧化与 LDL-C 清除,0.164,无明确优势骨架命中,,,0.0,0.1642,c1ccc(Oc2cncnc2)cc1,0.5759
1168,T9183,2133417-13-5,CCc1[nH]nc(C(=O)Nc2ccc([C@H]3CNCCO3)cc2)c1C,C17H22N4O2,314.39,2.19,79.04,3,4,4,2,3,0.412,23,0,0,none,0.9794,1.0,0.9876,T9183,TVB-2640 (Denifanstat),FASN,脂肪酸合酶 beta-酮脂酰还原酶结构域抑制剂，直接阻断棕榈酸从头合成,0.211,无明确优势骨架命中,,,0.0,0.2111,O=C(Nc1ccc(C2CNCCO2)cc1)c1cc[nH]n1,0.5994
1169,T77667,2766437-35-6,COc1ccc(-c2ccc3ncnc(N[C@@H](C)C(=O)N4CCN(C)CC4)c3c2)cn1,C22H26N6O2,406.49,2.27,83.48,1,7,5,3,4,0.364,30,0,0,none,0.9887,0.986,0.9876,T77667,Ervogastat (PF-06865571),DGAT2,口服 DGAT2 抑制剂，降低肝内甘油三酯合成与 VLDL 分泌,0.184,无明确优势骨架命中,,,0.0,0.1839,O=C(CNc1ncnc2ccc(-c3cccnc3)cc12)N1CCNCC1,0.5858
1170,T23820,433694-46-3,COc1ccc(Nc2nc(N)nc(CN3CCCCC3)n2)cc1,C16H22N6O,314.39,2.19,89.19,2,7,5,2,3,0.438,23,0,0,none,0.9791,1.0,0.9875,T23820,Trimetazidine,3-KAT (长链硫解酶),部分脂肪酸氧化抑制剂，代谢调节剂,0.237,无明确优势骨架命中,,,0.0,0.2373,c1ccc(Nc2ncnc(CN3CCCCC3)n2)cc1,0.6124
1171,T4946,23180-65-6,CC(=O)OC(C)(C)[C@@H]1Cc2c(ccc3ccc(=O)oc23)O1,C16H16O5,288.3,2.44,65.74,0,5,2,2,3,0.375,21,0,0,none,0.9991,0.9699,0.9875,T4946,Ciprofibrate,PPAR-alpha,长效贝特类，诱导过氧化物酶体增殖与脂肪酸 beta-氧化,0.197,无明确优势骨架命中,,,0.0,0.1967,O=c1ccc2ccc3c(c2o1)CCO3,0.5921
1172,T2525,122852-69-1,Cc1[nH]cnc1CN1CCc2c(c3ccccc3n2C)C1=O,C17H18N4O,294.36,2.41,53.92,1,2,2,3,4,0.294,22,0,0,none,0.9981,0.9716,0.9875,T2525,Telmisartan,PPAR-gamma partial / AT1R,AT1 受体拮抗兼 PPAR-gamma 部分激动，文献报道减轻肝细胞脂肪变,0.189,哌嗪/哌啶杂芳基甲酰胺,SCD1 / DGAT2,脂质酶抑制剂常见的环胺-酰胺连接模式，倾向作用于 SCD1/DGAT2 等内质网膜结合型脂质合成酶,0.55,0.4364,O=C1c2c([nH]c3ccccc23)CCN1Cc1c[nH]cn1,0.712
1173,T73027,2915650-86-9,O=C(CCN1CCOCC1)Nc1ccc(-c2nc3cc(Cl)ccc3o2)cc1,C20H20ClN3O3,385.85,3.81,67.6,1,5,5,3,4,0.3,27,1,0,none,0.979,1.0,0.9874,T73027,PF-06424439 (DGAT2i),DGAT2,二酰甘油酰基转移酶2 抑制剂，直接阻断甘油三酯酯化终末步骤,0.19,无明确优势骨架命中,,,0.0,0.1899,O=C(CCN1CCOCC1)Nc1ccc(-c2nc3ccccc3o2)cc1,0.5886
1174,T4065,518-47-8,O=C1OC2(c3ccc(O)cc3Oc3cc(O)ccc32)c2ccccc21,C20H12O5,332.31,3.67,75.99,2,5,0,3,5,0.05,25,0,0,none,0.9789,1.0,0.9873,T4065,Naringenin,PPAR-alpha / SREBP,柑橘黄烷酮，抑制脂肪生成基因并促进脂肪酸氧化,0.241,无明确优势骨架命中,,,0.0,0.2407,O=C1OC2(c3ccccc3Oc3ccccc32)c2ccccc21,0.614
1175,T5094,1042224-63-4,c1cc(NC2CCNCC2)nc(-c2cnc3ccccn23)c1,C17H19N5,293.37,2.56,54.25,2,4,3,3,4,0.294,22,0,0,none,1.0,0.9682,0.9873,T5094,Ervogastat (PF-06865571),DGAT2,口服 DGAT2 抑制剂，降低肝内甘油三酯合成与 VLDL 分泌,0.152,无明确优势骨架命中,,,0.0,0.1519,c1cc(NC2CCNCC2)nc(-c2cnc3ccccn23)c1,0.5696
1176,T36404L,1094210-96-4,CCOc1ccccc1-n1c(CN2CCNCC2)nc2ccccc2c1=O,C21H24N4O2,364.45,2.19,59.39,1,5,5,3,4,0.333,27,0,0,none,0.9788,1.0,0.9873,T36404L,Trimetazidine,3-KAT (长链硫解酶),部分脂肪酸氧化抑制剂，代谢调节剂,0.311,无明确优势骨架命中,,,0.0,0.3115,O=c1c2ccccc2nc(CN2CCNCC2)n1-c1ccccc1,0.6494
1177,T8591,357618-26-9,O=c1nc(-c2cccc(O)c2)[nH]c2sc3c(c12)CCCC3,C16H14N2O2S,298.37,3.24,65.98,2,4,1,3,4,0.25,21,0,0,none,0.9959,0.9741,0.9872,T8591,A-769662,"AMPK (direct, beta1)",直接变构激活 AMPK beta1 亚基，磷酸化 ACC1/2 抑制 DNL,0.194,无明确优势骨架命中,,,0.0,0.1944,O=c1nc(-c2ccccc2)[nH]c2sc3c(c12)CCCC3,0.5908
1178,T7324,4312-31-6,CN1Cc2c(ccc3c2OCO3)[C@@H]2[C@H]1c1cc3c(cc1C[C@@H]2O)OCO3,C20H19NO5,353.37,2.33,60.39,1,6,0,2,6,0.4,26,0,0,none,0.9787,1.0,0.9872,T5S0055;T7324,Berberine,AMPK / PCSK9 / LDLR,原小檗碱型生物碱，激活 AMPK 并稳定 LDLR mRNA，HepG2 经典降脂阳性对照,0.197,无明确优势骨架命中,,,0.0,0.1974,c1c2c(cc3c1OCO3)C1NCc3c(ccc4c3OCO4)C1CC2,0.5923
1179,T23066,178928-68-2,c1ccc(-c2ncc(CN3CCN(c4ncccn4)CC3)[nH]2)cc1,C18H20N6,320.4,2.19,60.94,1,5,4,3,4,0.278,24,0,0,none,0.9787,1.0,0.9872,T23066,Trimetazidine,3-KAT (长链硫解酶),部分脂肪酸氧化抑制剂，代谢调节剂,0.19,无明确优势骨架命中,,,0.0,0.1897,c1ccc(-c2ncc(CN3CCN(c4ncccn4)CC3)[nH]2)cc1,0.5884
1180,T60657,2767124-77-4,COc1ccc([C@H]2CC(=O)c3cc(OC)cc(OC)c32)cc1,C18H18O4,298.34,3.43,44.76,0,4,4,2,3,0.278,22,0,0,none,0.9913,0.9809,0.9872,T60657,Ciprofibrate,PPAR-alpha,长效贝特类，诱导过氧化物酶体增殖与脂肪酸 beta-氧化,0.214,无明确优势骨架命中,,,0.0,0.2143,O=C1CC(c2ccccc2)c2ccccc21,0.6008
1181,T1402,42017-89-0,CC(C)(Oc1ccc(C(=O)c2ccc(Cl)cc2)cc1)C(=O)O,C17H15ClO4,318.76,3.81,63.6,1,3,5,2,2,0.176,22,1,0,none,0.9785,1.0,0.9871,T1402;T3941,Fenofibric acid,PPAR-alpha,激活 PPAR-alpha 上调 CPT1/ACOX1，增强线粒体与过氧化物酶体脂肪酸氧化,1.0,芳氧基异丁酸 (贝特类头基),PPAR-alpha,贝特类酸性头基激动 PPAR-alpha，转录上调 CPT1A/ACOX1/FGF21，增强线粒体与过氧化物酶体脂肪酸 beta-氧化，降低肝内 TG,0.9,0.955,O=C(c1ccccc1)c1ccccc1,0.971
1182,T64350,349438-77-3,COc1ccccc1CC(=O)Nc1nc2ccc(C)cc2s1,C17H16N2O2S,312.39,3.79,51.22,1,4,4,3,3,0.176,22,0,0,none,0.9809,0.9962,0.987,T64350,Ranolazine,pFOX / 晚钠电流,部分脂肪酸氧化抑制，改善代谢底物利用,0.267,无明确优势骨架命中,,,0.0,0.2667,O=C(Cc1ccccc1)Nc1nc2ccccc2s1,0.6268
1183,T9651,2628506-54-5,COc1nc(-c2cccc(-c3ccccc3)c2C)ccc1CNCCO,C22H24N2O2,348.45,3.81,54.38,2,4,7,3,3,0.227,26,0,0,none,0.9783,1.0,0.987,T9651,Telmisartan,PPAR-gamma partial / AT1R,AT1 受体拮抗兼 PPAR-gamma 部分激动，文献报道减轻肝细胞脂肪变,0.241,无明确优势骨架命中,,,0.0,0.241,c1ccc(-c2cccc(-c3ccccn3)c2)cc1,0.614
1184,T3421,28789-35-7,COc1cc(CNC(=O)CCCCCC(C)C)ccc1O,C17H27NO3,293.41,3.62,58.56,2,3,9,1,1,0.588,21,0,0,none,0.9816,0.9948,0.9869,T3421,Ranolazine,pFOX / 晚钠电流,部分脂肪酸氧化抑制，改善代谢底物利用,0.213,无明确优势骨架命中,,,0.0,0.2133,c1ccccc1,0.6001
1185,T5722,10176-66-6,COc1ccc(-c2cc(=O)c3c(O)c(OC)c(O)c(OC)c3o2)cc1,C18H16O7,344.32,2.9,98.36,2,7,4,3,3,0.167,25,0,0,none,0.9782,1.0,0.9869,T5722,VK2809 active acid (MB07344),THR-beta,肝靶向 THR-beta 激动剂活性代谢物；促进脂肪酸氧化与 LDL-C 清除,0.167,黄酮/黄烷酮母核,AMPK / SREBP-1c,黄酮类多酚激活 AMPK-SIRT1 轴，抑制 SREBP-1c/FAS/ACC 表达并促进脂噬,0.6,0.4367,O=c1cc(-c2ccccc2)oc2ccccc12,0.7118
1186,TN7053,6068-80-0,COc1cc(O)c2c(=O)c(O)c(-c3ccc(OC)c(OC)c3)oc2c1,C18H16O7,344.32,2.9,98.36,2,7,4,3,3,0.167,25,0,0,none,0.9782,1.0,0.9869,TN7053,Naringenin,PPAR-alpha / SREBP,柑橘黄烷酮，抑制脂肪生成基因并促进脂肪酸氧化,0.21,黄酮/黄烷酮母核,AMPK / SREBP-1c,黄酮类多酚激活 AMPK-SIRT1 轴，抑制 SREBP-1c/FAS/ACC 表达并促进脂噬,0.6,0.4797,O=c1cc(-c2ccccc2)oc2ccccc12,0.7333
1187,T3362,22368-21-4,COc1ccc(-c2cc(=O)c3c(O)c(OC)c(O)cc3o2)cc1OC,C18H16O7,344.32,2.9,98.36,2,7,4,3,3,0.167,25,0,0,none,0.9782,1.0,0.9869,T3362,Trimetazidine,3-KAT (长链硫解酶),部分脂肪酸氧化抑制剂，代谢调节剂,0.2,黄酮/黄烷酮母核,AMPK / SREBP-1c,黄酮类多酚激活 AMPK-SIRT1 轴，抑制 SREBP-1c/FAS/ACC 表达并促进脂噬,0.6,0.47,O=c1cc(-c2ccccc2)oc2ccccc12,0.7284
1188,T7032,855-96-9,COc1ccc(-c2cc(=O)c3c(O)c(OC)c(OC)cc3o2)cc1O,C18H16O7,344.32,2.9,98.36,2,7,4,3,3,0.167,25,0,0,none,0.9782,1.0,0.9869,T7032,Trimetazidine,3-KAT (长链硫解酶),部分脂肪酸氧化抑制剂，代谢调节剂,0.2,黄酮/黄烷酮母核,AMPK / SREBP-1c,黄酮类多酚激活 AMPK-SIRT1 轴，抑制 SREBP-1c/FAS/ACC 表达并促进脂噬,0.6,0.47,O=c1cc(-c2ccccc2)oc2ccccc12,0.7284
1189,TN1416,572-32-7,COc1cc(O)c2c(=O)c(OC)c(-c3ccc(OC)c(O)c3)oc2c1,C18H16O7,344.32,2.9,98.36,2,7,4,3,3,0.167,25,0,0,none,0.9782,1.0,0.9869,TN1416,Trimetazidine,3-KAT (长链硫解酶),部分脂肪酸氧化抑制剂，代谢调节剂,0.197,黄酮/黄烷酮母核,AMPK / SREBP-1c,黄酮类多酚激活 AMPK-SIRT1 轴，抑制 SREBP-1c/FAS/ACC 表达并促进脂噬,0.6,0.4667,O=c1cc(-c2ccccc2)oc2ccccc12,0.7268
1190,TN7063,7336-40-5,COc1cc2c(c(OC)c1OC)-c1ccc(OC)c(=O)cc1[C@@H](N(C)C(C)=O)CC2,C23H27NO6,413.47,3.21,74.3,0,6,5,2,3,0.391,30,0,0,none,1.0,0.9673,0.9869,TN7063,Berberine,AMPK / PCSK9 / LDLR,原小檗碱型生物碱，激活 AMPK 并稳定 LDLR mRNA，HepG2 经典降脂阳性对照,0.218,无明确优势骨架命中,,,0.0,0.2179,O=c1cccc2c(c1)CCCc1ccccc1-2,0.6024
1191,TN2157,70028-59-0,COc1cccc(O)c1-c1cc(=O)c2c(O)cc(OC)c(OC)c2o1,C18H16O7,344.32,2.9,98.36,2,7,4,3,3,0.167,25,0,0,none,0.9782,1.0,0.9869,TN2157,ACC inhibitor chemotype (firsocostat-like proxy),ACC1/ACC2,变构抑制乙酰辅酶A羧化酶，降低丙二酰辅酶A、阻断新发脂质合成(DNL)并解除 CPT1 抑制,0.197,黄酮/黄烷酮母核,AMPK / SREBP-1c,黄酮类多酚激活 AMPK-SIRT1 轴，抑制 SREBP-1c/FAS/ACC 表达并促进脂噬,0.6,0.4674,O=c1cc(-c2ccccc2)oc2ccccc12,0.7272
1192,T13345,1360540-82-4,O=C(CCC(=O)c1ccccn1)c1ccc2c(c1)OCCO2,C17H15NO4,297.31,2.7,65.49,0,5,5,2,3,0.235,22,0,0,none,1.0,0.9669,0.9868,T13345,Nicotinic acid (Niacin),HCAR2 / DGAT2,抑制脂肪组织脂解并弱抑制 DGAT2，减少肝内 VLDL 底物供应,0.204,无明确优势骨架命中,,,0.0,0.2041,O=C(CCC(=O)c1ccccn1)c1ccc2c(c1)OCCO2,0.5954
1193,T9975,1241280-25-0,O=C(CCc1ccc(F)c(F)c1)Nc1cc(F)cc(N2CCOCC2)c1,C19H19F3N2O2,364.37,3.51,41.57,1,3,5,2,3,0.316,26,3,0,none,0.9779,1.0,0.9867,T9975,PF-06424439 (DGAT2i),DGAT2,二酰甘油酰基转移酶2 抑制剂，直接阻断甘油三酯酯化终末步骤,0.203,无明确优势骨架命中,,,0.0,0.2027,O=C(CCc1ccccc1)Nc1cccc(N2CCOCC2)c1,0.5947
1194,T68059,149494-37-1,CCCN(C(C)C)[C@H]1COc2cccc(C(=O)NC(C)C)c2C1,C19H30N2O2,318.46,3.25,41.57,1,3,6,1,2,0.632,23,0,0,none,0.9779,1.0,0.9867,T68059,Salicylate,"AMPK (direct, beta1)",直接结合 AMPK beta1 变构位点，抑制脂肪生成,0.179,无明确优势骨架命中,,,0.0,0.1786,c1ccc2c(c1)CCCO2,0.5826
1195,T60671,2416910-88-6,C#CCN1CCC(OC(=O)Nc2ccc(C(C)C)cc2)CC1,C18H24N2O2,300.4,3.46,41.57,1,3,4,1,2,0.5,22,0,0,none,0.9779,1.0,0.9867,T60671,Ranolazine,pFOX / 晚钠电流,部分脂肪酸氧化抑制，改善代谢底物利用,0.227,无明确优势骨架命中,,,0.0,0.2267,O=C(Nc1ccccc1)OC1CCNCC1,0.6067
1196,T85328,294843-95-1,CCCN(C(C)C)[C@@H]1COc2cccc(C(=O)NC(C)C)c2C1,C19H30N2O2,318.46,3.25,41.57,1,3,6,1,2,0.632,23,0,0,none,0.9779,1.0,0.9867,T85328,Salicylate,"AMPK (direct, beta1)",直接结合 AMPK beta1 变构位点，抑制脂肪生成,0.179,无明确优势骨架命中,,,0.0,0.1786,c1ccc2c(c1)CCCO2,0.5826
1197,T35009,72005-58-4,COc1cc(C)cc(C)c1NC(=O)CCN1CCCCC1C,C18H28N2O2,304.43,3.52,41.57,1,3,5,1,2,0.611,22,0,0,none,0.9778,1.0,0.9867,T35009,Ranolazine,pFOX / 晚钠电流,部分脂肪酸氧化抑制，改善代谢底物利用,0.297,无明确优势骨架命中,,,0.0,0.2973,O=C(CCN1CCCCC1)Nc1ccccc1,0.642
1198,T3360,874911-96-3,OCCOCCN1CCN(Cc2cccc(Oc3ccccc3)c2)CC1,C21H28N2O3,356.47,2.61,45.17,1,5,9,2,3,0.429,26,0,0,none,0.9777,1.0,0.9866,T3360,Ranolazine,pFOX / 晚钠电流,部分脂肪酸氧化抑制，改善代谢底物利用,0.187,无明确优势骨架命中,,,0.0,0.1867,c1ccc(Oc2cccc(CN3CCNCC3)c2)cc1,0.5866
1199,T8710,173436-66-3,COC(=O)c1cccc(NS(=O)(=O)c2ccc(C)cc2)c1,C15H15NO4S,305.36,2.58,72.47,1,4,4,2,2,0.133,21,0,0,none,1.0,0.9665,0.9866,T8710,Gemfibrozil,PPAR-alpha,苯氧戊酸类 PPAR-alpha 激动剂，抑制肝脏 VLDL-TG 分泌,0.207,无明确优势骨架命中,,,0.0,0.2069,O=S(=O)(Nc1ccccc1)c1ccccc1,0.5968
1200,T17257L,30711-93-4,CC1(C)N=C(N)N=C(N)N1OCCCOc1cc(Cl)c(Cl)cc1Cl,C14H18Cl3N5O2,394.69,3.03,98.46,2,7,6,1,2,0.429,24,3,0,none,0.9777,1.0,0.9866,T17257L,Gemfibrozil,PPAR-alpha,苯氧戊酸类 PPAR-alpha 激动剂，抑制肝脏 VLDL-TG 分泌,0.194,无明确优势骨架命中,,,0.0,0.1935,C1=NC=NCN1OCCCOc1ccccc1,0.59
1201,T9459,126766-43-6,COC(=O)N1CCN(C(=O)Cc2ccc(Cl)c(Cl)c2)[C@H](CN2CCCC2)C1,C19H25Cl2N3O3,414.33,2.91,53.09,0,4,4,1,3,0.579,27,2,0,none,1.0,0.9661,0.9865,T9459,Lanifibranor,PPAR pan (alpha/delta/gamma),泛 PPAR 激动，促进 beta-氧化、抑制脂肪生成与炎症纤维化,0.288,无明确优势骨架命中,,,0.0,0.2877,O=C(Cc1ccccc1)N1CCNCC1CN1CCCC1,0.6371
1202,T2155,1226056-71-8,O=C(NCc1ccccc1)c1csc(Nc2ccncn2)n1,C15H13N5OS,311.37,2.61,79.8,2,6,5,3,3,0.067,22,0,0,none,1.0,0.9662,0.9865,T2155,Nicotinic acid (Niacin),HCAR2 / DGAT2,抑制脂肪组织脂解并弱抑制 DGAT2，减少肝内 VLDL 底物供应,0.2,无明确优势骨架命中,,,0.0,0.2,O=C(NCc1ccccc1)c1csc(Nc2ccncn2)n1,0.5933
1203,T6175,850173-95-4,CCN(CC)C(=O)c1ccc(C2=CC3(CCNCC3)Oc3cccc(O)c32)cc1,C24H28N2O3,392.5,3.82,61.8,2,4,4,2,4,0.375,29,0,0,none,0.9775,1.0,0.9865,T6175,Salicylate,"AMPK (direct, beta1)",直接结合 AMPK beta1 变构位点，抑制脂肪生成,0.169,无明确优势骨架命中,,,0.0,0.1695,C1=C(c2ccccc2)c2ccccc2OC12CCNCC2,0.578
1204,T2008,154447-36-6,O=c1cc(N2CCOCC2)oc2c(-c3ccccc3)cccc12,C19H17NO3,307.35,3.3,42.68,0,4,2,3,4,0.211,23,0,0,none,0.9832,0.9914,0.9865,T2008;T4079,ACC inhibitor chemotype (firsocostat-like proxy),ACC1/ACC2,变构抑制乙酰辅酶A羧化酶，降低丙二酰辅酶A、阻断新发脂质合成(DNL)并解除 CPT1 抑制,0.203,无明确优势骨架命中,,,0.0,0.2027,O=c1cc(N2CCOCC2)oc2c(-c3ccccc3)cccc12,0.5946
1205,T29663,850176-30-6,CCN(CC)C(=O)c1ccc(C2=CC3(CCNCC3)Oc3ccccc32)c(O)c1,C24H28N2O3,392.5,3.82,61.8,2,4,4,2,4,0.375,29,0,0,none,0.9775,1.0,0.9865,T29663,Salicylate,"AMPK (direct, beta1)",直接结合 AMPK beta1 变构位点，抑制脂肪生成,0.19,无明确优势骨架命中,,,0.0,0.1897,C1=C(c2ccccc2)c2ccccc2OC12CCNCC2,0.5881
1206,T88846,2890191-41-8,OC[C@@H](O)CNc1nnc(-c2ccc(C(F)(F)F)cc2O)c2ccccc12,C18H16F3N3O3,379.34,2.79,98.5,4,6,5,3,3,0.222,27,3,0,none,0.9775,1.0,0.9865,T88846,Fluvastatin,HMGCR,全合成 HMGCR 抑制剂,0.169,无明确优势骨架命中,,,0.0,0.1687,c1ccc(-c2nncc3ccccc23)cc1,0.5776
1207,T22810,126766-32-3,COC(=O)N1CCN(C(=O)Cc2ccc(Cl)c(Cl)c2)C(CN2CCCC2)C1,C19H25Cl2N3O3,414.33,2.91,53.09,0,4,4,1,3,0.579,27,2,0,none,1.0,0.9661,0.9865,T22810,Lanifibranor,PPAR pan (alpha/delta/gamma),泛 PPAR 激动，促进 beta-氧化、抑制脂肪生成与炎症纤维化,0.288,无明确优势骨架命中,,,0.0,0.2877,O=C(Cc1ccccc1)N1CCNCC1CN1CCCC1,0.6371
1208,T9008,696655-62-6,COc1ccc(C(=O)c2oc3ccccc3c2NC(C)=O)cc1,C18H15NO4,309.32,3.63,68.54,1,4,4,3,3,0.111,23,0,0,none,0.9962,0.9719,0.9865,T9008,Fenofibric acid,PPAR-alpha,激活 PPAR-alpha 上调 CPT1/ACOX1，增强线粒体与过氧化物酶体脂肪酸氧化,0.273,无明确优势骨架命中,,,0.0,0.2727,O=C(c1ccccc1)c1cc2ccccc2o1,0.6296
1209,T8576,77408-67-4,CC(=O)Nc1ccc(S(=O)(=O)Oc2noc3ccccc23)cc1,C15H12N2O5S,332.34,2.55,98.5,1,6,4,3,3,0.067,23,0,0,none,0.9775,1.0,0.9865,T8576,Salicylate,"AMPK (direct, beta1)",直接结合 AMPK beta1 变构位点，抑制脂肪生成,0.176,无明确优势骨架命中,,,0.0,0.1765,O=S(=O)(Oc1noc2ccccc12)c1ccccc1,0.5815
1210,T0216,177834-92-3,CN1CCC[C@@H]1Cc1c[nH]c2ccc(CCS(=O)(=O)c3ccccc3)cc12,C22H26N2O2S,382.53,3.82,53.17,1,3,6,3,4,0.364,27,0,0,none,0.9774,1.0,0.9864,T0216,Lanifibranor,PPAR pan (alpha/delta/gamma),泛 PPAR 激动，促进 beta-氧化、抑制脂肪生成与炎症纤维化,0.198,无明确优势骨架命中,,,0.0,0.1975,O=S(=O)(CCc1ccc2[nH]cc(CC3CCCN3)c2c1)c1ccccc1,0.592
1211,T0120,137234-62-9,C[C@@H](c1ncncc1F)[C@](O)(Cn1cncn1)c1ccc(F)cc1F,C16H14F3N5O,349.32,2.18,76.72,1,5,5,3,3,0.25,25,3,0,none,0.9771,1.0,0.9863,T0120,Atorvastatin,HMGCR,HMG-CoA 还原酶抑制，降低胆固醇合成并上调 LDLR,0.165,无明确优势骨架命中,,,0.0,0.1648,c1ccc(C(Cc2ccncn2)Cn2cncn2)cc1,0.5756
1212,T13424,1263273-14-8,O=C(Nc1cc(Cl)cc(Cl)c1)[C@H]1CCCC[C@H]1C(=O)O,C14H15Cl2NO3,316.18,3.82,66.4,2,2,3,1,2,0.429,20,2,0,none,0.9771,1.0,0.9863,T13424,Fenofibric acid,PPAR-alpha,激活 PPAR-alpha 上调 CPT1/ACOX1，增强线粒体与过氧化物酶体脂肪酸氧化,0.176,无明确优势骨架命中,,,0.0,0.1765,O=C(Nc1ccccc1)C1CCCCC1,0.5814
1213,T2009,292605-14-2,O=S(=O)(CC1CS1)c1ccc(Oc2ccccc2)cc1,C15H14O3S2,306.41,3.37,43.37,0,4,5,2,3,0.2,20,0,0,none,0.9862,0.9861,0.9862,T2009,Ciprofibrate,PPAR-alpha,长效贝特类，诱导过氧化物酶体增殖与脂肪酸 beta-氧化,0.182,无明确优势骨架命中,,,0.0,0.1818,O=S(=O)(CC1CS1)c1ccc(Oc2ccccc2)cc1,0.584
1214,T24167,908568-01-4,CC1(C)Oc2cc(O)ccc2C2C1=CCn1c(=O)n(-c3ccccc3)c(=O)n12,C21H19N3O4,377.4,2.21,78.39,1,4,1,3,5,0.238,28,0,0,none,0.977,1.0,0.9862,T24167,Naringenin,PPAR-alpha / SREBP,柑橘黄烷酮，抑制脂肪生成基因并促进脂肪酸氧化,0.217,无明确优势骨架命中,,,0.0,0.2174,O=c1n(-c2ccccc2)c(=O)n2n1CC=C1COc3ccccc3C12,0.6018
1215,T26526,948845-91-8,CN1C[C@H]2CCN(c3ccc(-c4ccc(-n5ncccc5=O)cc4)cc3)[C@H]2C1,C23H24N4O,372.47,3.04,41.37,0,4,3,3,5,0.304,28,0,0,none,0.9769,1.0,0.9861,T26526,Atorvastatin,HMGCR,HMG-CoA 还原酶抑制，降低胆固醇合成并上调 LDLR,0.148,无明确优势骨架命中,,,0.0,0.1477,O=c1cccnn1-c1ccc(-c2ccc(N3CCC4CNCC43)cc2)cc1,0.5669
1216,T61564,1173239-39-8,CN1C[C@@H]2[C@H](C1)[C@H]2CN(Cc1ccc(F)c(Cl)c1)C(=O)c1cn(C)cn1,C19H22ClFN4O,376.86,2.66,41.37,0,3,5,2,4,0.474,26,2,0,none,0.9769,1.0,0.9861,T61564,Lanifibranor,PPAR pan (alpha/delta/gamma),泛 PPAR 激动，促进 beta-氧化、抑制脂肪生成与炎症纤维化,0.2,无明确优势骨架命中,,,0.0,0.2,O=C(c1c[nH]cn1)N(Cc1ccccc1)CC1C2CNCC21,0.593
1217,T7833,958323-31-4,Cc1cc(C(=O)N2CCN(C(c3ccccc3)c3ccccc3)CC2)nn1C,C23H26N4O,374.49,3.28,41.37,0,3,4,3,4,0.304,28,0,0,none,0.9769,1.0,0.9861,T7833,Ranolazine,pFOX / 晚钠电流,部分脂肪酸氧化抑制，改善代谢底物利用,0.203,哌嗪/哌啶杂芳基甲酰胺,SCD1 / DGAT2,脂质酶抑制剂常见的环胺-酰胺连接模式，倾向作用于 SCD1/DGAT2 等内质网膜结合型脂质合成酶,0.55,0.4502,O=C(c1cc[nH]n1)N1CCN(C(c2ccccc2)c2ccccc2)CC1,0.7182
1218,T61618,1382979-64-7,CC1(C)OCCn2c1nc1c(N3CCOCC3)nc(-c3ccc(N)cc3)nc12,C20H24N6O2,380.45,2.18,91.32,1,7,2,3,5,0.45,28,0,0,none,0.9766,1.0,0.986,T61618,PF-06424439 (DGAT2i),DGAT2,二酰甘油酰基转移酶2 抑制剂，直接阻断甘油三酯酯化终末步骤,0.216,无明确优势骨架命中,,,0.0,0.2162,c1ccc(-c2nc(N3CCOCC3)c3nc4n(c3n2)CCOC4)cc1,0.6011
1219,T20968,73029-73-9,Cc1cc(NC2CCCCC2)nc(-n2nc(C)cc2C)n1,C16H23N5,285.4,3.33,55.63,1,4,3,2,3,0.562,21,0,0,none,1.0,0.9651,0.986,T20968,TVB-2640 (Denifanstat),FASN,脂肪酸合酶 beta-酮脂酰还原酶结构域抑制剂，直接阻断棕榈酸从头合成,0.157,无明确优势骨架命中,,,0.0,0.1566,c1cnn(-c2nccc(NC3CCCCC3)n2)c1,0.5713
1220,T12858,116078-65-0,CC(=O)N(CCC(CCN1CCCCC1)(C(N)=O)c1ccccc1Cl)C(C)C,C22H34ClN3O2,407.99,3.59,66.64,1,3,9,1,2,0.636,28,1,0,none,0.9834,0.9898,0.986,T12858,Ranolazine,pFOX / 晚钠电流,部分脂肪酸氧化抑制，改善代谢底物利用,0.205,无明确优势骨架命中,,,0.0,0.2048,c1ccc(CCCN2CCCCC2)cc1,0.5954
1221,T1897,130798-51-5,O=C(O)CCc1c(C(=O)O)[nH]c2cc(Cl)cc(Cl)c12,C12H9Cl2NO4,302.11,3.19,90.39,3,2,4,2,2,0.167,19,2,0,none,1.0,0.9651,0.986,T1897,DHA (Docosahexaenoic acid),PPAR-alpha / SREBP-1c,omega-3 多不饱和脂肪酸，降低肝内 TG 与脂毒性,0.213,无明确优势骨架命中,,,0.0,0.2128,c1ccc2[nH]ccc2c1,0.5994
1222,T73176,2307277-93-4,CC(C)(O)[C@@H]1CCN(c2cc(-n3ncc4ccc([C@]5(C#N)CC56CC6)cc43)ncn2)C1,C24H26N6O,414.51,3.36,90.86,1,6,4,3,6,0.5,31,0,0,none,0.9998,0.9654,0.986,T73176,TVB-2640 (Denifanstat),FASN,脂肪酸合酶 beta-酮脂酰还原酶结构域抑制剂，直接阻断棕榈酸从头合成,0.165,无明确优势骨架命中,,,0.0,0.165,c1nc(N2CCCC2)cc(-n2ncc3ccc(C4CC45CC5)cc32)n1,0.5755
1223,T3206,537034-15-4,Nc1ccccc1NC(=O)CCCCCC(=O)Nc1ccccc1,C19H23N3O2,325.41,3.8,84.22,3,3,8,2,2,0.263,24,0,0,none,0.9766,1.0,0.986,T3206,Salicylate,"AMPK (direct, beta1)",直接结合 AMPK beta1 变构位点，抑制脂肪生成,0.22,无明确优势骨架命中,,,0.0,0.2195,O=C(CCCCCC(=O)Nc1ccccc1)Nc1ccccc1,0.6028
1224,TN7205,1309792-72-0,COC(=O)c1c[nH]c2cc(Br)c(Br)cc12,C10H7Br2NO2,332.98,3.48,42.09,1,2,1,2,2,0.1,15,2,0,none,0.9764,1.0,0.9859,TN7205,Gemfibrozil,PPAR-alpha,苯氧戊酸类 PPAR-alpha 激动剂，抑制肝脏 VLDL-TG 分泌,0.143,无明确优势骨架命中,,,0.0,0.1429,c1ccc2[nH]ccc2c1,0.5644
1225,T73185,2890765-10-1,CNCCN(C)Cc1cncc(-c2ccc(NS(=O)(=O)C3CC3)cc2)c1,C19H26N4O2S,374.51,2.3,74.33,2,5,9,2,3,0.421,26,0,0,none,0.9765,1.0,0.9859,T73185,TVB-2640 (Denifanstat),FASN,脂肪酸合酶 beta-酮脂酰还原酶结构域抑制剂，直接阻断棕榈酸从头合成,0.161,无明确优势骨架命中,,,0.0,0.1613,O=S(=O)(Nc1ccc(-c2cccnc2)cc1)C1CC1,0.5736
1226,TN2071,477-48-5,COc1cc([C@@H]2c3cc4c(cc3C(=O)[C@H]3COC(=O)[C@@H]23)OCO4)cc(OC)c1OC,C22H20O8,412.39,2.56,89.52,0,8,4,2,5,0.364,30,0,0,none,1.0,0.9645,0.9858,TN2071,Berberine,AMPK / PCSK9 / LDLR,原小檗碱型生物碱，激活 AMPK 并稳定 LDLR mRNA，HepG2 经典降脂阳性对照,0.314,无明确优势骨架命中,,,0.0,0.3143,O=C1c2cc3c(cc2C(c2ccccc2)C2C(=O)OCC12)OCO3,0.65
1227,T8188,477-49-6,COc1cc([C@@H]2c3cc4c(cc3C(=O)[C@H]3COC(=O)[C@H]23)OCO4)cc(OC)c1OC,C22H20O8,412.39,2.56,89.52,0,8,4,2,5,0.364,30,0,0,none,1.0,0.9645,0.9858,T8188,Berberine,AMPK / PCSK9 / LDLR,原小檗碱型生物碱，激活 AMPK 并稳定 LDLR mRNA，HepG2 经典降脂阳性对照,0.314,无明确优势骨架命中,,,0.0,0.3143,O=C1c2cc3c(cc2C(c2ccccc2)C2C(=O)OCC12)OCO3,0.65
1228,T35566,2682114-39-0,Cn1nccc1-c1ccc(C(N)=O)c(Oc2ccccc2F)c1,C17H14FN3O2,311.32,3.12,70.14,1,3,4,3,3,0.059,23,1,0,none,1.0,0.9641,0.9856,T35566,ACC inhibitor chemotype (firsocostat-like proxy),ACC1/ACC2,变构抑制乙酰辅酶A羧化酶，降低丙二酰辅酶A、阻断新发脂质合成(DNL)并解除 CPT1 抑制,0.188,无明确优势骨架命中,,,0.0,0.1875,c1ccc(Oc2cccc(-c3ccn[nH]3)c2)cc1,0.5866
1229,T8850,1884222-74-5,COc1ccc(Nc2ncc(C(F)(F)F)c(NC3CC3)n2)cc1OC,C16H17F3N4O2,354.33,3.83,68.3,2,6,6,2,3,0.375,25,3,0,none,0.9761,1.0,0.9856,T8850,TVB-2640 (Denifanstat),FASN,脂肪酸合酶 beta-酮脂酰还原酶结构域抑制剂，直接阻断棕榈酸从头合成,0.193,无明确优势骨架命中,,,0.0,0.1932,c1ccc(Nc2nccc(NC3CC3)n2)cc1,0.5894
1230,T12531,1144504-35-7,N#CC1(c2ccccn2)CCN(Cc2cc(C(=O)O)c(=O)n3ccccc23)CC1,C22H20N4O3,388.43,2.45,98.7,1,5,4,3,4,0.273,29,0,0,none,0.9759,1.0,0.9856,T12531,Rosiglitazone,PPAR-gamma,TZD 类 PPAR-gamma 全激动剂，改善胰岛素抵抗与肝内脂肪蓄积,0.209,无明确优势骨架命中,,,0.0,0.2093,O=c1ccc(CN2CCC(c3ccccn3)CC2)c2ccccn12,0.5974
1231,T6681,307543-71-1,O=S(=O)(/N=C/c1c(O)ccc2ccccc12)c1cccs1,C15H11NO3S2,317.39,3.41,66.73,1,4,3,3,3,0.0,21,0,0,none,1.0,0.9638,0.9855,T6681,Salicylate,"AMPK (direct, beta1)",直接结合 AMPK beta1 变构位点，抑制脂肪生成,0.191,无明确优势骨架命中,,,0.0,0.1915,O=S(=O)(N=Cc1cccc2ccccc12)c1cccs1,0.5885
1232,T40417,3413-58-9,CCOc1ccc2nccc([C@@H](O)[C@@H]3C[C@@H]4CC[N@@]3C[C@@H]4CC)c2c1,C21H28N2O2,340.47,3.79,45.59,1,4,5,2,5,0.571,25,0,0,none,0.9756,1.0,0.9854,T40417,GW4064,FXR,非甾体高效 FXR 激动剂工具化合物，抑制 DNL 相关转录程序,0.175,无明确优势骨架命中,,,0.0,0.1753,c1ccc2c(CC3CC4CCN3CC4)ccnc2c1,0.5804
1233,T67892,245728-44-3,CN1N=C(SCc2ccc(Cl)cc2Cl)Sc2c1cnn(C)c2=O,C14H12Cl2N4OS2,387.32,3.83,50.49,0,6,2,2,3,0.214,23,2,0,none,0.9757,1.0,0.9854,T67892,Lanifibranor,PPAR pan (alpha/delta/gamma),泛 PPAR 激动，促进 beta-氧化、抑制脂肪生成与炎症纤维化,0.152,无明确优势骨架命中,,,0.0,0.1519,O=c1[nH]ncc2c1SC(SCc1ccccc1)=NN2,0.5686
1234,T24925,1648707-58-7,CC(C)(C)NCCCNC(=O)c1cccc(Br)c1,C14H21BrN2O,313.24,2.96,41.13,2,2,5,1,1,0.5,18,1,0,none,0.9756,1.0,0.9854,T24925,Bezafibrate,PPAR pan,泛 PPAR 弱激动剂，降低血浆与肝内甘油三酯,0.283,无明确优势骨架命中,,,0.0,0.2833,c1ccccc1,0.6344
1235,T7947,1630808-89-7,O=C(c1ccc(-c2nc3ccc(F)cc3o2)cc1)N1CCN(C(=O)C2(O)CC2)CC1,C22H20FN3O4,409.42,2.44,86.88,1,5,3,3,5,0.318,30,1,0,none,0.9993,0.9642,0.9852,T7947,PF-06424439 (DGAT2i),DGAT2,二酰甘油酰基转移酶2 抑制剂，直接阻断甘油三酯酯化终末步骤,0.197,哌嗪/哌啶杂芳基甲酰胺,SCD1 / DGAT2,脂质酶抑制剂常见的环胺-酰胺连接模式，倾向作用于 SCD1/DGAT2 等内质网膜结合型脂质合成酶,0.55,0.4449,O=C(c1ccc(-c2nc3ccccc3o2)cc1)N1CCN(C(=O)C2CC2)CC1,0.715
1236,T7292,932737-65-0,CC(C)Nc1cc(-c2csc(N(C)C(=O)c3ccc(F)cc3)n2)ncn1,C18H18FN5OS,371.44,3.84,71.01,1,6,5,3,3,0.222,26,1,0,none,0.9753,1.0,0.9852,T7292,Rosuvastatin,HMGCR,亲水性强效 HMGCR 抑制剂，肝选择性摄取(OATP1B1),0.216,无明确优势骨架命中,,,0.0,0.2159,O=C(Nc1nc(-c2ccncn2)cs1)c1ccccc1,0.6006
1237,T3215,1346528-50-4,O=C(Nc1cnccc1Cl)N1CCN(Cc2ccc3c(c2)OC(F)(F)O3)CC1,C18H17ClF2N4O3,410.81,3.41,66.93,1,5,3,2,4,0.333,28,3,0,none,1.0,0.9628,0.9851,T3215,Ervogastat (PF-06865571),DGAT2,口服 DGAT2 抑制剂，降低肝内甘油三酯合成与 VLDL 分泌,0.275,杂芳基脲 (DGAT2/SCD1 型),DGAT2 / SCD1,杂芳基脲连接的哌啶醚母核，抑制 DGAT2 或 SCD1，减少甘油三酯与单不饱和脂肪酸生成，降低脂滴体积,0.68,0.581,O=C(Nc1cccnc1)N1CCN(Cc2ccc3c(c2)OCO3)CC1,0.783
1238,T210459,438473-17-7,O=C(NCc1cccnc1)c1ccc(COc2ccccc2Cl)o1,C18H15ClN2O3,342.78,3.84,64.36,1,4,6,3,3,0.111,24,1,0,none,0.9752,1.0,0.9851,T210459,Nicotinic acid (Niacin),HCAR2 / DGAT2,抑制脂肪组织脂解并弱抑制 DGAT2，减少肝内 VLDL 底物供应,0.255,无明确优势骨架命中,,,0.0,0.2545,O=C(NCc1cccnc1)c1ccc(COc2ccccc2)o1,0.6198
1239,T8443,135991-48-9,Cc1cc2c(-c3ccccc3F)nc(N3CCNCC3)nc2s1,C17H17FN4S,328.42,3.22,41.05,1,5,2,3,4,0.294,23,1,0,none,0.9752,1.0,0.9851,T8443,Trimetazidine,3-KAT (长链硫解酶),部分脂肪酸氧化抑制剂，代谢调节剂,0.188,无明确优势骨架命中,,,0.0,0.1875,c1ccc(-c2nc(N3CCNCC3)nc3sccc23)cc1,0.5863
1240,T4262,90280-13-0,NC(=O)CS(=O)C(c1ccc(F)cc1)c1ccc(F)cc1,C15H13F2NO2S,309.34,2.29,60.16,1,2,5,2,2,0.133,21,2,0,none,0.99,0.9775,0.985,T4262,Ezetimibe,NPC1L1,抑制胆固醇再摄取，降低肝内胆固醇酯负荷,0.246,无明确优势骨架命中,,,0.0,0.2456,c1ccc(Cc2ccccc2)cc1,0.6153
1241,T1778,902135-91-5,O=C(NC1CCNCC1)c1[nH]ncc1NC(=O)c1c(Cl)cccc1Cl,C16H17Cl2N5O2,382.25,2.45,98.91,4,4,4,2,3,0.312,25,2,0,none,0.9748,1.0,0.9849,T1778;T6205,TVB-2640 (Denifanstat),FASN,脂肪酸合酶 beta-酮脂酰还原酶结构域抑制剂，直接阻断棕榈酸从头合成,0.195,无明确优势骨架命中,,,0.0,0.1954,O=C(Nc1cn[nH]c1C(=O)NC1CCNCC1)c1ccccc1,0.5901
1242,T1850,354813-19-7,CCCN1CCN(c2ccc(C(=O)NC3(C(=O)NCC#N)CCCCC3)cc2)CC1,C23H33N5O2,411.55,2.29,88.47,2,5,7,1,3,0.609,30,0,0,none,0.9903,0.9767,0.9849,T1850,Bezafibrate,PPAR pan,泛 PPAR 弱激动剂，降低血浆与肝内甘油三酯,0.211,无明确优势骨架命中,,,0.0,0.2105,O=C(NC1CCCCC1)c1ccc(N2CCNCC2)cc1,0.5977
1243,T14953,97919-22-7,Nc1ccc(S(=O)(=O)Nc2cnc3c(Cl)cccc3n2)cc1,C14H11ClN4O2S,334.79,2.67,97.97,2,5,3,3,3,0.0,22,1,0,none,0.9802,0.992,0.9849,T14953,Lanifibranor,PPAR pan (alpha/delta/gamma),泛 PPAR 激动，促进 beta-氧化、抑制脂肪生成与炎症纤维化,0.151,无明确优势骨架命中,,,0.0,0.1507,O=S(=O)(Nc1cnc2ccccc2n1)c1ccccc1,0.5678
1244,T81490,2127107-15-5,NC(=O)Nc1cc(C#Cc2cccc(F)c2)sc1C(=O)N[C@H]1CCCNC1,C19H19FN4O2S,386.45,2.26,96.25,4,4,3,2,3,0.263,27,1,0,none,0.9749,1.0,0.9849,T81490,Ranolazine,pFOX / 晚钠电流,部分脂肪酸氧化抑制，改善代谢底物利用,0.152,无明确优势骨架命中,,,0.0,0.1522,O=C(NC1CCCNC1)c1ccc(C#Cc2ccccc2)s1,0.5686
1245,T37069,799247-52-2,COC(=O)NCc1cc(/C(C)=N/OCc2cccc(C)n2)ccc1Cl,C18H20ClN3O3,361.83,3.84,72.81,1,5,6,2,2,0.278,25,1,0,none,0.9747,1.0,0.9848,T37069,GW4064,FXR,非甾体高效 FXR 激动剂工具化合物，抑制 DNL 相关转录程序,0.202,无明确优势骨架命中,,,0.0,0.2021,C(=NOCc1ccccn1)c1ccccc1,0.5934
1246,T23380,170858-33-0,NS(=O)(=O)c1ccc(N2CCN(CC[C@@H]3OCCc4ccccc43)CC2)cc1,C21H27N3O3S,401.53,2.16,75.87,1,5,5,2,4,0.429,28,0,0,none,0.9747,1.0,0.9848,T23380,Lanifibranor,PPAR pan (alpha/delta/gamma),泛 PPAR 激动，促进 beta-氧化、抑制脂肪生成与炎症纤维化,0.179,无明确优势骨架命中,,,0.0,0.1795,c1ccc(N2CCN(CCC3OCCc4ccccc43)CC2)cc1,0.5821
1247,T50064,1197834-98-2,COc1ccc(C(=O)COC(=O)c2cc(C)ccc2O)cc1,C17H16O5,300.31,2.75,72.83,1,5,5,2,2,0.176,22,0,0,none,1.0,0.962,0.9848,T50064,Gemfibrozil,PPAR-alpha,苯氧戊酸类 PPAR-alpha 激动剂，抑制肝脏 VLDL-TG 分泌,0.241,无明确优势骨架命中,,,0.0,0.2414,O=C(COC(=O)c1ccccc1)c1ccccc1,0.6131
1248,T7888,2289728-58-9,COc1ccc2c(-c3ccc(CNS(N)(=O)=O)cc3)ccnc2c1,C17H17N3O3S,343.41,2.2,94.31,2,4,5,3,3,0.118,24,0,0,none,0.9747,1.0,0.9848,T7888,Rosiglitazone,PPAR-gamma,TZD 类 PPAR-gamma 全激动剂，改善胰岛素抵抗与肝内脂肪蓄积,0.177,无明确优势骨架命中,,,0.0,0.1772,c1ccc(-c2ccnc3ccccc23)cc1,0.581
1249,T4467,697797-51-6,N[C@@H](CCNCc1ccc(Cl)cc1)C(=O)N1CCCCC1,C16H24ClN3O,309.84,2.16,58.36,2,3,6,1,2,0.562,21,1,0,none,0.9747,1.0,0.9848,T4467,Bezafibrate,PPAR pan,泛 PPAR 弱激动剂，降低血浆与肝内甘油三酯,0.266,无明确优势骨架命中,,,0.0,0.2656,O=C(CCCNCc1ccccc1)N1CCCCC1,0.6252
1250,T201392,3050683-38-7,O=C1CCC(c2cccc(-c3ccc(-n4ccccc4=O)cc3)c2Cl)C(=O)N1,C22H17ClN2O3,392.84,3.68,68.17,1,3,3,3,4,0.136,28,1,0,none,0.9929,0.9723,0.9847,T201392,A-769662,"AMPK (direct, beta1)",直接变构激活 AMPK beta1 亚基，磷酸化 ACC1/2 抑制 DNL,0.171,无明确优势骨架命中,,,0.0,0.1711,O=C1CCC(c2cccc(-c3ccc(-n4ccccc4=O)cc3)c2)C(=O)N1,0.5779
1251,T68099,94149-41-4,CC(SC(=O)c1cccs1)C(=O)NC1CCSC1=O,C12H13NO3S3,315.44,2.16,63.24,1,6,4,1,2,0.417,19,0,0,none,0.9745,1.0,0.9847,T68099,Ciprofibrate,PPAR-alpha,长效贝特类，诱导过氧化物酶体增殖与脂肪酸 beta-氧化,0.154,无明确优势骨架命中,,,0.0,0.1538,O=C(CSC(=O)c1cccs1)NC1CCSC1=O,0.5692
1252,T61809,536731-65-4,COc1cccc(-c2csc(NC(=O)CN3C(=O)c4ccccc4C3=O)n2)c1,C20H15N3O4S,393.42,3.05,88.6,1,6,5,3,4,0.1,28,0,0,none,1.0,0.9616,0.9846,T61809,Ranolazine,pFOX / 晚钠电流,部分脂肪酸氧化抑制，改善代谢底物利用,0.282,哌嗪/哌啶杂芳基甲酰胺,SCD1 / DGAT2,脂质酶抑制剂常见的环胺-酰胺连接模式，倾向作用于 SCD1/DGAT2 等内质网膜结合型脂质合成酶,0.55,0.5296,O=C(CN1C(=O)c2ccccc2C1=O)Nc1nc(-c2ccccc2)cs1,0.7571
1253,T67925,701929-65-9,CCOC(=O)c1ccc(NC(=O)NCc2ccncc2)cc1,C16H17N3O3,299.33,2.58,80.32,2,4,5,2,2,0.188,22,0,0,none,1.0,0.9616,0.9846,T67925,Bezafibrate,PPAR pan,泛 PPAR 弱激动剂，降低血浆与肝内甘油三酯,0.212,无明确优势骨架命中,,,0.0,0.2121,O=C(NCc1ccncc1)Nc1ccccc1,0.5984
1254,T23151,328087-38-3,Cc1cc(-c2nc3cc(F)ccc3s2)ccc1NC(=O)[C@@H](N)CCCCN,C20H23FN4OS,386.5,3.81,94.03,3,5,7,3,3,0.3,27,1,0,none,0.9743,1.0,0.9846,T23151,GW501516,PPAR-delta,PPAR-delta 选择性激动，提升肝与骨骼肌脂肪酸氧化,0.222,无明确优势骨架命中,,,0.0,0.2222,c1ccc(-c2nc3ccccc3s2)cc1,0.6034
1255,T77784,404360-27-6,CC(C)(Oc1ccc(Cl)cc1)C(=O)Nc1nccs1,C13H13ClN2O2S,296.78,3.59,51.22,1,4,4,2,2,0.231,19,1,0,none,0.9981,0.964,0.9845,T77784,Fenofibric acid,PPAR-alpha,激活 PPAR-alpha 上调 CPT1/ACOX1，增强线粒体与过氧化物酶体脂肪酸氧化,0.438,无明确优势骨架命中,,,0.0,0.4375,O=C(COc1ccccc1)Nc1nccs1,0.711
1256,T4087,1222097-72-4,NC(=O)c1ccc(OCCCN2CC3CCCC3C2)cc1,C17H24N2O2,288.39,2.29,55.56,1,3,6,1,3,0.588,21,0,0,none,0.9898,0.9765,0.9845,T4087;T4099,Etomoxir,CPT1a (抑制剂/阴性对照),CPT1 不可逆抑制剂，作为脂肪酸氧化通路机制阴性对照,0.254,无明确优势骨架命中,,,0.0,0.254,c1ccc(OCCCN2CC3CCCC3C2)cc1,0.6193
1257,T25526,27031-00-1,O=C(O)CCC(=O)Nc1ccc(-c2nc3ccccc3[nH]2)cc1,C17H15N3O3,309.33,3.03,95.08,3,3,5,3,3,0.118,23,0,0,none,0.9918,0.9736,0.9845,T25526,Atorvastatin,HMGCR,HMG-CoA 还原酶抑制，降低胆固醇合成并上调 LDLR,0.228,无明确优势骨架命中,,,0.0,0.2278,c1ccc(-c2nc3ccccc3[nH]2)cc1,0.6062
1258,TN5442,18196-13-9,CC(=O)Oc1ccc([C@@H]2CC(=O)c3c(O)cc(OC(C)=O)cc3O2)cc1,C19H16O7,356.33,2.95,99.13,1,7,3,2,3,0.211,26,0,0,none,0.9742,1.0,0.9845,TN5442,Naringenin,PPAR-alpha / SREBP,柑橘黄烷酮，抑制脂肪生成基因并促进脂肪酸氧化,0.617,黄酮/黄烷酮母核,AMPK / SREBP-1c,黄酮类多酚激活 AMPK-SIRT1 轴，抑制 SREBP-1c/FAS/ACC 表达并促进脂噬,0.6,0.82,O=C1CC(c2ccccc2)Oc2ccccc21,0.9022
1259,T23446,1201916-31-5,O=C(NO)c1ccc2[nH]c(=O)c(CCCc3ccccc3)nc2c1,C18H17N3O3,323.35,2.22,95.08,3,4,5,3,3,0.167,24,0,0,none,0.9742,1.0,0.9845,T23446,Bezafibrate,PPAR pan,泛 PPAR 弱激动剂，降低血浆与肝内甘油三酯,0.211,无明确优势骨架命中,,,0.0,0.2113,O=c1[nH]c2ccccc2nc1CCCc1ccccc1,0.5979
1260,TN7196,857809-64-4,O=C(O)c1c[nH]c2cc(Br)c(Br)cc12,C9H5Br2NO2,318.95,3.39,53.09,2,1,1,2,2,0.0,14,2,0,none,0.9959,0.9671,0.9844,TN7196,Salicylate,"AMPK (direct, beta1)",直接结合 AMPK beta1 变构位点，抑制脂肪生成,0.265,无明确优势骨架命中,,,0.0,0.2647,c1ccc2[nH]ccc2c1,0.6246
1261,TQ0111,184582-62-5,COc1ccc2nc3ccc(OC)cc3c(SCCCN)c2c1,C18H20N2O2S,328.44,3.85,57.37,1,5,6,3,3,0.278,23,0,0,none,0.9738,1.0,0.9843,TQ0111,GW501516,PPAR-delta,PPAR-delta 选择性激动，提升肝与骨骼肌脂肪酸氧化,0.156,无明确优势骨架命中,,,0.0,0.1558,c1ccc2nc3ccccc3cc2c1,0.57
1262,T35033,132373-81-0,C[C@H](C[C@@](C(N)=O)(c1ccccc1)c1ccccn1)N(C)C,C18H23N3O,297.4,2.19,59.22,1,3,6,2,2,0.333,22,0,0,none,0.9793,0.9917,0.9843,T35033,Rosiglitazone,PPAR-gamma,TZD 类 PPAR-gamma 全激动剂，改善胰岛素抵抗与肝内脂肪蓄积,0.222,无明确优势骨架命中,,,0.0,0.2222,c1ccc(Cc2ccccn2)cc1,0.6032
1263,T35033L,151851-72-8,C[C@@H](C[C@](C(N)=O)(c1ccccc1)c1ccccn1)N(C)C,C18H23N3O,297.4,2.19,59.22,1,3,6,2,2,0.333,22,0,0,none,0.9793,0.9917,0.9843,T35033L,Rosiglitazone,PPAR-gamma,TZD 类 PPAR-gamma 全激动剂，改善胰岛素抵抗与肝内脂肪蓄积,0.222,无明确优势骨架命中,,,0.0,0.2222,c1ccc(Cc2ccccn2)cc1,0.6032
1264,T5S2361,6873-09-2,COc1cc2c(cc1OC)-c1cc3ccc4c(c3c[n+]1CC2)OCO4,C20H18NO4+,336.37,3.1,40.8,0,4,2,3,5,0.25,25,0,0,none,0.9738,1.0,0.9843,T5S2361;T8306,Berberine,AMPK / PCSK9 / LDLR,原小檗碱型生物碱，激活 AMPK 并稳定 LDLR mRNA，HepG2 经典降脂阳性对照,0.673,原小檗碱型季铵异喹啉生物碱,AMPK / LDLR,小檗碱型生物碱抑制线粒体复合物I 激活 AMPK，并经 ERK 通路稳定 LDLR mRNA，为 HepG2 脂质蓄积模型的经典降脂阳性对照化学型,0.8,0.91,c1ccc2c(c1)CC[n+]1cc3c4c(ccc3cc1-2)OCO4,0.9472
1265,T5S0814,633-66-9,COc1ccc2cc3[n+](cc2c1OC)CCc1cc2c(cc1-3)OCO2,C20H18NO4+,336.37,3.1,40.8,0,4,2,3,5,0.25,25,0,0,none,0.9738,1.0,0.9843,T0461;T0461L;T14545;T4S0797;T5S0814,Berberine,AMPK / PCSK9 / LDLR,原小檗碱型生物碱，激活 AMPK 并稳定 LDLR mRNA，HepG2 经典降脂阳性对照,1.0,原小檗碱型季铵异喹啉生物碱,AMPK / LDLR,小檗碱型生物碱抑制线粒体复合物I 激活 AMPK，并经 ERK 通路稳定 LDLR mRNA，为 HepG2 脂质蓄积模型的经典降脂阳性对照化学型,0.8,0.91,c1ccc2c[n+]3c(cc2c1)-c1cc2c(cc1CC3)OCO2,0.9472
1266,TN1139L,114073-47-1,COc1cc2c(cc1OC)-c1c(C)c3ccc4c(c3c[n+]1CC2)OCO4,C21H20NO4+,350.39,3.4,40.8,0,4,2,3,5,0.286,26,0,0,none,0.9738,1.0,0.9843,TN1139L,Berberine,AMPK / PCSK9 / LDLR,原小檗碱型生物碱，激活 AMPK 并稳定 LDLR mRNA，HepG2 经典降脂阳性对照,0.453,原小檗碱型季铵异喹啉生物碱,AMPK / LDLR,小檗碱型生物碱抑制线粒体复合物I 激活 AMPK，并经 ERK 通路稳定 LDLR mRNA，为 HepG2 脂质蓄积模型的经典降脂阳性对照化学型,0.8,0.8131,c1ccc2c(c1)CC[n+]1cc3c4c(ccc3cc1-2)OCO4,0.8987
1267,T9256,1071135-06-2,c1cc2c(N3CCNCC3)nc(-c3ccnc(NC4CCCCC4)c3)cc2cn1,C23H28N6,388.52,3.85,65.97,2,6,4,3,5,0.435,29,0,0,none,0.9739,1.0,0.9843,T9256,Ervogastat (PF-06865571),DGAT2,口服 DGAT2 抑制剂，降低肝内甘油三酯合成与 VLDL 分泌,0.19,无明确优势骨架命中,,,0.0,0.1905,c1cc2c(N3CCNCC3)nc(-c3ccnc(NC4CCCCC4)c3)cc2cn1,0.5874
1268,TN1189,54260-72-9,COc1ccc2c(C)c3[n+](cc2c1OC)CCc1cc2c(cc1-3)OCO2,C21H20NO4+,350.39,3.4,40.8,0,4,2,3,5,0.286,26,0,0,none,0.9738,1.0,0.9843,TN1189,Berberine,AMPK / PCSK9 / LDLR,原小檗碱型生物碱，激活 AMPK 并稳定 LDLR mRNA，HepG2 经典降脂阳性对照,0.661,原小檗碱型季铵异喹啉生物碱,AMPK / LDLR,小檗碱型生物碱抑制线粒体复合物I 激活 AMPK，并经 ERK 通路稳定 LDLR mRNA，为 HepG2 脂质蓄积模型的经典降脂阳性对照化学型,0.8,0.91,c1ccc2c[n+]3c(cc2c1)-c1cc2c(cc1CC3)OCO2,0.9472
1269,T5S0802,3486-67-7,COc1cc2c(cc1OC)-c1cc3ccc(OC)c(OC)c3c[n+]1CC2,C21H22NO4+,352.41,3.38,40.8,0,4,4,3,4,0.286,26,0,0,none,0.9738,1.0,0.9843,T2718;T5S0802,Berberine,AMPK / PCSK9 / LDLR,原小檗碱型生物碱，激活 AMPK 并稳定 LDLR mRNA，HepG2 经典降脂阳性对照,0.755,原小檗碱型季铵异喹啉生物碱,AMPK / LDLR,小檗碱型生物碱抑制线粒体复合物I 激活 AMPK，并经 ERK 通路稳定 LDLR mRNA，为 HepG2 脂质蓄积模型的经典降脂阳性对照化学型,0.8,0.91,c1ccc2c(c1)CC[n+]1cc3ccccc3cc1-2,0.9472
1270,T60812,2418577-51-0,N#CCn1ccnc1SCC(=O)c1ccc2c(c1)OCCO2,C15H13N3O3S,315.35,2.15,77.14,0,6,5,2,3,0.267,22,0,0,none,0.9737,1.0,0.9842,T60812,PF-06424439 (DGAT2i),DGAT2,二酰甘油酰基转移酶2 抑制剂，直接阻断甘油三酯酯化终末步骤,0.154,无明确优势骨架命中,,,0.0,0.1538,O=C(CSc1ncc[nH]1)c1ccc2c(c1)OCCO2,0.569
1271,T10291,490-20-0,O=C(O)[C@H]1[C@H](c2ccccc2)[C@H](C(=O)O)[C@H]1c1ccccc1,C18H16O4,296.32,2.97,74.6,2,2,4,2,3,0.222,22,0,0,none,1.0,0.9604,0.9841,T10291,Salicylate,"AMPK (direct, beta1)",直接结合 AMPK beta1 变构位点，抑制脂肪生成,0.321,无明确优势骨架命中,,,0.0,0.3214,c1ccc(C2CC(c3ccccc3)C2)cc1,0.6527
1272,T24477,1062271-24-2,Cc1ccc(S(=O)(=O)Nc2ccccc2N2CCCCC2)s1,C16H20N2O2S2,336.48,3.85,49.41,1,4,4,2,3,0.375,22,0,0,none,0.9735,1.0,0.9841,T24477,Ranolazine,pFOX / 晚钠电流,部分脂肪酸氧化抑制，改善代谢底物利用,0.158,无明确优势骨架命中,,,0.0,0.1579,O=S(=O)(Nc1ccccc1N1CCCCC1)c1cccs1,0.571
1273,T27186,90808-12-1,CCc1c(OC)nc2nc(C(=O)c3ccccc3)cn2c1C,C17H17N3O2,295.34,2.84,56.49,0,4,4,3,3,0.235,22,0,0,none,1.0,0.9603,0.9841,T27186,Telmisartan,PPAR-gamma partial / AT1R,AT1 受体拮抗兼 PPAR-gamma 部分激动，文献报道减轻肝细胞脂肪变,0.212,无明确优势骨架命中,,,0.0,0.2118,O=C(c1ccccc1)c1cn2cccnc2n1,0.598
1274,T1562,90098-04-7,O=C(NC(Cc1cc(=O)[nH]c2ccccc12)C(=O)O)c1ccc(Cl)cc1,C19H15ClN2O4,370.79,2.61,99.26,3,3,5,3,3,0.105,26,1,0,none,0.9735,1.0,0.9841,T1562,Bezafibrate,PPAR pan,泛 PPAR 弱激动剂，降低血浆与肝内甘油三酯,0.261,无明确优势骨架命中,,,0.0,0.2609,O=C(NCCc1cc(=O)[nH]c2ccccc12)c1ccccc1,0.6225
1275,T17256,1360540-81-3,O=C(CCC(=O)c1ccc2c(c1)OCCO2)c1ccccc1,C18H16O4,296.32,3.3,52.6,0,4,5,2,3,0.222,22,0,0,none,1.0,0.9604,0.9841,T17256,Nicotinic acid (Niacin),HCAR2 / DGAT2,抑制脂肪组织脂解并弱抑制 DGAT2，减少肝内 VLDL 底物供应,0.238,无明确优势骨架命中,,,0.0,0.2381,O=C(CCC(=O)c1ccc2c(c1)OCCO2)c1ccccc1,0.6111
1276,T16793,300353-13-3,CS(=O)(=O)c1ccc([C@@H](CC2CCCC2)C(=O)Nc2nccs2)cc1,C18H22N2O3S2,378.52,3.85,76.13,1,5,6,2,3,0.444,25,0,0,none,0.9734,1.0,0.984,T16793,Perhexiline,CPT1/CPT2 (抑制剂),CPT 抑制剂，代谢转向葡萄糖氧化；已知具肝毒性风险，用作毒性锚点,0.169,无明确优势骨架命中,,,0.0,0.1692,O=C(Nc1nccs1)C(CC1CCCC1)c1ccccc1,0.5766
1277,T31174,38917-80-5,CCN(CC)CC(=O)Nc1cccc(OCc2ccccc2)c1,C19H24N2O2,312.41,3.55,41.57,1,3,8,2,2,0.316,23,0,0,none,0.9734,1.0,0.984,T31174,Ranolazine,pFOX / 晚钠电流,部分脂肪酸氧化抑制，改善代谢底物利用,0.233,无明确优势骨架命中,,,0.0,0.2329,c1ccc(COc2ccccc2)cc1,0.6084
1278,T16728,1345410-31-2,NC(=O)c1ccn(-c2cnc(NC[C@]3(c4ncccc4F)C[C@H](F)C3)nc2)c1,C19H18F2N6O,384.39,2.38,98.72,2,5,6,3,4,0.263,28,2,0,none,0.9733,1.0,0.984,T16728,Ervogastat (PF-06865571),DGAT2,口服 DGAT2 抑制剂，降低肝内甘油三酯合成与 VLDL 分泌,0.195,无明确优势骨架命中,,,0.0,0.1954,c1ccc(C2(CNc3ncc(-n4cccc4)cn3)CCC2)nc1,0.5897
1279,TQ0286,328232-95-7,O=C1O[C@]2(CC[C@@H](C(=O)Nc3ccn(-c4ccccc4F)n3)CC2)c2cnccc21,C22H19FN4O3,406.42,3.6,86.11,1,5,3,3,5,0.273,30,1,0,none,0.9977,0.9636,0.984,TQ0286,Ervogastat (PF-06865571),DGAT2,口服 DGAT2 抑制剂，降低肝内甘油三酯合成与 VLDL 分泌,0.233,无明确优势骨架命中,,,0.0,0.2326,O=C1OC2(CCC(C(=O)Nc3ccn(-c4ccccc4)n3)CC2)c2cnccc21,0.6083
1280,T1121,518-28-5,COc1cc([C@@H]2c3cc4c(cc3[C@H](O)[C@H]3COC(=O)[C@H]23)OCO4)cc(OC)c1OC,C22H22O8,414.41,2.41,92.68,1,8,4,2,5,0.409,30,0,0,none,0.9959,0.9658,0.9839,T1121,Berberine,AMPK / PCSK9 / LDLR,原小檗碱型生物碱，激活 AMPK 并稳定 LDLR mRNA，HepG2 经典降脂阳性对照,0.278,无明确优势骨架命中,,,0.0,0.2778,O=C1OCC2Cc3cc4c(cc3C(c3ccccc3)C12)OCO4,0.6308
1281,TN7041,4375-07-9,COc1cc([C@@H]2c3cc4c(cc3[C@@H](O)[C@H]3COC(=O)[C@H]23)OCO4)cc(OC)c1OC,C22H22O8,414.41,2.41,92.68,1,8,4,2,5,0.409,30,0,0,none,0.9959,0.9658,0.9839,TN7041,Berberine,AMPK / PCSK9 / LDLR,原小檗碱型生物碱，激活 AMPK 并稳定 LDLR mRNA，HepG2 经典降脂阳性对照,0.278,无明确优势骨架命中,,,0.0,0.2778,O=C1OCC2Cc3cc4c(cc3C(c3ccccc3)C12)OCO4,0.6308
1282,T9752,2759137-87-4,CC1(C)NC(=O)c2ccc(-c3c[nH]c4c(C#N)cccc34)nc21,C18H14N4O,302.34,3.08,81.57,2,3,1,3,4,0.167,23,0,0,none,0.9959,0.9658,0.9839,T9752,A-769662,"AMPK (direct, beta1)",直接变构激活 AMPK beta1 亚基，磷酸化 ACC1/2 抑制 DNL,0.162,哌嗪/哌啶杂芳基甲酰胺,SCD1 / DGAT2,脂质酶抑制剂常见的环胺-酰胺连接模式，倾向作用于 SCD1/DGAT2 等内质网膜结合型脂质合成酶,0.55,0.4097,O=C1NCc2nc(-c3c[nH]c4ccccc34)ccc21,0.6968
1283,T22034,849773-63-3,CC(C)ON([C@@H](C(=O)NO)C(C)C)S(=O)(=O)c1ccc(-c2ccccc2)cc1,C20H26N2O5S,406.5,3.21,95.94,2,5,8,2,2,0.35,28,0,0,none,0.9848,0.9826,0.9839,T22034,Atorvastatin,HMGCR,HMG-CoA 还原酶抑制，降低胆固醇合成并上调 LDLR,0.21,无明确优势骨架命中,,,0.0,0.2099,c1ccc(-c2ccccc2)cc1,0.5969
1284,T3S0027,17434-18-3,COc1cc([C@@H]2c3cc4c(cc3[C@H](O)[C@H]3COC(=O)[C@@H]23)OCO4)cc(OC)c1OC,C22H22O8,414.41,2.41,92.68,1,8,4,2,5,0.409,30,0,0,none,0.9959,0.9658,0.9839,T3S0027,Berberine,AMPK / PCSK9 / LDLR,原小檗碱型生物碱，激活 AMPK 并稳定 LDLR mRNA，HepG2 经典降脂阳性对照,0.278,无明确优势骨架命中,,,0.0,0.2778,O=C1OCC2Cc3cc4c(cc3C(c3ccccc3)C12)OCO4,0.6308
1285,T7136,942436-93-3,CCCNC(=O)c1nnc2c(-c3cc(OC)ccc3OC)cccc2c1N,C20H22N4O3,366.42,3.04,99.36,2,6,6,3,3,0.25,27,0,0,none,0.9729,1.0,0.9838,T7136,Bezafibrate,PPAR pan,泛 PPAR 弱激动剂，降低血浆与肝内甘油三酯,0.208,无明确优势骨架命中,,,0.0,0.2078,c1ccc(-c2cccc3ccnnc23)cc1,0.5958
1286,T37097,2313525-20-9,CCCN(C)c1cc(C(F)(F)F)nc(SCCC(=O)NCc2ccco2)n1,C17H21F3N4O2S,402.44,3.73,71.26,1,6,9,2,2,0.471,27,3,0,none,0.973,1.0,0.9838,T37097,GW501516,PPAR-delta,PPAR-delta 选择性激动，提升肝与骨骼肌脂肪酸氧化,0.191,无明确优势骨架命中,,,0.0,0.1915,O=C(CCSc1ncccn1)NCc1ccco1,0.5876
1287,T39718,2230490-29-4,Cc1[nH]nc2c1N=C(c1ccccc1Cl)c1cnc(N3CCOCC3)cc1N2,C20H19ClN6O,394.87,3.83,78.43,2,6,2,3,5,0.25,28,1,0,none,0.9763,0.995,0.9838,T39718,PF-06424439 (DGAT2i),DGAT2,二酰甘油酰基转移酶2 抑制剂，直接阻断甘油三酯酯化终末步骤,0.228,无明确优势骨架命中,,,0.0,0.2278,c1ccc(C2=Nc3c[nH]nc3Nc3cc(N4CCOCC4)ncc32)cc1,0.6058
1288,T16670,1221962-86-2,O=C(CC(c1ccccc1)C(C(=O)O)C(=O)O)c1ccc(C(F)(F)F)cc1,C19H15F3O5,380.32,3.85,91.67,2,3,7,2,2,0.211,27,3,0,none,0.9728,1.0,0.9837,T16670,GW501516,PPAR-delta,PPAR-delta 选择性激动，提升肝与骨骼肌脂肪酸氧化,0.222,无明确优势骨架命中,,,0.0,0.2222,O=C(CCc1ccccc1)c1ccccc1,0.603
1289,T12855,195199-95-2,Cc1cccc(S(=O)(=O)N(C)[C@H](C)CCN2CCC(C)CC2)c1,C18H30N2O2S,338.52,3.13,40.62,0,3,6,1,2,0.667,23,0,0,none,0.9728,1.0,0.9837,T12855,Lanifibranor,PPAR pan (alpha/delta/gamma),泛 PPAR 激动，促进 beta-氧化、抑制脂肪生成与炎症纤维化,0.187,无明确优势骨架命中,,,0.0,0.1867,O=S(=O)(NCCCN1CCCCC1)c1ccccc1,0.5852
1290,T11267,1808260-84-5,CC[C@H](C)C(=O)Nc1nc(-c2ccc(S(=O)(=O)N(CC)CC)cc2)cs1,C18H25N3O3S2,395.55,3.83,79.37,1,5,8,2,2,0.444,26,0,0,none,0.9728,1.0,0.9837,T11267,Rosuvastatin,HMGCR,亲水性强效 HMGCR 抑制剂，肝选择性摄取(OATP1B1),0.195,无明确优势骨架命中,,,0.0,0.1954,c1ccc(-c2cscn2)cc1,0.5896
1291,T4489,1357158-81-6,NC(=O)c1cnc(-c2ccc(C3(N)CCC3)cc2)c(-c2ccccc2)c1,C22H21N3O,343.43,3.85,82.0,2,3,4,3,4,0.182,26,0,0,none,0.9729,1.0,0.9837,T4489,Nicotinic acid (Niacin),HCAR2 / DGAT2,抑制脂肪组织脂解并弱抑制 DGAT2，减少肝内 VLDL 底物供应,0.208,无明确优势骨架命中,,,0.0,0.2075,c1ccc(-c2cccnc2-c2ccc(C3CCC3)cc2)cc1,0.5956
1292,T72112,2250025-93-3,C[N+]1([O-])CCN(C2=Nc3cc(Cl)ccc3Nc3ccccc32)CC1,C18H19ClN4O,342.83,3.74,50.69,1,4,0,2,4,0.278,24,1,0,none,0.9728,1.0,0.9837,T72112,Lanifibranor,PPAR pan (alpha/delta/gamma),泛 PPAR 激动，促进 beta-氧化、抑制脂肪生成与炎症纤维化,0.156,无明确优势骨架命中,,,0.0,0.1558,c1ccc2c(c1)N=C(N1CC[NH2+]CC1)c1ccccc1N2,0.5698
1293,T0918,39133-31-8,CCC(COC(=O)c1cc(OC)c(OC)c(OC)c1)(c1ccccc1)N(C)C,C22H29NO5,387.48,3.74,57.23,0,6,9,2,2,0.409,28,0,0,none,0.9727,1.0,0.9836,T0918;T1197;T27413,Gemfibrozil,PPAR-alpha,苯氧戊酸类 PPAR-alpha 激动剂，抑制肝脏 VLDL-TG 分泌,0.203,无明确优势骨架命中,,,0.0,0.2031,O=C(OCCc1ccccc1)c1ccccc1,0.5934
1294,T38507,112727-80-7,COc1cc(N)c(Cl)cc1C(=O)N[C@@H]1CC[N@]2CCC[C@H]1C2,C16H22ClN3O2,323.82,2.14,67.59,2,4,3,1,3,0.562,22,1,0,none,0.9725,1.0,0.9835,T38507,TVB-2640 (Denifanstat),FASN,脂肪酸合酶 beta-酮脂酰还原酶结构域抑制剂，直接阻断棕榈酸从头合成,0.2,无明确优势骨架命中,,,0.0,0.2,O=C(NC1CCN2CCCC1C2)c1ccccc1,0.5918
1295,T20485,1161-13-3,O=C(NC(Cc1ccccc1)C(=O)O)OCc1ccccc1,C17H17NO4,299.33,2.61,75.63,2,3,6,2,2,0.176,22,0,0,none,1.0,0.9588,0.9835,T20485,Salicylate,"AMPK (direct, beta1)",直接结合 AMPK beta1 变构位点，抑制脂肪生成,0.225,无明确优势骨架命中,,,0.0,0.225,O=C(NCCc1ccccc1)OCc1ccccc1,0.6043
1296,T9411,897016-26-1,O=C(Cc1ccc(-c2ccc(N3CCOCC3)cc2)cn1)NCc1cccc(F)c1,C24H24FN3O2,405.47,3.58,54.46,1,4,6,3,4,0.25,30,1,0,none,0.9984,0.9612,0.9835,T9411,PF-06424439 (DGAT2i),DGAT2,二酰甘油酰基转移酶2 抑制剂，直接阻断甘油三酯酯化终末步骤,0.237,无明确优势骨架命中,,,0.0,0.2368,O=C(Cc1ccc(-c2ccc(N3CCOCC3)cc2)cn1)NCc1ccccc1,0.6102
1297,T9822,378223-81-5,CCOC(=O)c1sc(NC(=O)c2sccc2C)cc1C,C14H15NO3S2,309.41,3.86,55.4,1,5,4,2,2,0.286,20,0,0,none,0.9725,1.0,0.9835,T9822,Gemfibrozil,PPAR-alpha,苯氧戊酸类 PPAR-alpha 激动剂，抑制肝脏 VLDL-TG 分泌,0.197,无明确优势骨架命中,,,0.0,0.1967,O=C(Nc1cccs1)c1cccs1,0.5901
1298,T64368,55854-43-8,O=S(=O)(Nc1ccccc1)c1ccc(Br)s1,C10H8BrNO2S2,318.22,3.31,46.17,1,3,3,2,2,0.0,16,1,0,none,0.9953,0.9655,0.9834,T64368,Salicylate,"AMPK (direct, beta1)",直接结合 AMPK beta1 变构位点，抑制脂肪生成,0.179,无明确优势骨架命中,,,0.0,0.1795,O=S(=O)(Nc1ccccc1)c1cccs1,0.5814
1299,T30454,108437-28-1,CCn1cc(C(=O)O)c(=O)c2cc(F)c(N3CCN4CCC3CC4)cc21,C19H22FN3O3,359.4,2.14,65.78,1,4,3,2,5,0.474,26,1,0,none,0.9722,1.0,0.9833,T30454,Fluvastatin,HMGCR,全合成 HMGCR 抑制剂,0.176,无明确优势骨架命中,,,0.0,0.1765,O=c1cc[nH]c2cc(N3CCN4CCC3CC4)ccc12,0.5799
1300,T1985,211555-04-3,COc1cc2ncnc(Nc3ccc(O)c(Br)c3)c2cc1OC,C16H14BrN3O3,376.21,3.86,76.5,2,6,4,3,3,0.125,23,1,0,none,0.972,1.0,0.9832,T1985,Ranolazine,pFOX / 晚钠电流,部分脂肪酸氧化抑制，改善代谢底物利用,0.154,无明确优势骨架命中,,,0.0,0.1538,c1ccc(Nc2ncnc3ccccc23)cc1,0.5685
1301,T2663,156223-05-1,COc1ccc(/C=C2\CCCN=C2c2cccnc2)c(OC)c1,C19H20N2O2,308.38,3.77,43.71,0,4,4,2,3,0.263,23,0,0,none,0.972,1.0,0.9832,T2663,Nicotinic acid (Niacin),HCAR2 / DGAT2,抑制脂肪组织脂解并弱抑制 DGAT2，减少肝内 VLDL 底物供应,0.193,无明确优势骨架命中,,,0.0,0.193,C(=C1CCCN=C1c1cccnc1)c1ccccc1,0.5881
1302,T62160,949898-66-2,Cn1nc(C(F)(F)F)cc1C(=O)Nc1ccc(S(=O)(=O)N2CCCCC2)cc1,C17H19F3N4O3S,416.43,2.87,84.3,1,4,4,2,3,0.412,28,3,0,none,1.0,0.958,0.9832,T62160,Lanifibranor,PPAR pan (alpha/delta/gamma),泛 PPAR 激动，促进 beta-氧化、抑制脂肪生成与炎症纤维化,0.264,无明确优势骨架命中,,,0.0,0.2639,O=C(Nc1ccc(S(=O)(=O)N2CCCCC2)cc1)c1ccn[nH]1,0.6236
1303,T13016,174689-39-5,CCc1ccccc1OC[C@@H](O)CN[C@H]1CCCc2ccccc21,C21H27NO2,325.45,3.66,41.49,2,3,7,2,3,0.429,24,0,0,none,0.972,1.0,0.9832,T13016;T13016L,Ranolazine,pFOX / 晚钠电流,部分脂肪酸氧化抑制，改善代谢底物利用,0.28,无明确优势骨架命中,,,0.0,0.28,c1ccc(OCCCNC2CCCc3ccccc32)cc1,0.6316
1304,T7186,916603-07-1,NCc1ccc(Nc2ncc(F)c(Nc3ccccc3)n2)cc1,C17H16FN5,309.35,3.56,75.86,3,5,5,3,3,0.059,23,1,0,none,0.9991,0.9589,0.9831,T7186,Rosiglitazone,PPAR-gamma,TZD 类 PPAR-gamma 全激动剂，改善胰岛素抵抗与肝内脂肪蓄积,0.164,无明确优势骨架命中,,,0.0,0.1644,c1ccc(Nc2ccnc(Nc3ccccc3)n2)cc1,0.5738
1305,T78835,2889356-55-0,OC(CNCc1ccc(F)cc1)COc1ccc(Cl)cc1Cl,C16H16Cl2FNO2,344.21,3.66,41.49,2,3,7,2,2,0.25,22,3,0,none,0.9716,1.0,0.983,T78835,Ranolazine,pFOX / 晚钠电流,部分脂肪酸氧化抑制，改善代谢底物利用,0.216,无明确优势骨架命中,,,0.0,0.2162,c1ccc(CNCCCOc2ccccc2)cc1,0.5996
1306,T8862,1428630-86-7,CC1(NC(=O)c2ccc(C#Cc3cccc(F)c3)cn2)COC1,C18H15FN2O2,310.33,2.14,51.22,1,3,2,2,3,0.222,23,1,0,none,0.9716,1.0,0.983,T8862,Etomoxir,CPT1a (抑制剂/阴性对照),CPT1 不可逆抑制剂，作为脂肪酸氧化通路机制阴性对照,0.189,无明确优势骨架命中,,,0.0,0.1892,O=C(NC1COC1)c1ccc(C#Cc2ccccc2)cn1,0.5861
1307,TN7021L,137182-35-5,COc1cc2oc(=O)ccc2c(OC)c1C[C@@H](O)C(C)(C)OC,C17H22O6,322.36,2.14,78.13,1,6,6,2,2,0.471,23,0,0,none,0.9716,1.0,0.9829,TN7021L,Trimetazidine,3-KAT (长链硫解酶),部分脂肪酸氧化抑制剂，代谢调节剂,0.21,无明确优势骨架命中,,,0.0,0.2097,O=c1ccc2ccccc2o1,0.5963
1308,T1186L,23210-56-2,CC(C(O)c1ccc(O)cc1)N1CCC(Cc2ccccc2)CC1,C21H27NO2,325.45,3.77,43.7,2,3,5,2,3,0.429,24,0,0,none,0.9715,1.0,0.9829,T1186;T1186L,Ezetimibe,NPC1L1,抑制胆固醇再摄取，降低肝内胆固醇酯负荷,0.242,无明确优势骨架命中,,,0.0,0.2424,c1ccc(CCN2CCC(Cc3ccccc3)CC2)cc1,0.6126
1309,T70879,135905-89-4,CN1[C@@H]2CC[C@H]1C[C@@H](NC(=O)c1cn(C3CCCCC3)c3ccccc3c1=O)C2,C24H31N3O2,393.53,3.86,54.34,1,3,3,2,5,0.583,29,0,0,none,0.9715,1.0,0.9829,T70879,TVB-2640 (Denifanstat),FASN,脂肪酸合酶 beta-酮脂酰还原酶结构域抑制剂，直接阻断棕榈酸从头合成,0.202,无明确优势骨架命中,,,0.0,0.2022,O=C(NC1CC2CCC(C1)N2)c1cn(C2CCCCC2)c2ccccc2c1=O,0.5926
1310,T12234,700878-19-9,Oc1ccc2nc(CN3CCC(Cc4ccccc4F)CC3)[nH]c2c1,C20H22FN3O,339.41,3.86,52.15,2,3,4,3,4,0.35,25,1,0,none,0.9714,1.0,0.9828,T12234,Trimetazidine,3-KAT (长链硫解酶),部分脂肪酸氧化抑制剂，代谢调节剂,0.159,无明确优势骨架命中,,,0.0,0.1594,c1ccc(CC2CCN(Cc3nc4ccccc4[nH]3)CC2)cc1,0.5711
1311,T15577,63610-08-2,CCC(C(=O)O)c1ccc(N2Cc3ccccc3C2=O)cc1,C18H17NO3,295.34,3.43,57.61,1,2,4,2,3,0.222,22,0,0,none,1.0,0.957,0.9828,T15577,Ezetimibe,NPC1L1,抑制胆固醇再摄取，降低肝内胆固醇酯负荷,0.186,哌嗪/哌啶杂芳基甲酰胺,SCD1 / DGAT2,脂质酶抑制剂常见的环胺-酰胺连接模式，倾向作用于 SCD1/DGAT2 等内质网膜结合型脂质合成酶,0.55,0.4332,O=C1c2ccccc2CN1c1ccccc1,0.708
1312,T40622,54238-51-6,CCC(C)(C)NCC(O)c1cc(Cl)c(N)c(C(F)(F)F)c1,C14H20ClF3N2O,324.77,3.75,58.28,3,3,5,1,1,0.571,21,4,0,none,0.9859,0.9781,0.9828,T40622,Bezafibrate,PPAR pan,泛 PPAR 弱激动剂，降低血浆与肝内甘油三酯,0.157,无明确优势骨架命中,,,0.0,0.1571,c1ccccc1,0.57
1313,T2277,585543-15-3,Cc1c(F)cc(C(=O)NC2CC2)cc1-c1ccc(C(=O)NCC(C)(C)C)cn1,C22H26FN3O2,383.47,3.86,71.09,2,3,5,2,3,0.409,28,1,0,none,0.9711,1.0,0.9827,T2277,TVB-2640 (Denifanstat),FASN,脂肪酸合酶 beta-酮脂酰还原酶结构域抑制剂，直接阻断棕榈酸从头合成,0.247,无明确优势骨架命中,,,0.0,0.2472,O=C(NC1CC1)c1cccc(-c2ccccn2)c1,0.615
1314,T206055,113027-75-1,O=C1c2ccccc2C(=O)N1CCC1CCN(Cc2ccccc2)CC1,C22H24N2O2,348.45,3.58,40.62,0,3,5,2,4,0.364,26,0,0,none,0.9712,1.0,0.9827,T206055,Telmisartan,PPAR-gamma partial / AT1R,AT1 受体拮抗兼 PPAR-gamma 部分激动，文献报道减轻肝细胞脂肪变,0.185,哌嗪/哌啶杂芳基甲酰胺,SCD1 / DGAT2,脂质酶抑制剂常见的环胺-酰胺连接模式，倾向作用于 SCD1/DGAT2 等内质网膜结合型脂质合成酶,0.55,0.4327,O=C1c2ccccc2C(=O)N1CCC1CCN(Cc2ccccc2)CC1,0.7077
1315,T67712,,O=C(CC1CC1)Nc1cc2nc3ccccc3oc-2cc1=O,C17H14N2O3,294.31,3.03,72.2,1,4,3,1,4,0.235,22,0,0,none,1.0,0.9567,0.9827,T67712,Ervogastat (PF-06865571),DGAT2,口服 DGAT2 抑制剂，降低肝内甘油三酯合成与 VLDL 分泌,0.16,无明确优势骨架命中,,,0.0,0.1605,O=C(CC1CC1)Nc1cc2nc3ccccc3oc-2cc1=O,0.5716
1316,T27026L,179420-27-0,Cc1nccn1-c1ccc(Sc2cccc(C3(C(N)=O)CCOCC3)c2)cc1,C22H23N3O2S,393.51,3.87,70.14,1,4,5,3,4,0.273,28,0,0,none,0.9709,1.0,0.9826,T27026L,ACC inhibitor chemotype (firsocostat-like proxy),ACC1/ACC2,变构抑制乙酰辅酶A羧化酶，降低丙二酰辅酶A、阻断新发脂质合成(DNL)并解除 CPT1 抑制,0.241,无明确优势骨架命中,,,0.0,0.241,c1cc(Sc2ccc(-n3ccnc3)cc2)cc(C2CCOCC2)c1,0.6118
1317,T61326,848256-17-7,O=C(Cc1ccc(-c2ccccc2)cc1)NCC1COc2ccccc2O1,C23H21NO3,359.43,3.85,47.56,1,3,5,3,4,0.174,27,0,0,none,0.971,1.0,0.9826,T61326,Lanifibranor,PPAR pan (alpha/delta/gamma),泛 PPAR 激动，促进 beta-氧化、抑制脂肪生成与炎症纤维化,0.181,无明确优势骨架命中,,,0.0,0.1806,O=C(Cc1ccc(-c2ccccc2)cc1)NCC1COc2ccccc2O1,0.5816
1318,T10509,1071970-13-2,N#Cc1cn(-c2ccc(C(=O)O)c(O)c2)c2cc(F)c(F)cc12,C16H8F2N2O3,314.25,3.18,86.25,2,3,2,3,3,0.0,23,2,0,none,1.0,0.9566,0.9826,T10509,Salicylate,"AMPK (direct, beta1)",直接结合 AMPK beta1 变构位点，抑制脂肪生成,0.277,无明确优势骨架命中,,,0.0,0.2766,c1ccc(-n2ccc3ccccc32)cc1,0.6296
1319,TQ0187,1072959-67-1,CN(C)CCOc1cc(-c2cn[nH]c2)ccc1NC(=O)C1COc2ccccc2O1,C22H24N4O4,408.46,2.8,88.71,2,6,7,3,4,0.273,30,0,0,none,1.0,0.9563,0.9825,TQ0187,Rosiglitazone,PPAR-gamma,TZD 类 PPAR-gamma 全激动剂，改善胰岛素抵抗与肝内脂肪蓄积,0.213,无明确优势骨架命中,,,0.0,0.2135,O=C(Nc1ccc(-c2cn[nH]c2)cc1)C1COc2ccccc2O1,0.598
1320,T0112L,42399-41-7,COc1ccc([C@@H]2Sc3ccccc3N(CCN(C)C)C(=O)[C@@H]2OC(C)=O)cc1,C22H26N2O4S,414.53,3.37,59.08,0,6,6,2,3,0.364,29,0,0,none,1.0,0.9563,0.9825,T0112;T0112L,Rosiglitazone,PPAR-gamma,TZD 类 PPAR-gamma 全激动剂，改善胰岛素抵抗与肝内脂肪蓄积,0.232,无明确优势骨架命中,,,0.0,0.2317,O=C1CC(c2ccccc2)Sc2ccccc2N1,0.6071
1321,T36112,144750-42-5,O=C(O)[C@H](c1ccccc1Cl)N1CCc2sccc2C1,C15H14ClNO2S,307.8,3.59,40.54,1,3,3,2,3,0.267,20,1,0,none,0.9707,1.0,0.9824,T36112,Lanifibranor,PPAR pan (alpha/delta/gamma),泛 PPAR 激动，促进 beta-氧化、抑制脂肪生成与炎症纤维化,0.235,无明确优势骨架命中,,,0.0,0.2353,c1ccc(CN2CCc3sccc3C2)cc1,0.6088
1322,T61122,1010888-06-8,O=C(c1nc(-c2cccc3[nH]ccc23)no1)N1CCc2ccccc2C1,C20H16N4O2,344.37,3.42,75.02,1,4,2,4,5,0.15,26,0,0,none,0.9705,1.0,0.9823,T61122,Lanifibranor,PPAR pan (alpha/delta/gamma),泛 PPAR 激动，促进 beta-氧化、抑制脂肪生成与炎症纤维化,0.173,哌嗪/哌啶杂芳基甲酰胺,SCD1 / DGAT2,脂质酶抑制剂常见的环胺-酰胺连接模式，倾向作用于 SCD1/DGAT2 等内质网膜结合型脂质合成酶,0.55,0.4203,O=C(c1nc(-c2cccc3[nH]ccc23)no1)N1CCc2ccccc2C1,0.7013
1323,T12092,79952-42-4,C[C@H]1C=C2C=C[C@H](C)[C@H](CC[C@@H]3C[C@@H](O)CC(=O)O3)[C@H]2[C@@H](O)C1,C19H28O4,320.43,2.6,66.76,2,4,3,0,3,0.737,23,0,0,none,0.9705,1.0,0.9823,T12092,Simvastatin,HMGCR,内酯型前药，抑制胆固醇合成并激活 AMPK/自噬,0.672,statin delta-内酯前药,HMGCR,"内酯型前药经肝细胞羧酸酯酶开环为活性 3,5-二羟基戊酸，抑制 HMGCR",0.88,0.946,O=C1CCCC(CCC2CC=CC3=CCCCC32)O1,0.9642
1324,T69522,2765264-50-2,[2H]C([2H])([2H])C1(C([2H])([2H])[2H])Cn2nc(-c3ccc(F)cn3)c(-c3ccnc4[nH]ncc34)c2CO1,C19H17FN6O,370.42,3.33,81.51,1,5,2,4,5,0.263,27,1,0,none,0.9705,1.0,0.9823,T69522,Ervogastat (PF-06865571),DGAT2,口服 DGAT2 抑制剂，降低肝内甘油三酯合成与 VLDL 分泌,0.128,无明确优势骨架命中,,,0.0,0.1277,c1ccc(-c2nn3c(c2-c2ccnc4[nH]ncc24)COCC3)nc1,0.555
1325,T73018,1704638-35-6,O=C(Cn1c(=O)oc2ccccc21)NCc1cncc(-c2ccsc2)c1,C19H15N3O3S,365.41,3.03,77.13,1,5,5,4,4,0.105,26,0,0,none,0.9705,1.0,0.9823,T73018,Telmisartan,PPAR-gamma partial / AT1R,AT1 受体拮抗兼 PPAR-gamma 部分激动，文献报道减轻肝细胞脂肪变,0.163,无明确优势骨架命中,,,0.0,0.1633,O=C(Cn1c(=O)oc2ccccc21)NCc1cncc(-c2ccsc2)c1,0.5728
1326,T22345,1628607-64-6,Cc1noc(C)c1-c1ccc2[nH]c(=O)n3c2c1OC[C@@H]3c1ccccn1,C19H16N4O3,348.36,2.98,85.94,1,5,2,4,5,0.211,26,0,0,none,0.9705,1.0,0.9823,T22345,Rosiglitazone,PPAR-gamma,TZD 类 PPAR-gamma 全激动剂，改善胰岛素抵抗与肝内脂肪蓄积,0.184,无明确优势骨架命中,,,0.0,0.1839,O=c1[nH]c2ccc(-c3cnoc3)c3c2n1C(c1ccccn1)CO3,0.5831
1327,T3183,554403-49-5,NCCc1cn(S(=O)(=O)c2c(Cl)nc3sccn23)c2ccccc12,C15H13ClN4O2S2,380.88,2.74,82.39,1,5,4,4,4,0.133,24,1,0,none,0.9705,1.0,0.9823,T3183,Telmisartan,PPAR-gamma partial / AT1R,AT1 受体拮抗兼 PPAR-gamma 部分激动，文献报道减轻肝细胞脂肪变,0.158,无明确优势骨架命中,,,0.0,0.1579,O=S(=O)(c1cnc2sccn12)n1ccc2ccccc21,0.5701
1328,T9833,1440796-75-7,CCCCOc1c(OC)cc(C(=O)NCC2(N(C)C)CCOCC2)cc1OC,C21H34N2O5,394.51,2.72,69.26,1,6,10,1,2,0.667,28,0,0,none,0.9705,1.0,0.9823,T9833,ACC inhibitor chemotype (firsocostat-like proxy),ACC1/ACC2,变构抑制乙酰辅酶A羧化酶，降低丙二酰辅酶A、阻断新发脂质合成(DNL)并解除 CPT1 抑制,0.256,无明确优势骨架命中,,,0.0,0.2564,O=C(NCC1CCOCC1)c1ccccc1,0.6194
1329,T70302,166173-78-0,C=CCN1CCC[C@H]1CNC(=O)c1cc(CCCF)cc(OC)c1OC,C20H29FN2O3,364.46,2.99,50.8,1,4,10,1,2,0.55,26,1,0,none,0.9705,1.0,0.9823,T70302,Trimetazidine,3-KAT (长链硫解酶),部分脂肪酸氧化抑制剂，代谢调节剂,0.187,无明确优势骨架命中,,,0.0,0.1867,O=C(NCC1CCCN1)c1ccccc1,0.5845
1330,T8143,42864-78-8,COc1ccc(CCNCC(O)COc2cccc(C)c2)cc1OC,C20H27NO4,345.44,2.58,59.95,2,5,10,2,2,0.4,25,0,0,none,0.9705,1.0,0.9823,T8143,Ranolazine,pFOX / 晚钠电流,部分脂肪酸氧化抑制，改善代谢底物利用,0.301,无明确优势骨架命中,,,0.0,0.3014,c1ccc(CCNCCCOc2ccccc2)cc1,0.6418
1331,T10468,,C[C@@H]1COCCN1c1cc(-c2ccnn2C)c2ccnc(-c3ccn[nH]3)c2n1,C20H21N7O,375.44,2.65,84.75,1,6,3,4,5,0.3,28,0,0,none,0.9705,1.0,0.9823,T10468;T7318,PF-06424439 (DGAT2i),DGAT2,二酰甘油酰基转移酶2 抑制剂，直接阻断甘油三酯酯化终末步骤,0.165,无明确优势骨架命中,,,0.0,0.1647,c1cc(-c2cc(N3CCOCC3)nc3c(-c4ccn[nH]4)nccc23)[nH]n1,0.5735
1332,T6143L,371935-79-4,Oc1cccc(-c2nc(N3CCOCC3)c3oc4ncccc4c3n2)c1,C19H16N4O3,348.36,2.98,84.51,1,7,2,4,5,0.211,26,0,0,none,0.9705,1.0,0.9823,T6143;T6143L,PF-06424439 (DGAT2i),DGAT2,二酰甘油酰基转移酶2 抑制剂，直接阻断甘油三酯酯化终末步骤,0.211,无明确优势骨架命中,,,0.0,0.2105,c1ccc(-c2nc(N3CCOCC3)c3oc4ncccc4c3n2)cc1,0.5964
1333,T9053,1424635-83-5,O=C(/N=c1\sccn1Cc1ccccc1)c1c[nH]c2ncccc12,C18H14N4OS,334.4,3.22,63.04,1,3,3,4,4,0.056,24,0,0,none,0.9705,1.0,0.9823,T9053,Nicotinic acid (Niacin),HCAR2 / DGAT2,抑制脂肪组织脂解并弱抑制 DGAT2，减少肝内 VLDL 底物供应,0.203,无明确优势骨架命中,,,0.0,0.2034,O=C(N=c1sccn1Cc1ccccc1)c1c[nH]c2ncccc12,0.5928
1334,T11894,214548-46-6,Cc1nc2ccccn2c(=O)c1CCN1CCc2oc3ccccc3c2C1,C22H21N3O2,359.43,3.35,50.75,0,4,3,4,5,0.273,27,0,0,none,0.9705,1.0,0.9823,T11894,Ranolazine,pFOX / 晚钠电流,部分脂肪酸氧化抑制，改善代谢底物利用,0.159,无明确优势骨架命中,,,0.0,0.1591,O=c1c(CCN2CCc3oc4ccccc4c3C2)cnc2ccccn12,0.5707
1335,T61306,1613509-49-1,Cn1c2ccccc2c(=O)c2c(=O)n(-c3ccccc3)c(C3CCC3)nc21,C22H19N3O2,357.41,3.51,56.89,0,3,2,4,5,0.227,27,0,0,none,0.9705,1.0,0.9823,T61306,Telmisartan,PPAR-gamma partial / AT1R,AT1 受体拮抗兼 PPAR-gamma 部分激动，文献报道减轻肝细胞脂肪变,0.18,无明确优势骨架命中,,,0.0,0.1798,O=c1c2ccccc2[nH]c2nc(C3CCC3)n(-c3ccccc3)c(=O)c12,0.581
1336,T19764,41826-92-0,CCOc1cc(OCC)c(C(=O)CCC(=O)O)cc1OCC,C16H22O6,310.35,2.93,82.06,1,5,10,1,1,0.5,22,0,0,none,0.9705,1.0,0.9823,T19764,DHA (Docosahexaenoic acid),PPAR-alpha / SREBP-1c,omega-3 多不饱和脂肪酸，降低肝内 TG 与脂毒性,0.275,无明确优势骨架命中,,,0.0,0.275,c1ccccc1,0.6286
1337,T16979,1373431-65-2,Cn1ncnc1[C@H]1c2n[nH]c(=O)c3cc(F)cc(c23)N[C@@H]1c1ccc(F)cc1,C19H14F2N6O,380.36,2.63,88.49,2,5,2,4,5,0.158,28,2,0,none,0.9705,1.0,0.9823,T16979,Ezetimibe,NPC1L1,抑制胆固醇再摄取，降低肝内胆固醇酯负荷,0.185,无明确优势骨架命中,,,0.0,0.1852,O=c1[nH]nc2c3c(cccc13)NC(c1ccccc1)C2c1ncn[nH]1,0.5838
1338,T26840L,,CN(C)CCCNc1nn2c(=O)c3ccccc3nc2c2ccccc12,C20H21N5O,347.42,2.76,62.53,1,5,5,4,4,0.25,26,0,0,none,0.9705,1.0,0.9823,T26840;T26840L,Rosiglitazone,PPAR-gamma,TZD 类 PPAR-gamma 全激动剂，改善胰岛素抵抗与肝内脂肪蓄积,0.165,无明确优势骨架命中,,,0.0,0.1646,O=c1c2ccccc2nc2c3ccccc3cnn12,0.5734
1339,T40823,714240-31-0,COc1ccc2[nH]c(=O)c(-c3noc(-c4ccc(F)cc4)n3)cc2c1,C18H12FN3O3,337.31,3.39,81.01,1,5,3,4,4,0.056,25,1,0,none,0.9705,1.0,0.9823,T40823,Rosuvastatin,HMGCR,亲水性强效 HMGCR 抑制剂，肝选择性摄取(OATP1B1),0.17,无明确优势骨架命中,,,0.0,0.1705,O=c1[nH]c2ccccc2cc1-c1noc(-c2ccccc2)n1,0.5764
1340,T7149,874484-20-5,COc1ccc2c(n1)c(CCNC(=O)c1ccco1)c1n2Cc2cccnc2-1,C21H18N4O3,374.4,3.03,82.18,1,5,5,4,5,0.19,28,0,0,none,0.9705,1.0,0.9823,T7149,Bezafibrate,PPAR pan,泛 PPAR 弱激动剂，降低血浆与肝内甘油三酯,0.2,无明确优势骨架命中,,,0.0,0.2,O=C(NCCc1c2n(c3cccnc13)Cc1cccnc1-2)c1ccco1,0.5911
1341,T14498,356568-70-2,Nn1cnc2scc(-c3ccc(Cc4ccccc4)cc3)c2c1=O,C19H15N3OS,333.42,3.43,60.91,1,4,3,4,4,0.053,24,0,0,none,0.9705,1.0,0.9823,T14498,A-769662,"AMPK (direct, beta1)",直接变构激活 AMPK beta1 亚基，磷酸化 ACC1/2 抑制 DNL,0.258,无明确优势骨架命中,,,0.0,0.2576,O=c1[nH]cnc2scc(-c3ccc(Cc4ccccc4)cc3)c12,0.62
1342,T23008L,1215566-78-1,COc1ccc(-c2cc3onc(-c4ccncc4)c3c(=O)n2C)cc1,C19H15N3O3,333.35,3.26,70.15,0,5,3,4,4,0.105,25,0,0,none,0.9705,1.0,0.9823,T23008L,ACC inhibitor chemotype (firsocostat-like proxy),ACC1/ACC2,变构抑制乙酰辅酶A羧化酶，降低丙二酰辅酶A、阻断新发脂质合成(DNL)并解除 CPT1 抑制,0.19,无明确优势骨架命中,,,0.0,0.1899,O=c1[nH]c(-c2ccccc2)cc2onc(-c3ccncc3)c12,0.5861
1343,T24105,1652591-80-4,Cn1c(-c2nc3cc(C(=O)N4CCCC(N)C4)ccc3n2C)cc2ccccc21,C23H25N5O,387.49,3.3,69.08,1,3,2,4,5,0.304,29,0,0,none,0.9705,1.0,0.9823,T24105,Telmisartan,PPAR-gamma partial / AT1R,AT1 受体拮抗兼 PPAR-gamma 部分激动，文献报道减轻肝细胞脂肪变,0.239,哌嗪/哌啶杂芳基甲酰胺,SCD1 / DGAT2,脂质酶抑制剂常见的环胺-酰胺连接模式，倾向作用于 SCD1/DGAT2 等内质网膜结合型脂质合成酶,0.55,0.4866,O=C(c1ccc2[nH]c(-c3cc4ccccc4[nH]3)nc2c1)N1CCCCC1,0.7344
1344,T61722,2762279-02-5,CN1CCN(c2ccc(NC(=O)c3nccc4c3[nH]c3ccccc34)nc2)CC1,C22H22N6O,386.46,3.12,77.15,2,5,3,4,5,0.227,29,0,0,none,0.9705,1.0,0.9823,T61722,Ervogastat (PF-06865571),DGAT2,口服 DGAT2 抑制剂，降低肝内甘油三酯合成与 VLDL 分泌,0.247,无明确优势骨架命中,,,0.0,0.2469,O=C(Nc1ccc(N2CCNCC2)cn1)c1nccc2c1[nH]c1ccccc12,0.6146
1345,T0378,5987-82-6,CCCCOc1cc(C(=O)OCCN(CC)CC)ccc1N,C17H28N2O3,308.42,2.95,64.79,1,5,10,1,1,0.588,22,0,0,none,0.9705,1.0,0.9823,T0378,Gemfibrozil,PPAR-alpha,苯氧戊酸类 PPAR-alpha 激动剂，抑制肝脏 VLDL-TG 分泌,0.25,无明确优势骨架命中,,,0.0,0.25,c1ccccc1,0.6162
1346,T1756,172152-50-0,COc1ccnc(CS(=O)c2nc3ccc(-n4cccc4)cc3[nH]2)c1C,C19H18N4O2S,366.45,3.37,72.8,1,4,5,4,4,0.158,26,0,0,none,0.9705,1.0,0.9823,T1756,Ranolazine,pFOX / 晚钠电流,部分脂肪酸氧化抑制，改善代谢底物利用,0.186,无明确优势骨架命中,,,0.0,0.186,O=S(Cc1ccccn1)c1nc2ccc(-n3cccc3)cc2[nH]1,0.5841
1347,T17144,252977-51-8,CCn1ncnc1COc1nn2c(-c3ccccc3F)nnc2cc1C(C)(C)C,C20H22FN7O,395.44,3.42,83.02,0,6,5,4,4,0.35,29,1,0,none,0.9705,1.0,0.9823,T17144,Gemfibrozil,PPAR-alpha,苯氧戊酸类 PPAR-alpha 激动剂，抑制肝脏 VLDL-TG 分泌,0.141,无明确优势骨架命中,,,0.0,0.141,c1ccc(-c2nnc3ccc(OCc4ncn[nH]4)nn23)cc1,0.5616
1348,T5009,554-92-7,COc1cc(C(=O)NCc2ccc(OCCN(C)C)cc2)cc(OC)c1OC,C21H28N2O5,388.46,2.58,69.26,1,6,10,2,2,0.381,28,0,0,none,0.9705,1.0,0.9823,T5009,Rosiglitazone,PPAR-gamma,TZD 类 PPAR-gamma 全激动剂，改善胰岛素抵抗与肝内脂肪蓄积,0.278,无明确优势骨架命中,,,0.0,0.2778,O=C(NCc1ccccc1)c1ccccc1,0.63
1349,T5483,2306178-56-1,COCCOc1ccc(-c2cn(-c3ccccc3)c3nc[nH]c(=O)c23)cc1,C21H19N3O3,361.4,3.41,69.14,1,4,6,4,4,0.143,27,0,0,none,0.9705,1.0,0.9823,T5483,Rosiglitazone,PPAR-gamma,TZD 类 PPAR-gamma 全激动剂，改善胰岛素抵抗与肝内脂肪蓄积,0.234,无明确优势骨架命中,,,0.0,0.2338,O=c1[nH]cnc2c1c(-c1ccccc1)cn2-c1ccccc1,0.608
1350,T4953,143120-46-1,CC[C@@H]1[C@H]2CCCCN3[C@H]2[C@@H](C[C@H]3[C@@H]2C[C@H](C)C(=O)O2)[C@H]2[C@@H]1OC(=O)[C@H]2C,C22H33NO4,375.51,3.01,55.84,0,5,2,0,5,0.909,27,0,0,none,0.9705,1.0,0.9823,T4953,Simvastatin,HMGCR,内酯型前药，抑制胆固醇合成并激活 AMPK/自噬,0.152,无明确优势骨架命中,,,0.0,0.1522,O=C1CC2C(CC3CCCCN4C(C5CCC(=O)O5)CC2C34)O1,0.5672
1351,T21696,423169-68-0,CN(CCCOc1ccc(Cc2ccccc2)cc1)CCC(=O)O,C20H25NO3,327.42,3.45,49.77,1,3,10,2,2,0.35,24,0,0,none,0.9705,1.0,0.9823,T21696,Rosiglitazone,PPAR-gamma,TZD 类 PPAR-gamma 全激动剂，改善胰岛素抵抗与肝内脂肪蓄积,0.328,无明确优势骨架命中,,,0.0,0.3281,c1ccc(Cc2ccccc2)cc1,0.6552
1352,T210452,3106588-54-6,COc1cc(OC)c2c(=O)nc(-c3cnn(Cc4ccccc4)c3)[nH]c2c1,C20H18N4O3,362.39,2.85,82.03,1,5,5,4,4,0.15,27,0,0,none,0.9705,1.0,0.9823,T210452,Trimetazidine,3-KAT (长链硫解酶),部分脂肪酸氧化抑制剂，代谢调节剂,0.186,无明确优势骨架命中,,,0.0,0.1857,O=c1nc(-c2cnn(Cc3ccccc3)c2)[nH]c2ccccc12,0.584
1353,T26322L,132042-69-4,Cn1nnc2ccc([C@@H](c3ccc(Cl)cc3)n3cncn3)cc21,C16H13ClN6,324.78,2.85,61.42,0,4,3,4,4,0.125,23,1,0,none,0.9705,1.0,0.9823,T26322L,Fenofibric acid,PPAR-alpha,激活 PPAR-alpha 上调 CPT1/ACOX1，增强线粒体与过氧化物酶体脂肪酸氧化,0.161,无明确优势骨架命中,,,0.0,0.1613,c1ccc(C(c2ccc3nn[nH]c3c2)n2cncn2)cc1,0.5718
1354,T73286,2727872-68-4,CN(c1ccc2ncc(-c3ccc4cn[nH]c4c3)n2n1)C1CCOCC1,C19H20N6O,348.41,2.89,71.34,1,5,3,4,5,0.316,26,0,0,none,0.9705,1.0,0.9823,T73286,PF-06424439 (DGAT2i),DGAT2,二酰甘油酰基转移酶2 抑制剂，直接阻断甘油三酯酯化终末步骤,0.221,无明确优势骨架命中,,,0.0,0.2208,c1cc2cn[nH]c2cc1-c1cnc2ccc(NC3CCOCC3)nn12,0.6016
1355,T3817,5940-00-1,CC1(C)[C@H](O)CC[C@@]2(C)[C@@H]3CC[C@](C)([C@@H](O)CO)C=C3CC[C@H]12,C20H34O3,322.49,3.28,60.69,3,3,2,0,3,0.9,23,0,0,none,0.9705,1.0,0.9823,T3817,Chenodeoxycholic acid,FXR,内源性 FXR 配体，调控胆汁酸稳态并抑制肝脏脂肪生成,0.173,无明确优势骨架命中,,,0.0,0.1733,C1=C2CCC3CCCCC3C2CCC1,0.5778
1356,T26322,129731-10-8,Cn1nnc2ccc([C@H](c3ccc(Cl)cc3)n3cncn3)cc21,C16H13ClN6,324.78,2.85,61.42,0,4,3,4,4,0.125,23,1,0,none,0.9705,1.0,0.9823,T26322,Fenofibric acid,PPAR-alpha,激活 PPAR-alpha 上调 CPT1/ACOX1，增强线粒体与过氧化物酶体脂肪酸氧化,0.161,无明确优势骨架命中,,,0.0,0.1613,c1ccc(C(c2ccc3nn[nH]c3c2)n2cncn2)cc1,0.5718
1357,T7406,327092-81-9,O=C(O)c1cccc(S(=O)(=O)N2CCc3ccccc3C2)c1,C16H15NO4S,317.37,2.13,74.68,1,3,3,2,3,0.188,22,0,0,none,0.9705,1.0,0.9823,T7406,Lanifibranor,PPAR pan (alpha/delta/gamma),泛 PPAR 激动，促进 beta-氧化、抑制脂肪生成与炎症纤维化,0.39,无明确优势骨架命中,,,0.0,0.3898,O=S(=O)(c1ccccc1)N1CCc2ccccc2C1,0.686
1358,T85342,,COc1ccccc1-c1cn2ccnc2c(NCCc2ccccn2)n1,C20H19N5O,345.41,3.45,64.34,1,5,6,4,4,0.15,26,0,0,none,0.9705,1.0,0.9823,T85342,Ranolazine,pFOX / 晚钠电流,部分脂肪酸氧化抑制，改善代谢底物利用,0.193,无明确优势骨架命中,,,0.0,0.1928,c1ccc(-c2cn3ccnc3c(NCCc3ccccn3)n2)cc1,0.5876
1359,T78555,930039-92-2,FC(F)(F)c1nnc2ccc(NCCc3c[nH]c4ccccc34)nn12,C16H13F3N6,346.32,3.28,70.9,2,4,4,4,4,0.188,25,3,0,none,0.9705,1.0,0.9823,T78555,Ervogastat (PF-06865571),DGAT2,口服 DGAT2 抑制剂，降低肝内甘油三酯合成与 VLDL 分泌,0.157,无明确优势骨架命中,,,0.0,0.1566,c1ccc2c(CCNc3ccc4nncn4n3)c[nH]c2c1,0.5694
1360,T3190,371934-59-7,Nc1cccc(-c2nc(N3CCOCC3)c3oc4ncccc4c3n2)c1,C19H17N5O2,347.38,2.86,90.3,1,7,2,4,5,0.211,26,0,0,none,0.9705,1.0,0.9823,T3190,PF-06424439 (DGAT2i),DGAT2,二酰甘油酰基转移酶2 抑制剂，直接阻断甘油三酯酯化终末步骤,0.195,无明确优势骨架命中,,,0.0,0.1948,c1ccc(-c2nc(N3CCOCC3)c3oc4ncccc4c3n2)cc1,0.5886
1361,T6S0084,6879-01-2,CC[C@@H]1[C@H]2CCCCN3[C@H]2[C@H](C[C@H]3[C@@H]2C[C@H](C)C(=O)O2)[C@@H]2[C@H]1OC(=O)[C@H]2C,C22H33NO4,375.51,3.01,55.84,0,5,2,0,5,0.909,27,0,0,none,0.9705,1.0,0.9823,T6S0084,Simvastatin,HMGCR,内酯型前药，抑制胆固醇合成并激活 AMPK/自噬,0.152,无明确优势骨架命中,,,0.0,0.1522,O=C1CC2C(CC3CCCCN4C(C5CCC(=O)O5)CC2C34)O1,0.5672
1362,T28294,124423-84-3,CC(C)n1c(=O)c2c(-c3noc(C4CC4)n3)ncn2c2ccccc21,C18H17N5O2,335.37,3.16,78.22,0,5,3,4,5,0.333,25,0,0,none,0.9705,1.0,0.9823,T28294,Fluvastatin,HMGCR,全合成 HMGCR 抑制剂,0.176,无明确优势骨架命中,,,0.0,0.1765,O=c1[nH]c2ccccc2n2cnc(-c3noc(C4CC4)n3)c12,0.5794
1363,T16708,879487-87-3,Cc1cccc(-c2n[nH]cc2-c2ccc(F)c(-c3cnn(CCO)c3)c2)n1,C20H18FN5O,363.4,3.44,79.62,2,4,5,4,4,0.15,27,1,0,none,0.9705,1.0,0.9823,T16708,Telmisartan,PPAR-gamma partial / AT1R,AT1 受体拮抗兼 PPAR-gamma 部分激动，文献报道减轻肝细胞脂肪变,0.186,无明确优势骨架命中,,,0.0,0.1856,c1ccc(-c2n[nH]cc2-c2cccc(-c3cn[nH]c3)c2)nc1,0.584
1364,T67792,314062-80-1,CCON=Cc1ccc(OCCC2CCN(c3ccc(C)nn3)CC2)cc1,C21H28N4O2,368.48,3.84,59.84,0,6,8,2,3,0.476,27,0,0,none,0.9705,1.0,0.9823,T67792,Etomoxir,CPT1a (抑制剂/阴性对照),CPT1 不可逆抑制剂，作为脂肪酸氧化通路机制阴性对照,0.23,无明确优势骨架命中,,,0.0,0.2297,c1ccc(OCCC2CCN(c3cccnn3)CC2)cc1,0.606
1365,T0364L,1961/12/1,CCCCOc1cc(C(=O)NCCN(CC)CC)c2ccccc2n1,C20H29N3O2,343.47,3.49,54.46,1,4,10,2,2,0.5,25,0,0,none,0.9705,1.0,0.9823,T0364;T0364L,Bezafibrate,PPAR pan,泛 PPAR 弱激动剂，降低血浆与肝内甘油三酯,0.219,无明确优势骨架命中,,,0.0,0.2192,c1ccc2ncccc2c1,0.6008
1366,T2510,700874-72-2,Cc1cccc(-c2nn3c(c2-c2ccnc4ccc(C(N)=O)cc24)CCC3)n1,C22H19N5O,369.43,3.51,86.69,1,4,3,4,5,0.182,28,0,0,none,0.9704,1.0,0.9823,T2510,GW4064,FXR,非甾体高效 FXR 激动剂工具化合物，抑制 DNL 相关转录程序,0.188,无明确优势骨架命中,,,0.0,0.1881,c1ccc(-c2nn3c(c2-c2ccnc4ccccc24)CCC3)nc1,0.5852
1367,T0373L,183319-69-9,C#Cc1cccc(Nc2ncnc3cc(OCCOC)c(OCCOC)cc23)c1,C22H23N3O4,393.44,3.41,74.73,1,7,10,3,3,0.273,29,0,0,none,0.9705,1.0,0.9823,T0373;T0373L,Gemfibrozil,PPAR-alpha,苯氧戊酸类 PPAR-alpha 激动剂，抑制肝脏 VLDL-TG 分泌,0.157,无明确优势骨架命中,,,0.0,0.1571,c1ccc(Nc2ncnc3ccccc23)cc1,0.5697
1368,T16552,125-65-5,C=C[C@]1(C)C[C@@H](OC(=O)CO)[C@]2(C)[C@H](C)CC[C@]3(CCC(=O)[C@H]32)[C@@H](C)[C@@H]1O,C22H34O5,378.51,2.89,83.83,2,5,3,0,3,0.818,27,0,0,none,0.9705,1.0,0.9823,T16552,Fenretinide (4-HPR),DES1 / RBP4,视黄酰胺，抑制二氢神经酰胺去饱和酶，改善肝脂肪变,0.146,无明确优势骨架命中,,,0.0,0.1461,O=C1CCC23CCCCCC(CCC2)C13,0.5642
1369,T15201,1951408-58-4,Cc1ncccc1-c1cnc(NCc2c(F)ccc3c2CCO3)n2cnnc12,C20H17FN6O,376.39,3.18,77.23,1,6,4,4,5,0.2,28,1,0,none,0.9705,1.0,0.9823,T15201;T9681,TVB-2640 (Denifanstat),FASN,脂肪酸合酶 beta-酮脂酰还原酶结构域抑制剂，直接阻断棕榈酸从头合成,0.146,无明确优势骨架命中,,,0.0,0.1456,c1cncc(-c2cnc(NCc3cccc4c3CCO4)n3cnnc23)c1,0.5639
1370,T68620,82864-02-6,COc1cc(C[C@@H](C)N)c(OC)cc1I,C11H16INO2,321.16,2.2,44.48,1,3,4,1,1,0.455,15,1,0,none,0.9703,1.0,0.9822,T68620,Trimetazidine,3-KAT (长链硫解酶),部分脂肪酸氧化抑制剂，代谢调节剂,0.18,无明确优势骨架命中,,,0.0,0.18,c1ccccc1,0.5811
1371,T14148,33458-93-4,CC(C)Oc1ccc2c(=O)c3cc(C(=O)O)ccc3oc2c1,C17H14O5,298.29,3.43,76.74,1,4,3,3,3,0.176,22,0,0,none,1.0,0.9555,0.9822,T14148,Fenofibric acid,PPAR-alpha,激活 PPAR-alpha 上调 CPT1/ACOX1，增强线粒体与过氧化物酶体脂肪酸氧化,0.232,无明确优势骨架命中,,,0.0,0.2321,O=c1c2ccccc2oc2ccccc12,0.6072
1372,T10058,531506-36-2,CCCn1c(=O)c2[nH]c(-c3cnn(Cc4ccccc4)c3)nc2n(CCC)c1=O,C21H24N6O2,392.46,2.62,90.5,1,4,7,4,4,0.333,29,0,0,none,0.9704,1.0,0.9822,T10058,Telmisartan,PPAR-gamma partial / AT1R,AT1 受体拮抗兼 PPAR-gamma 部分激动，文献报道减轻肝细胞脂肪变,0.225,无明确优势骨架命中,,,0.0,0.2247,O=c1[nH]c(=O)c2[nH]c(-c3cnn(Cc4ccccc4)c3)nc2[nH]1,0.6034
1373,T6036,649735-46-6,Cc1cc2c(F)c(Oc3ncnn4cc(OC[C@@H](C)O)c(C)c34)ccc2[nH]1,C19H19FN4O3,370.38,3.52,84.67,2,5,5,4,4,0.263,27,1,0,none,0.9704,1.0,0.9822,T6036,Ranolazine,pFOX / 晚钠电流,部分脂肪酸氧化抑制，改善代谢底物利用,0.169,无明确优势骨架命中,,,0.0,0.1685,c1cc2c(Oc3ccc4[nH]ccc4c3)ncnn2c1,0.5754
1374,T8605,919936-70-2,c1ccc(-c2noc(CSc3nnc(-c4ccncc4)o3)n2)cc1,C16H11N5O2S,337.36,3.47,90.73,0,8,5,4,4,0.062,24,0,0,none,0.9703,1.0,0.9822,T8605,Nicotinic acid (Niacin),HCAR2 / DGAT2,抑制脂肪组织脂解并弱抑制 DGAT2，减少肝内 VLDL 底物供应,0.167,无明确优势骨架命中,,,0.0,0.1667,c1ccc(-c2noc(CSc3nnc(-c4ccncc4)o3)n2)cc1,0.5744
1375,T5S2059,475-81-0,COc1cc2c(cc1OC)-c1c(OC)c(OC)cc3c1[C@H](C2)N(C)CC3,C21H25NO4,355.43,3.47,40.16,0,5,4,2,4,0.429,26,0,0,none,0.9702,1.0,0.9821,T5S2059,Trimetazidine,3-KAT (长链硫解酶),部分脂肪酸氧化抑制剂，代谢调节剂,0.255,无明确优势骨架命中,,,0.0,0.2545,c1ccc2c(c1)CC1NCCc3cccc-2c31,0.6183
1376,TN7543,2688-77-9,COc1ccc(C[C@H]2c3cc(OC)c(OC)cc3CCN2C)cc1OC,C21H27NO4,357.45,3.49,40.16,0,5,6,2,3,0.429,26,0,0,none,0.9702,1.0,0.9821,TN7543,Trimetazidine,3-KAT (长链硫解酶),部分脂肪酸氧化抑制剂，代谢调节剂,0.283,无明确优势骨架命中,,,0.0,0.283,c1ccc(CC2NCCc3ccccc32)cc1,0.6325
1377,T20225,28832-07-7,COc1cc2c(cc1OC)-c1c3c(cc4c1[C@@H](C2)N(C)CC4)OCO3,C20H21NO4,339.39,3.18,40.16,0,5,2,2,5,0.4,25,0,0,none,0.9702,1.0,0.9821,T20225,Berberine,AMPK / PCSK9 / LDLR,原小檗碱型生物碱，激活 AMPK 并稳定 LDLR mRNA，HepG2 经典降脂阳性对照,0.282,无明确优势骨架命中,,,0.0,0.2817,c1ccc2c(c1)CC1NCCc3cc4c(c-2c31)OCO4,0.6319
1378,T6775,256376-24-6,Nc1nc(-c2nn(Cc3ccccc3F)c3ncccc23)ncc1C1CC1,C20H17FN6,360.4,3.54,82.51,1,5,4,4,5,0.2,27,1,0,none,0.9702,1.0,0.9821,T6775,Nicotinic acid (Niacin),HCAR2 / DGAT2,抑制脂肪组织脂解并弱抑制 DGAT2，减少肝内 VLDL 底物供应,0.138,无明确优势骨架命中,,,0.0,0.1385,c1ccc(Cn2nc(-c3ncc(C4CC4)cn3)c3cccnc32)cc1,0.5603
1379,T6648,483-14-7,COc1cc2c(cc1OC)[C@@H]1Cc3ccc(OC)c(OC)c3CN1CC2,C21H25NO4,355.43,3.38,40.16,0,5,4,2,4,0.429,26,0,0,none,0.9702,1.0,0.9821,T4S0779;T6648,Trimetazidine,3-KAT (长链硫解酶),部分脂肪酸氧化抑制剂，代谢调节剂,0.291,无明确优势骨架命中,,,0.0,0.2909,c1ccc2c(c1)CC1c3ccccc3CCN1C2,0.6365
1380,T2874,522-97-4,COc1ccc2c(c1OC)CN1CCc3cc4c(cc3C1C2)OCO4,C20H21NO4,339.39,3.09,40.16,0,5,2,2,5,0.4,25,0,0,none,0.9702,1.0,0.9821,T2874,Berberine,AMPK / PCSK9 / LDLR,原小檗碱型生物碱，激活 AMPK 并稳定 LDLR mRNA，HepG2 经典降脂阳性对照,0.394,无明确优势骨架命中,,,0.0,0.3939,c1ccc2c(c1)CC1c3cc4c(cc3CCN1C2)OCO4,0.688
1381,T2917,6024-85-7,COc1cc2c(cc1OC)C1Cc3ccc(OC)c(OC)c3CN1CC2,C21H25NO4,355.43,3.38,40.16,0,5,4,2,4,0.429,26,0,0,none,0.9702,1.0,0.9821,T2793;T2917,Trimetazidine,3-KAT (长链硫解酶),部分脂肪酸氧化抑制剂，代谢调节剂,0.291,无明确优势骨架命中,,,0.0,0.2909,c1ccc2c(c1)CC1c3ccccc3CCN1C2,0.6365
1382,T8175,1699-51-0,COc1ccc(CC2c3cc(OC)c(OC)cc3CCN2C)cc1OC,C21H27NO4,357.45,3.49,40.16,0,5,6,2,3,0.429,26,0,0,none,0.9702,1.0,0.9821,T8175,Trimetazidine,3-KAT (长链硫解酶),部分脂肪酸氧化抑制剂，代谢调节剂,0.283,无明确优势骨架命中,,,0.0,0.283,c1ccc(CC2NCCc3ccccc32)cc1,0.6325
1383,TN1577,517-66-8,COc1cc2c(cc1OC)-c1c3c(cc4c1[C@H](C2)N(C)CC4)OCO3,C20H21NO4,339.39,3.18,40.16,0,5,2,2,5,0.4,25,0,0,none,0.9702,1.0,0.9821,TN1577,Berberine,AMPK / PCSK9 / LDLR,原小檗碱型生物碱，激活 AMPK 并稳定 LDLR mRNA，HepG2 经典降脂阳性对照,0.282,无明确优势骨架命中,,,0.0,0.2817,c1ccc2c(c1)CC1NCCc3cc4c(c-2c31)OCO4,0.6319
1384,T9991,742116-45-6,Cc1c(NC(=O)CCc2c[nH]c3ccccc23)c(=O)n(-c2ccccc2)n1C,C22H22N4O2,374.44,3.54,71.82,2,2,5,4,4,0.182,28,0,0,none,0.9702,1.0,0.9821,T9991,Ranolazine,pFOX / 晚钠电流,部分脂肪酸氧化抑制，改善代谢底物利用,0.207,无明确优势骨架命中,,,0.0,0.2073,O=C(CCc1c[nH]c2ccccc12)Nc1c[nH]n(-c2ccccc2)c1=O,0.5947
1385,T8187,38853-67-7,COc1cc2c(cc1OC)C1Cc3ccc4c(c3CN1CC2)OCO4,C20H21NO4,339.39,3.09,40.16,0,5,2,2,5,0.4,25,0,0,none,0.9702,1.0,0.9821,T8187,Berberine,AMPK / PCSK9 / LDLR,原小檗碱型生物碱，激活 AMPK 并稳定 LDLR mRNA，HepG2 经典降脂阳性对照,0.278,无明确优势骨架命中,,,0.0,0.2778,c1ccc2c(c1)CCN1Cc3c(ccc4c3OCO4)CC21,0.63
1386,T2S2215,25127-29-1,COc1ccc2c(c1OC)C[C@@H]1c3c(cc4c(c3-2)OCO4)CCN1C,C20H21NO4,339.39,3.18,40.16,0,5,2,2,5,0.4,25,0,0,none,0.9702,1.0,0.9821,T2S2215,Berberine,AMPK / PCSK9 / LDLR,原小檗碱型生物碱，激活 AMPK 并稳定 LDLR mRNA，HepG2 经典降脂阳性对照,0.347,无明确优势骨架命中,,,0.0,0.3472,c1ccc2c(c1)CC1NCCc3cc4c(c-2c31)OCO4,0.6646
1387,T20103,163520-33-0,CCOC(=O)C1=NOC(c2ccccc2)(c2ccccc2)C1,C18H17NO3,295.34,3.27,47.89,0,4,4,2,3,0.222,22,0,0,none,0.9986,0.957,0.982,T20103,Etomoxir,CPT1a (抑制剂/阴性对照),CPT1 不可逆抑制剂，作为脂肪酸氧化通路机制阴性对照,0.262,无明确优势骨架命中,,,0.0,0.2623,C1=NOC(c2ccccc2)(c2ccccc2)C1,0.6222
1388,T7109,102062-36-2,Cc1cc(-c2cc(C)c(NCCCS(=O)(=O)O)c(C)c2)cc(C)c1N,C19H26N2O3S,362.5,3.86,92.42,3,4,6,2,2,0.368,25,0,0,none,0.97,1.0,0.982,T7109,Gemfibrozil,PPAR-alpha,苯氧戊酸类 PPAR-alpha 激动剂，抑制肝脏 VLDL-TG 分泌,0.193,无明确优势骨架命中,,,0.0,0.193,c1ccc(-c2ccccc2)cc1,0.5875
1389,T5407,1912445-55-6,CC#CC(=O)N[C@H]1CCCN(c2c(F)cc(C(N)=O)c3[nH]c(C)c(C)c23)C1,C20H23FN4O2,370.43,2.13,91.22,3,3,3,2,3,0.4,27,1,0,none,0.9699,1.0,0.9819,T5407,TVB-2640 (Denifanstat),FASN,脂肪酸合酶 beta-酮脂酰还原酶结构域抑制剂，直接阻断棕榈酸从头合成,0.206,无明确优势骨架命中,,,0.0,0.2062,c1cc(N2CCCCC2)c2cc[nH]c2c1,0.594
1390,T10207,899507-36-9,Clc1cccc(-c2nnnn2Cc2cccnc2)c1Cl,C13H9Cl2N5,306.16,3.09,56.49,0,4,3,3,3,0.077,20,2,0,none,1.0,0.9547,0.9819,T10207;T2673,Nicotinic acid (Niacin),HCAR2 / DGAT2,抑制脂肪组织脂解并弱抑制 DGAT2，减少肝内 VLDL 底物供应,0.22,无明确优势骨架命中,,,0.0,0.22,c1ccc(-c2nnnn2Cc2cccnc2)cc1,0.601
1391,T2037,1609960-31-7,Nc1nc(NC2CC2)cc(-c2cccc(Cl)c2Cl)n1,C13H12Cl2N4,295.17,3.61,63.83,2,4,3,2,3,0.231,19,2,0,none,0.9974,0.9586,0.9819,T2037,GW4064,FXR,非甾体高效 FXR 激动剂工具化合物，抑制 DNL 相关转录程序,0.124,无明确优势骨架命中,,,0.0,0.1236,c1ccc(-c2cc(NC3CC3)ncn2)cc1,0.5528
1392,T17179,1038984-31-4,O=C1c2cc3nnn(CCc4cccc(F)c4)c(=O)c3cc2OCN1C1CC1,C20H17FN4O3,380.38,2.13,77.32,0,5,4,3,5,0.3,28,1,0,none,0.9699,1.0,0.9819,T17179,Telmisartan,PPAR-gamma partial / AT1R,AT1 受体拮抗兼 PPAR-gamma 部分激动，文献报道减轻肝细胞脂肪变,0.149,哌嗪/哌啶杂芳基甲酰胺,SCD1 / DGAT2,脂质酶抑制剂常见的环胺-酰胺连接模式，倾向作用于 SCD1/DGAT2 等内质网膜结合型脂质合成酶,0.55,0.396,O=C1c2cc3nnn(CCc4ccccc4)c(=O)c3cc2OCN1C1CC1,0.6889
1393,T16345,1063331-94-1,Cc1cc(C)n(-c2nc(Nc3ccc(Cl)cc3)c3ncn(C)c3n2)n1,C17H16ClN7,353.82,3.56,73.45,1,5,3,4,4,0.176,25,1,0,none,0.9696,1.0,0.9818,T16345,Pentoxifylline,PDE / TNF-alpha,非选择性磷酸二酯酶抑制剂，降低肝脏炎症与脂质沉积,0.186,无明确优势骨架命中,,,0.0,0.1857,c1ccc(Nc2nc(-n3cccn3)nc3[nH]cnc23)cc1,0.5838
1394,T16480,1215197-37-7,O=C(O)c1ccc(NC(=O)[C@H](CC2CCCC2)n2cnc(C(F)(F)F)c2)nc1,C18H19F3N4O3,396.37,3.76,97.11,2,4,6,2,3,0.444,28,3,0,none,0.9697,1.0,0.9818,T16480,Ervogastat (PF-06865571),DGAT2,口服 DGAT2 抑制剂，降低肝内甘油三酯合成与 VLDL 分泌,0.291,无明确优势骨架命中,,,0.0,0.2911,O=C(Nc1ccccn1)C(CC1CCCC1)n1ccnc1,0.6364
1395,T0484,169590-41-4,COc1ccc(-c2cc(C(F)F)nn2-c2ccc(S(N)(=O)=O)cc2)cc1F,C17H14F3N3O3S,397.38,3.27,87.21,1,4,5,3,3,0.118,27,3,0,none,1.0,0.9544,0.9818,T0484,Trimetazidine,3-KAT (长链硫解酶),部分脂肪酸氧化抑制剂，代谢调节剂,0.179,无明确优势骨架命中,,,0.0,0.1791,c1ccc(-c2ccnn2-c2ccccc2)cc1,0.5804
1396,T6714,546141-08-6,NC(=O)c1cccc(-c2cccc(OC(=O)NC3CCCCC3)c2)c1,C20H22N2O3,338.41,3.87,81.42,2,3,4,2,3,0.3,25,0,0,none,0.9697,1.0,0.9818,T6714,TVB-2640 (Denifanstat),FASN,脂肪酸合酶 beta-酮脂酰还原酶结构域抑制剂，直接阻断棕榈酸从头合成,0.176,无明确优势骨架命中,,,0.0,0.1765,O=C(NC1CCCCC1)Oc1cccc(-c2ccccc2)c1,0.5792
1397,T34146,1421-14-3,CCCOC(=O)Cc1ccc(OCC(=O)N(CC)CC)c(OC)c1,C18H27NO5,337.42,2.44,65.07,0,5,10,1,1,0.556,24,0,0,none,0.9696,1.0,0.9818,T34146,Etomoxir,CPT1a (抑制剂/阴性对照),CPT1 不可逆抑制剂，作为脂肪酸氧化通路机制阴性对照,0.235,无明确优势骨架命中,,,0.0,0.2353,c1ccccc1,0.6086
1398,T6S1917,58546-54-6,COc1cc2c(c(OC)c1OC)-c1c(cc3c(c1OC)OCO3)CC(C)C(C)(O)C2,C23H28O7,416.47,3.6,75.61,1,7,4,2,4,0.478,30,0,0,none,0.9976,0.9578,0.9817,T6S1917,Berberine,AMPK / PCSK9 / LDLR,原小檗碱型生物碱，激活 AMPK 并稳定 LDLR mRNA，HepG2 经典降脂阳性对照,0.292,无明确优势骨架命中,,,0.0,0.2917,c1ccc2c(c1)CCCCc1cc3c(cc1-2)OCO3,0.6367
1399,T39508,2093407-25-9,CCOC(=O)c1cc2cc(O)ccc2n1CC(=O)NCCN1CCCCC1,C20H27N3O4,373.45,2.13,83.8,2,5,7,2,3,0.5,27,0,0,none,0.9696,1.0,0.9817,T39508,Ranolazine,pFOX / 晚钠电流,部分脂肪酸氧化抑制，改善代谢底物利用,0.232,无明确优势骨架命中,,,0.0,0.2317,O=C(Cn1ccc2ccccc21)NCCN1CCCCC1,0.6067
1400,T14219,14748-94-8,Cc1c(OC(=O)c2ccc(N)cc2)c(O)c2ccccc2c1O,C18H15NO4,309.32,3.36,92.78,3,5,2,3,3,0.056,23,0,0,none,0.9975,0.9581,0.9817,T14219,Salicylate,"AMPK (direct, beta1)",直接结合 AMPK beta1 变构位点，抑制脂肪生成,0.209,无明确优势骨架命中,,,0.0,0.2093,O=C(Oc1ccc2ccccc2c1)c1ccccc1,0.5955
1401,T71138L,102908-59-8,O=C1CC2(CCCC2)CC(=O)N1CCNCC1COc2ccccc2O1,C20H26N2O4,358.44,2.13,67.87,1,5,5,1,4,0.6,26,0,0,none,0.9695,1.0,0.9817,T71138L,ACC inhibitor chemotype (firsocostat-like proxy),ACC1/ACC2,变构抑制乙酰辅酶A羧化酶，降低丙二酰辅酶A、阻断新发脂质合成(DNL)并解除 CPT1 抑制,0.143,无明确优势骨架命中,,,0.0,0.1429,O=C1CC2(CCCC2)CC(=O)N1CCNCC1COc2ccccc2O1,0.5623
1402,T6846,1228585-88-3,CCCCOc1nc(N)c2c(n1)N(Cc1cccc(CN3CCCC3)c1)CC(=O)N2,C22H30N6O2,410.52,2.79,96.61,2,7,8,2,4,0.5,30,0,0,none,0.9822,0.9806,0.9816,T6846,Rosiglitazone,PPAR-gamma,TZD 类 PPAR-gamma 全激动剂，改善胰岛素抵抗与肝内脂肪蓄积,0.193,无明确优势骨架命中,,,0.0,0.1932,O=C1CN(Cc2cccc(CN3CCCC3)c2)c2ncncc2N1,0.5874
1403,T60788,2764748-92-5,O=c1[nH]nc2ccc(Sc3ccc(Cl)c(Cl)c3)nn12,C11H6Cl2N4OS,313.17,2.88,63.05,1,4,2,3,3,0.0,19,2,0,none,1.0,0.954,0.9816,T60788,Resmetirom (MGL-3196),THR-beta,肝脏选择性甲状腺激素受体 beta 激动；上调 CPT1A/线粒体 beta-氧化与脂噬，降低肝内甘油三酯,0.2,无明确优势骨架命中,,,0.0,0.2,O=c1[nH]nc2ccc(Sc3ccccc3)nn12,0.5908
1404,T1571,50-27-1,CC12CCC3c4ccc(O)cc4CCC3C1CC(O)C2O,C18H24O3,288.39,2.58,60.69,3,3,0,1,4,0.667,21,0,0,none,0.9851,0.9765,0.9816,T1571,Chenodeoxycholic acid,FXR,内源性 FXR 配体，调控胆汁酸稳态并抑制肝脏脂肪生成,0.194,无明确优势骨架命中,,,0.0,0.1944,c1ccc2c(c1)CCC1C2CCC2CCCC21,0.588
1405,T72037,522625-85-0,COc1ccc(C(=O)Nc2cccc(S(=O)(=O)NCc3ccco3)c2)cc1,C19H18N2O5S,386.43,3.02,97.64,2,5,7,3,3,0.105,27,0,0,none,0.9818,0.9813,0.9816,T72037,Bezafibrate,PPAR pan,泛 PPAR 弱激动剂，降低血浆与肝内甘油三酯,0.23,无明确优势骨架命中,,,0.0,0.2297,O=C(Nc1cccc(S(=O)(=O)NCc2ccco2)c1)c1ccccc1,0.6056
1406,T2286,848695-25-0,COc1c(C)cnc(Cn2cnc3c(Cl)nc(N)nc32)c1C,C14H15ClN6O,318.77,2.13,91.74,1,6,3,3,3,0.286,22,1,0,none,0.9694,1.0,0.9816,T2286,Trimetazidine,3-KAT (长链硫解酶),部分脂肪酸氧化抑制剂，代谢调节剂,0.169,无明确优势骨架命中,,,0.0,0.1692,c1ccc(Cn2cnc3cncnc32)nc1,0.5754
1407,T50105,70458-73-0,CCn1cc(C(=O)O)c(=O)c2cc(Cl)c(N3CCN(C)CC3)cc21,C17H20ClN3O3,349.82,2.12,65.78,1,4,3,2,3,0.412,24,1,0,none,0.9694,1.0,0.9816,T50105,Lanifibranor,PPAR pan (alpha/delta/gamma),泛 PPAR 激动，促进 beta-氧化、抑制脂肪生成与炎症纤维化,0.236,无明确优势骨架命中,,,0.0,0.2361,O=c1cc[nH]c2cc(N3CCNCC3)ccc12,0.6088
1408,T3182,253863-00-2,N#Cc1ccc(Cn2cncc2CN2CCN(c3cccc(Cl)c3)C(=O)C2)cc1,C22H20ClN5O,405.89,3.31,65.16,0,4,5,3,4,0.227,29,1,0,none,1.0,0.954,0.9816,T3182,Resmetirom (MGL-3196),THR-beta,肝脏选择性甲状腺激素受体 beta 激动；上调 CPT1A/线粒体 beta-氧化与脂噬，降低肝内甘油三酯,0.165,无明确优势骨架命中,,,0.0,0.1648,O=C1CN(Cc2cncn2Cc2ccccc2)CCN1c1ccccc1,0.5732
1409,T3405,23513-14-6,CCCCC[C@H](O)CC(=O)CCc1ccc(O)c(OC)c1,C17H26O4,294.39,3.23,66.76,2,4,10,1,1,0.588,21,0,0,none,0.9705,0.9982,0.9816,T3405,Bempedoic acid,ACLY / AMPK,肝特异性 ATP-柠檬酸裂解酶抑制剂前药，减少乙酰辅酶A 供应并激活 AMPK,0.218,无明确优势骨架命中,,,0.0,0.2182,c1ccccc1,0.5999
1410,T12402,38363-32-5,CC(C)(C)NC[C@H](O)COc1ccccc1C1CCCC1,C18H29NO2,291.44,3.47,41.49,2,3,6,1,2,0.667,21,0,0,none,0.9775,0.9877,0.9816,T12402,Ranolazine,pFOX / 晚钠电流,部分脂肪酸氧化抑制，改善代谢底物利用,0.29,无明确优势骨架命中,,,0.0,0.2899,c1ccc(C2CCCC2)cc1,0.6358
1411,T6552,155270-99-8,CCn1c(=O)c2c(nc(/C=C/c3ccc(OC)c(OC)c3)n2C)n(CC)c1=O,C20H24N4O4,384.44,2.12,80.28,0,5,6,3,3,0.35,28,0,0,none,0.9693,1.0,0.9816,T6552,Pentoxifylline,PDE / TNF-alpha,非选择性磷酸二酯酶抑制剂，降低肝脏炎症与脂质沉积,0.232,无明确优势骨架命中,,,0.0,0.2319,O=c1[nH]c(=O)c2[nH]c(C=Cc3ccccc3)nc2[nH]1,0.6068
1412,T1683,547-81-9,C[C@]12CC[C@@H]3c4ccc(O)cc4CC[C@H]3[C@@H]1C[C@H](O)[C@@H]2O,C18H24O3,288.39,2.58,60.69,3,3,0,1,4,0.667,21,0,0,none,0.9851,0.9765,0.9816,T1683,Chenodeoxycholic acid,FXR,内源性 FXR 配体，调控胆汁酸稳态并抑制肝脏脂肪生成,0.194,无明确优势骨架命中,,,0.0,0.1944,c1ccc2c(c1)CCC1C2CCC2CCCC21,0.588
1413,T8383,5870-29-1,CN(C)CCOC(=O)C(c1ccccc1)C1(O)CCCC1,C17H25NO3,291.39,2.18,49.77,1,4,6,1,2,0.588,21,0,0,none,0.9775,0.9876,0.9815,T8383,Etomoxir,CPT1a (抑制剂/阴性对照),CPT1 不可逆抑制剂，作为脂肪酸氧化通路机制阴性对照,0.215,无明确优势骨架命中,,,0.0,0.2154,c1ccc(CC2CCCC2)cc1,0.5984
1414,T9034,724711-21-1,O=C1NCCc2[nH]c(-c3ccnc(-c4cnc5ccccc5c4)c3)cc21,C21H16N4O,340.39,3.58,70.67,2,3,2,4,5,0.095,26,0,0,none,0.9691,1.0,0.9815,T12058;T9034,A-769662,"AMPK (direct, beta1)",直接变构激活 AMPK beta1 亚基，磷酸化 ACC1/2 抑制 DNL,0.187,哌嗪/哌啶杂芳基甲酰胺,SCD1 / DGAT2,脂质酶抑制剂常见的环胺-酰胺连接模式，倾向作用于 SCD1/DGAT2 等内质网膜结合型脂质合成酶,0.55,0.4342,O=C1NCCc2[nH]c(-c3ccnc(-c4cnc5ccccc5c4)c3)cc21,0.7078
1415,T9806,2291360-73-9,O=C1CCC(N2Cc3cc(C4CCN(Cc5ccccc5)CC4)ccc3C2=O)C(=O)N1,C25H27N3O3,417.51,2.83,69.72,1,4,4,2,5,0.4,31,0,0,none,1.0,0.9536,0.9815,T9806,Lanifibranor,PPAR pan (alpha/delta/gamma),泛 PPAR 激动，促进 beta-氧化、抑制脂肪生成与炎症纤维化,0.169,哌嗪/哌啶杂芳基甲酰胺,SCD1 / DGAT2,脂质酶抑制剂常见的环胺-酰胺连接模式，倾向作用于 SCD1/DGAT2 等内质网膜结合型脂质合成酶,0.55,0.4162,O=C1CCC(N2Cc3cc(C4CCN(Cc5ccccc5)CC4)ccc3C2=O)C(=O)N1,0.6988
1416,T37332,93879-40-4,CCC1(c2ccccc2)NC(=O)N(Cc2ccccc2)C1=O,C18H18N2O2,294.35,3.04,49.41,1,2,4,2,3,0.222,22,0,0,none,0.9999,0.9536,0.9814,T37332,Telmisartan,PPAR-gamma partial / AT1R,AT1 受体拮抗兼 PPAR-gamma 部分激动，文献报道减轻肝细胞脂肪变,0.177,无明确优势骨架命中,,,0.0,0.1772,O=C1NC(c2ccccc2)C(=O)N1Cc1ccccc1,0.5793
1417,T63349,830354-48-8,CCCCC[C@H](O)CC[C@@H]1[C@H]2Cc3cccc(OCC(=O)O)c3C[C@H]2C[C@H]1O,C23H34O5,390.52,3.58,86.99,3,4,10,1,3,0.696,28,0,0,none,0.9689,1.0,0.9814,T5150;T5171;T63349,Pravastatin,HMGCR,开环羟酸型亲水 HMGCR 抑制剂,0.267,长链脂肪酸 / 类脂肪酸,PPAR-alpha / SREBP-1c,内源性脂肪酸配体样分子，直接激动 PPAR-alpha 上调氧化基因，并抑制 SREBP-1c 前体加工，降低脂肪生成,0.72,0.5907,c1ccc2c(c1)CC1CCCC1C2,0.786
1418,T19702,286456-42-6,Cn1ncnc1COc1nn2c(-c3cc(F)ccc3F)nnc2cc1C(C)(C)C,C19H19F2N7O,399.41,3.07,83.02,0,6,4,4,4,0.316,29,2,0,none,0.9705,0.9977,0.9814,T19702,Gemfibrozil,PPAR-alpha,苯氧戊酸类 PPAR-alpha 激动剂，抑制肝脏 VLDL-TG 分泌,0.143,无明确优势骨架命中,,,0.0,0.1429,c1ccc(-c2nnc3ccc(OCc4ncn[nH]4)nn23)cc1,0.5622
1419,T19717,20829-55-4,O=C1N[C@@H](Cc2c[nH]c3ccccc23)C(=O)N[C@H]1Cc1c[nH]c2ccccc12,C22H20N4O2,372.43,2.42,89.78,4,2,4,4,5,0.182,28,0,0,none,0.969,1.0,0.9814,T19717,Rosiglitazone,PPAR-gamma,TZD 类 PPAR-gamma 全激动剂，改善胰岛素抵抗与肝内脂肪蓄积,0.185,无明确优势骨架命中,,,0.0,0.1846,O=C1NC(Cc2c[nH]c3ccccc23)C(=O)NC1Cc1c[nH]c2ccccc12,0.583
1420,T67926,790676-40-3,CC[C@@]1(c2ccccc2)NC(=O)N(Cc2ccccc2)C1=O,C18H18N2O2,294.35,3.04,49.41,1,2,4,2,3,0.222,22,0,0,none,0.9999,0.9536,0.9814,T67926,Telmisartan,PPAR-gamma partial / AT1R,AT1 受体拮抗兼 PPAR-gamma 部分激动，文献报道减轻肝细胞脂肪变,0.177,无明确优势骨架命中,,,0.0,0.1772,O=C1NC(c2ccccc2)C(=O)N1Cc1ccccc1,0.5793
1421,T4736,1199523-24-4,CCn1cnc2c(Nc3cc(F)cc(F)c3)nc(C#N)nc21,C14H10F2N6,300.27,2.74,79.42,1,5,3,3,3,0.143,22,2,0,none,1.0,0.9534,0.9814,T4736,Resmetirom (MGL-3196),THR-beta,肝脏选择性甲状腺激素受体 beta 激动；上调 CPT1A/线粒体 beta-氧化与脂噬，降低肝内甘油三酯,0.131,无明确优势骨架命中,,,0.0,0.131,c1ccc(Nc2ncnc3[nH]cnc23)cc1,0.5562
1422,T13481,362-08-3,COc1cc2c(cc1O)CC[C@@H]1[C@@H]2CC[C@]2(C)C(=O)CC[C@@H]12,C19H24O3,300.4,3.83,46.53,1,3,1,1,4,0.632,22,0,0,none,0.9688,1.0,0.9813,T13481,ACC inhibitor chemotype (firsocostat-like proxy),ACC1/ACC2,变构抑制乙酰辅酶A羧化酶，降低丙二酰辅酶A、阻断新发脂质合成(DNL)并解除 CPT1 抑制,0.205,无明确优势骨架命中,,,0.0,0.2051,O=C1CCC2C1CCC1c3ccccc3CCC12,0.5932
1423,T1435,55268-74-1,O=C(C1CCCCC1)N1CC(=O)N2CCc3ccccc3C2C1,C19H24N2O2,312.41,2.53,40.62,0,2,1,1,4,0.579,23,0,0,none,0.9688,1.0,0.9813,T1435,Ervogastat (PF-06865571),DGAT2,口服 DGAT2 抑制剂，降低肝内甘油三酯合成与 VLDL 分泌,0.182,无明确优势骨架命中,,,0.0,0.1818,O=C(C1CCCCC1)N1CC(=O)N2CCc3ccccc3C2C1,0.5816
1424,T62042,732278-52-3,Cc1nnc(N2N=C(c3ccc(N)c(C)c3)c3cc4c(cc3C[C@H]2C)OCO4)s1,C21H21N5O2S,407.5,3.67,85.86,1,8,2,3,5,0.286,29,0,0,none,0.9936,0.963,0.9813,T62042,Berberine,AMPK / PCSK9 / LDLR,原小檗碱型生物碱，激活 AMPK 并稳定 LDLR mRNA，HepG2 经典降脂阳性对照,0.202,无明确优势骨架命中,,,0.0,0.2024,c1ccc(C2=NN(c3nncs3)CCc3cc4c(cc32)OCO4)cc1,0.5918
1425,T21352,18910-65-1,COc1ccc(CC(C)NCC(O)c2ccc(O)c(CO)c2)cc1,C19H25NO4,331.41,2.15,81.95,4,5,8,2,2,0.368,24,0,0,none,0.9688,1.0,0.9813,T21352,Bezafibrate,PPAR pan,泛 PPAR 弱激动剂，降低血浆与肝内甘油三酯,0.181,无明确优势骨架命中,,,0.0,0.1806,c1ccc(CCNCCc2ccccc2)cc1,0.581
1426,T27278,98123-83-2,O=C(C1CCCCC1)N1CC(=O)N2CCCc3ccccc3C2C1,C20H26N2O2,326.44,2.93,40.62,0,2,1,1,4,0.6,24,0,0,none,0.9688,1.0,0.9813,T27278,Ervogastat (PF-06865571),DGAT2,口服 DGAT2 抑制剂，降低肝内甘油三酯合成与 VLDL 分泌,0.179,无明确优势骨架命中,,,0.0,0.1795,O=C(C1CCCCC1)N1CC(=O)N2CCCc3ccccc3C2C1,0.5804
1427,T4658,1104874-94-3,CCCCCC(=O)N[C@@H](Cc1ccc(O)cc1)C(=O)OC,C16H23NO4,293.36,2.17,75.63,2,4,8,1,1,0.5,21,0,0,none,0.9725,0.9946,0.9813,T4658,Orlistat,Lipase / FASN-TE,beta-内酯共价抑制脂肪酶及 FASN 硫酯酶结构域,0.23,无明确优势骨架命中,,,0.0,0.2297,c1ccccc1,0.6055
1428,T2643,1271738-59-0,CC(C)c1cc2c(N3CCN(C4=NCC(C)(C)S4)CC3)ncnc2s1,C18H25N5S2,375.57,3.82,44.62,0,7,2,2,4,0.611,25,0,0,none,0.9686,1.0,0.9812,T2643,PF-06424439 (DGAT2i),DGAT2,二酰甘油酰基转移酶2 抑制剂，直接阻断甘油三酯酯化终末步骤,0.132,无明确优势骨架命中,,,0.0,0.1316,c1nc(N2CCN(C3=NCCS3)CC2)c2ccsc2n1,0.5564
1429,T77672,850019-35-1,NC(=O)c1ccsc1NC(=O)COC(=O)Cc1c(Cl)cccc1Cl,C15H12Cl2N2O4S,387.24,2.88,98.49,2,5,6,2,2,0.133,24,2,0,none,0.9776,0.9863,0.9811,T77672,Ranolazine,pFOX / 晚钠电流,部分脂肪酸氧化抑制，改善代谢底物利用,0.179,无明确优势骨架命中,,,0.0,0.1795,O=C(COC(=O)Cc1ccccc1)Nc1cccs1,0.5803
1430,T19029,298-93-1,Cc1nc(-n2nc(-c3ccccc3)n[n+]2-c2ccccc2)sc1C,C18H16N5S+,334.43,3.28,47.48,0,4,3,4,4,0.111,24,0,0,none,0.9685,1.0,0.9811,T19029,Telmisartan,PPAR-gamma partial / AT1R,AT1 受体拮抗兼 PPAR-gamma 部分激动，文献报道减轻肝细胞脂肪变,0.155,无明确优势骨架命中,,,0.0,0.1548,c1ccc(-c2nn(-c3nccs3)[n+](-c3ccccc3)n2)cc1,0.568
1431,T9014,1259484-97-3,COc1ccc(-c2cc(C(=O)N/N=C(\C)c3ccc(OC)c(OC)c3)[nH]n2)cc1,C21H22N4O4,394.43,3.26,97.83,2,6,7,3,3,0.19,29,0,0,none,0.9809,0.9814,0.9811,T9014,Bezafibrate,PPAR pan,泛 PPAR 弱激动剂，降低血浆与肝内甘油三酯,0.187,无明确优势骨架命中,,,0.0,0.1867,O=C(NN=Cc1ccccc1)c1cc(-c2ccccc2)n[nH]1,0.5839
1432,T6117,905854-02-6,O=C1NC(=O)[C@@H](c2cn3c4c(cccc24)CCC3)[C@@H]1c1c[nH]c2ccccc12,C23H19N3O2,369.42,3.59,66.89,2,2,2,4,6,0.217,28,0,0,none,0.9686,1.0,0.9811,T6117,ACC inhibitor chemotype (firsocostat-like proxy),ACC1/ACC2,变构抑制乙酰辅酶A羧化酶，降低丙二酰辅酶A、阻断新发脂质合成(DNL)并解除 CPT1 抑制,0.141,无明确优势骨架命中,,,0.0,0.1412,O=C1NC(=O)C(c2cn3c4c(cccc24)CCC3)C1c1c[nH]c2ccccc12,0.5612
1433,T8308,188532-26-5,CC(C)(C)c1cc(CC2SC(=O)NC2=O)cc(C(C)(C)C)c1O,C18H25NO3S,335.47,3.88,66.4,2,4,2,1,2,0.556,23,0,0,none,0.9684,1.0,0.9811,T8308,Pioglitazone,PPAR-gamma,噻唑烷二酮胰岛素增敏剂，促进脂肪组织脂质再分布、降低肝细胞脂毒性,0.386,"噻唑烷-2,4-二酮 (TZD)",PPAR-gamma,TZD 酸性头基占据 PPAR-gamma 配体口袋 AF-2 螺旋，改善胰岛素敏感性、促进脂质向脂肪组织再分布，减轻肝细胞脂毒性,0.92,0.8,O=C1NC(=O)C(Cc2ccccc2)S1,0.8906
1434,T10871,1215721-40-6,Clc1cccc(COc2cncc(N3CCNCC3)n2)c1,C15H17ClN4O,304.78,2.12,50.28,1,5,4,2,3,0.333,21,1,0,none,0.9684,1.0,0.9811,T10871,Trimetazidine,3-KAT (长链硫解酶),部分脂肪酸氧化抑制剂，代谢调节剂,0.21,无明确优势骨架命中,,,0.0,0.2097,c1ccc(COc2cncc(N3CCNCC3)n2)cc1,0.5954
1435,T15616,627518-40-5,COc1cc2c(cc1OC)-c1[nH]nc(Nc3cccc(F)c3)c1C2,C18H16FN3O2,325.34,3.88,59.17,2,4,4,3,4,0.167,24,1,0,none,0.9685,1.0,0.9811,T15616,Berberine,AMPK / PCSK9 / LDLR,原小檗碱型生物碱，激活 AMPK 并稳定 LDLR mRNA，HepG2 经典降脂阳性对照,0.179,无明确优势骨架命中,,,0.0,0.1795,c1ccc(Nc2n[nH]c3c2Cc2ccccc2-3)cc1,0.5803
1436,TN3176L,1212075-61-0,COc1c(O)cc2c(c1O)C(=O)C[C@H](c1ccc(O)cc1)O2,C16H14O6,302.28,2.52,96.22,3,6,2,2,3,0.188,22,0,0,none,0.9878,0.9709,0.981,TN3176L,Naringenin,PPAR-alpha / SREBP,柑橘黄烷酮，抑制脂肪生成基因并促进脂肪酸氧化,0.63,黄酮/黄烷酮母核,AMPK / SREBP-1c,黄酮类多酚激活 AMPK-SIRT1 轴，抑制 SREBP-1c/FAS/ACC 表达并促进脂噬,0.6,0.82,O=C1CC(c2ccccc2)Oc2ccccc21,0.9005
1437,T15067,1353016-71-3,O=C(CCC(=O)N1Cc2ccccc2C#Cc2ccccc21)ON1C(=O)CCC1=O,C23H18N2O5,402.41,2.32,83.99,0,5,4,2,4,0.217,30,0,0,none,0.9928,0.9634,0.981,T15067,Ranolazine,pFOX / 晚钠电流,部分脂肪酸氧化抑制，改善代谢底物利用,0.16,无明确优势骨架命中,,,0.0,0.1605,O=C(CCC(=O)N1Cc2ccccc2C#Cc2ccccc21)ON1C(=O)CCC1=O,0.5708
1438,T2565,520-33-2,COc1ccc([C@@H]2CC(=O)c3c(O)cc(O)cc3O2)cc1O,C16H14O6,302.28,2.52,96.22,3,6,2,2,3,0.188,22,0,0,none,0.9878,0.9709,0.981,T2565,Naringenin,PPAR-alpha / SREBP,柑橘黄烷酮，抑制脂肪生成基因并促进脂肪酸氧化,0.689,黄酮/黄烷酮母核,AMPK / SREBP-1c,黄酮类多酚激活 AMPK-SIRT1 轴，抑制 SREBP-1c/FAS/ACC 表达并促进脂噬,0.6,0.82,O=C1CC(c2ccccc2)Oc2ccccc21,0.9005
1439,TN11275,69097-98-9,COc1cc(C2CC(=O)c3c(O)cc(O)cc3O2)ccc1O,C16H14O6,302.28,2.52,96.22,3,6,2,2,3,0.188,22,0,0,none,0.9878,0.9709,0.981,TN11275,Naringenin,PPAR-alpha / SREBP,柑橘黄烷酮，抑制脂肪生成基因并促进脂肪酸氧化,0.689,黄酮/黄烷酮母核,AMPK / SREBP-1c,黄酮类多酚激活 AMPK-SIRT1 轴，抑制 SREBP-1c/FAS/ACC 表达并促进脂噬,0.6,0.82,O=C1CC(c2ccccc2)Oc2ccccc21,0.9005
1440,T14091,775294-71-8,Oc1cccc(C(O)CNCc2ccc(-c3ccccc3)cc2)c1,C21H21NO2,319.4,3.88,52.49,3,3,6,3,3,0.143,24,0,0,none,0.9683,1.0,0.981,T14091,Atorvastatin,HMGCR,HMG-CoA 还原酶抑制，降低胆固醇合成并上调 LDLR,0.177,无明确优势骨架命中,,,0.0,0.1772,c1ccc(CCNCc2ccc(-c3ccccc3)cc2)cc1,0.5791
1441,TN1002,118024-26-3,COc1cc(O)c2c(c1)O[C@H](c1cc(O)cc(O)c1)CC2=O,C16H14O6,302.28,2.52,96.22,3,6,2,2,3,0.188,22,0,0,none,0.9878,0.9709,0.981,TN1002,Naringenin,PPAR-alpha / SREBP,柑橘黄烷酮，抑制脂肪生成基因并促进脂肪酸氧化,0.6,黄酮/黄烷酮母核,AMPK / SREBP-1c,黄酮类多酚激活 AMPK-SIRT1 轴，抑制 SREBP-1c/FAS/ACC 表达并促进脂噬,0.6,0.82,O=C1CC(c2ccccc2)Oc2ccccc21,0.9005
1442,TN1740,446-71-9,COc1cc([C@@H]2CC(=O)c3c(O)cc(O)cc3O2)ccc1O,C16H14O6,302.28,2.52,96.22,3,6,2,2,3,0.188,22,0,0,none,0.9878,0.9709,0.981,TN1740,Naringenin,PPAR-alpha / SREBP,柑橘黄烷酮，抑制脂肪生成基因并促进脂肪酸氧化,0.689,黄酮/黄烷酮母核,AMPK / SREBP-1c,黄酮类多酚激活 AMPK-SIRT1 轴，抑制 SREBP-1c/FAS/ACC 表达并促进脂噬,0.6,0.82,O=C1CC(c2ccccc2)Oc2ccccc21,0.9005
1443,T12504,1228439-71-1,CC(=O)N1CCCC1(Cc1ccc(S(C)(=O)=O)cc1)C(=O)OCc1ccccc1,C22H25NO5S,415.51,2.76,80.75,0,5,6,2,3,0.364,29,0,0,none,1.0,0.9525,0.981,T12504,Lanifibranor,PPAR pan (alpha/delta/gamma),泛 PPAR 激动，促进 beta-氧化、抑制脂肪生成与炎症纤维化,0.24,无明确优势骨架命中,,,0.0,0.24,O=C(OCc1ccccc1)C1(Cc2ccccc2)CCCN1,0.6105
1444,TN1584,26067-60-7,COc1cc2c(cc1OC)C1=Cc3ccc(OC)c(OC)c3CN1CC2,C21H23NO4,353.42,3.59,40.16,0,5,4,2,4,0.333,26,0,0,none,0.9683,1.0,0.981,TN1584,Trimetazidine,3-KAT (长链硫解酶),部分脂肪酸氧化抑制剂，代谢调节剂,0.286,无明确优势骨架命中,,,0.0,0.2857,C1=C2c3ccccc3CCN2Cc2ccccc21,0.6334
1445,T4446,119168-77-3,CCc1nn(C)c(C(=O)NCc2ccc(C(C)(C)C)cc2)c1Cl,C18H24ClN3O,333.86,3.86,46.92,1,2,4,2,2,0.444,23,1,0,none,0.9682,1.0,0.9809,T4446,Bezafibrate,PPAR pan,泛 PPAR 弱激动剂，降低血浆与肝内甘油三酯,0.273,无明确优势骨架命中,,,0.0,0.2727,O=C(NCc1ccccc1)c1ccn[nH]1,0.6268
1446,T67560,29022-11-5,O=C(O)CNC(=O)OCC1c2ccccc2-c2ccccc21,C17H15NO4,297.31,2.61,75.63,2,3,4,2,3,0.176,22,0,0,none,1.0,0.9522,0.9809,T67560,Salicylate,"AMPK (direct, beta1)",直接结合 AMPK beta1 变构位点，抑制脂肪生成,0.214,无明确优势骨架命中,,,0.0,0.2143,c1ccc2c(c1)Cc1ccccc1-2,0.5976
1447,T1410,56211-40-6,Cc1cccc(Nc2ccncc2S(=O)(=O)NC(=O)NC(C)C)c1,C16H20N4O3S,348.43,2.53,100.19,3,5,5,2,2,0.25,24,0,0,none,0.9681,1.0,0.9809,T1410,Nicotinic acid (Niacin),HCAR2 / DGAT2,抑制脂肪组织脂解并弱抑制 DGAT2，减少肝内 VLDL 底物供应,0.214,无明确优势骨架命中,,,0.0,0.2143,c1ccc(Nc2ccncc2)cc1,0.5976
1448,T9005,877969-69-2,CC(NC(=O)c1n[nH]c2ccccc12)c1ccc(F)c(F)c1,C16H13F2N3O,301.3,3.33,57.78,2,2,3,3,3,0.125,22,2,0,none,1.0,0.9522,0.9809,T9005,Fluvastatin,HMGCR,全合成 HMGCR 抑制剂,0.19,无明确优势骨架命中,,,0.0,0.1899,O=C(NCc1ccccc1)c1n[nH]c2ccccc12,0.5854
1449,T4443,2288709-96-4,CNC(=O)c1ccc(-c2cnc3cnc(-c4ccccc4)cn23)cc1,C20H16N4O,328.38,3.42,59.29,1,3,3,4,4,0.05,25,0,0,none,0.9705,0.9964,0.9809,T4443,Nicotinic acid (Niacin),HCAR2 / DGAT2,抑制脂肪组织脂解并弱抑制 DGAT2，减少肝内 VLDL 底物供应,0.212,无明确优势骨架命中,,,0.0,0.2115,c1ccc(-c2cn3c(-c4ccccc4)cnc3cn2)cc1,0.5962
1450,T7867,76674-21-0,OC(Cn1cncn1)(c1ccc(F)cc1)c1ccccc1F,C16H13F2N3O,301.3,2.49,50.94,1,3,4,3,3,0.125,22,2,0,none,1.0,0.9522,0.9809,T7867,Atorvastatin,HMGCR,HMG-CoA 还原酶抑制，降低胆固醇合成并上调 LDLR,0.171,无明确优势骨架命中,,,0.0,0.1707,c1ccc(C(Cn2cncn2)c2ccccc2)cc1,0.5758
1451,T28383,1322001-35-3,CC(C)CNCc1ccc(-c2ccccc2S(=O)(=O)N2CCCC2)cc1,C21H28N2O2S,372.53,3.88,49.41,1,3,7,2,3,0.429,26,0,0,none,0.968,1.0,0.9808,T28383,Lanifibranor,PPAR pan (alpha/delta/gamma),泛 PPAR 激动，促进 beta-氧化、抑制脂肪生成与炎症纤维化,0.225,无明确优势骨架命中,,,0.0,0.2254,O=S(=O)(c1ccccc1-c1ccccc1)N1CCCC1,0.6031
1452,T2687,73590-85-9,COc1ccc2nc(SCc3ncc(C)c(OC)c3C)[nH]c2c1,C17H19N3O2S,329.43,3.88,60.03,1,5,5,3,3,0.294,23,0,0,none,0.968,1.0,0.9808,T2687,GW501516,PPAR-delta,PPAR-delta 选择性激动，提升肝与骨骼肌脂肪酸氧化,0.176,无明确优势骨架命中,,,0.0,0.1765,c1ccc(CSc2nc3ccccc3[nH]2)nc1,0.5786
1453,T41230,913534-05-1,O=C(NC1CCCCC1)c1cn(CCN2CCOCC2)c2cc(Cl)ccc2c1=O,C22H28ClN3O3,417.94,3.05,63.57,1,4,5,2,4,0.545,29,1,0,none,1.0,0.9519,0.9808,T41230,TVB-2640 (Denifanstat),FASN,脂肪酸合酶 beta-酮脂酰还原酶结构域抑制剂，直接阻断棕榈酸从头合成,0.256,无明确优势骨架命中,,,0.0,0.2556,O=C(NC1CCCCC1)c1cn(CCN2CCOCC2)c2ccccc2c1=O,0.6182
1454,T39476,2071683-99-1,CCOC(=O)[C@@H](Cc1cn(C)c2ccccc12)NC(=O)[C@@H](N)CC(C)C,C20H29N3O3,359.47,2.14,86.35,2,4,8,2,2,0.5,26,0,0,none,0.968,1.0,0.9808,T39476,Fluvastatin,HMGCR,全合成 HMGCR 抑制剂,0.217,无明确优势骨架命中,,,0.0,0.2169,c1ccc2[nH]ccc2c1,0.5988
1455,T22245,200815-49-2,COc1ccc(C[C@@H](C)NC[C@H](O)c2ccc(O)c(NC=O)c2)cc1,C19H24N2O4,344.41,2.22,90.82,4,5,9,2,2,0.316,25,0,0,none,0.9679,1.0,0.9808,T22245;T6505,Bezafibrate,PPAR pan,泛 PPAR 弱激动剂，降低血浆与肝内甘油三酯,0.171,无明确优势骨架命中,,,0.0,0.1711,c1ccc(CCNCCc2ccccc2)cc1,0.576
1456,T27020L,120635-77-0,Cc1nccn1C[C@@H]1CCc2c(c3cccc4c3n2CCC4)C1=O,C20H21N3O,319.41,3.54,39.82,0,2,2,3,5,0.4,24,0,0,none,0.9679,1.0,0.9807,T27020L,Rosiglitazone,PPAR-gamma,TZD 类 PPAR-gamma 全激动剂，改善胰岛素抵抗与肝内脂肪蓄积,0.161,无明确优势骨架命中,,,0.0,0.1609,O=C1c2c(n3c4c(cccc24)CCC3)CCC1Cn1ccnc1,0.5708
1457,T201799,3050683-29-6,Cn1ccc(Cc2ccc(-c3cccc(C4CCC(=O)NC4=O)c3Cl)cc2)n1,C22H20ClN3O2,393.87,3.85,63.99,1,3,4,3,4,0.227,28,1,0,none,0.973,0.9922,0.9807,T201799,Telmisartan,PPAR-gamma partial / AT1R,AT1 受体拮抗兼 PPAR-gamma 部分激动，文献报道减轻肝细胞脂肪变,0.188,无明确优势骨架命中,,,0.0,0.1875,O=C1CCC(c2cccc(-c3ccc(Cc4cc[nH]n4)cc3)c2)C(=O)N1,0.5841
1458,T10162,120635-47-4,Cc1nccn1CC1CCc2c(c3cccc4c3n2CCC4)C1=O,C20H21N3O,319.41,3.54,39.82,0,2,2,3,5,0.4,24,0,0,none,0.9679,1.0,0.9807,T10162,Rosiglitazone,PPAR-gamma,TZD 类 PPAR-gamma 全激动剂，改善胰岛素抵抗与肝内脂肪蓄积,0.161,无明确优势骨架命中,,,0.0,0.1609,O=C1c2c(n3c4c(cccc24)CCC3)CCC1Cn1ccnc1,0.5708
1459,T69611,2488764-06-1,COc1ccc(OC[C@H]2c3cccn3CC(=O)N2Cc2cccc(F)c2)cc1,C22H21FN2O3,380.42,3.8,43.7,0,3,6,3,4,0.227,28,1,0,none,0.9679,1.0,0.9807,T69611,Rosiglitazone,PPAR-gamma,TZD 类 PPAR-gamma 全激动剂，改善胰岛素抵抗与肝内脂肪蓄积,0.19,无明确优势骨架命中,,,0.0,0.1905,O=C1Cn2cccc2C(COc2ccccc2)N1Cc1ccccc1,0.5856
1460,T27020,120635-74-7,Cc1nccn1C[C@H]1CCc2c(c3cccc4c3n2CCC4)C1=O,C20H21N3O,319.41,3.54,39.82,0,2,2,3,5,0.4,24,0,0,none,0.9679,1.0,0.9807,T27020,Rosiglitazone,PPAR-gamma,TZD 类 PPAR-gamma 全激动剂，改善胰岛素抵抗与肝内脂肪蓄积,0.161,无明确优势骨架命中,,,0.0,0.1609,O=C1c2c(n3c4c(cccc24)CCC3)CCC1Cn1ccnc1,0.5708
1461,T3185,575474-82-7,Oc1cccc(Nc2ncc(F)c(Nc3cccc(O)c3)n2)c1,C16H13FN4O2,312.3,3.51,90.3,4,6,4,3,3,0.0,23,1,0,none,0.9999,0.9519,0.9807,T3185,Nicotinic acid (Niacin),HCAR2 / DGAT2,抑制脂肪组织脂解并弱抑制 DGAT2，减少肝内 VLDL 底物供应,0.17,无明确优势骨架命中,,,0.0,0.1702,c1ccc(Nc2ccnc(Nc3ccccc3)n2)cc1,0.5754
1462,T13273,2168525-92-4,C[C@](O)(Cn1cc(F)cn1)C(=O)Nc1ccc(C#N)c(C(F)(F)F)c1,C15H12F4N4O2,356.28,2.3,90.94,2,4,4,2,2,0.267,25,4,0,none,0.991,0.9653,0.9807,T13273,Ervogastat (PF-06865571),DGAT2,口服 DGAT2 抑制剂，降低肝内甘油三酯合成与 VLDL 分泌,0.19,无明确优势骨架命中,,,0.0,0.1905,O=C(CCn1cccn1)Nc1ccccc1,0.5856
1463,T64390,64700-56-7,CCCCOCCOC(=O)COc1nc(Cl)c(Cl)cc1Cl,C13H16Cl3NO4,356.63,3.78,57.65,0,5,9,1,1,0.538,21,3,0,none,0.9677,1.0,0.9806,T64390,Etomoxir,CPT1a (抑制剂/阴性对照),CPT1 不可逆抑制剂，作为脂肪酸氧化通路机制阴性对照,0.302,无明确优势骨架命中,,,0.0,0.3016,c1ccncc1,0.6411
1464,TQ0311,844903-58-8,Cc1ccc2c(N3CCN(CCc4cccc(N5CCNC5=O)c4)CC3)cccc2n1,C25H29N5O,415.54,3.44,51.71,1,4,5,3,5,0.36,31,0,0,none,1.0,0.9514,0.9806,TQ0311,Telmisartan,PPAR-gamma partial / AT1R,AT1 受体拮抗兼 PPAR-gamma 部分激动，文献报道减轻肝细胞脂肪变,0.186,无明确优势骨架命中,,,0.0,0.1856,O=C1NCCN1c1cccc(CCN2CCN(c3cccc4ncccc34)CC2)c1,0.5831
1465,T14322,704888-90-4,CC(C)ON(CC(=O)NO)S(=O)(=O)c1ccc(-c2ccccc2)cc1,C17H20N2O5S,364.42,2.19,95.94,2,5,7,2,2,0.235,25,0,0,none,0.9677,1.0,0.9806,T14322,Atorvastatin,HMGCR,HMG-CoA 还原酶抑制，降低胆固醇合成并上调 LDLR,0.228,无明确优势骨架命中,,,0.0,0.2278,c1ccc(-c2ccccc2)cc1,0.6042
1466,T60133,,Cc1ccc(N2CCOCC2)cc1-c1cc(Oc2ccc(C#N)cc2)[nH]n1,C21H20N4O2,360.42,3.89,74.17,1,5,4,3,4,0.238,27,0,0,none,0.9677,1.0,0.9806,T60133,Resmetirom (MGL-3196),THR-beta,肝脏选择性甲状腺激素受体 beta 激动；上调 CPT1A/线粒体 beta-氧化与脂噬，降低肝内甘油三酯,0.2,无明确优势骨架命中,,,0.0,0.2,c1ccc(Oc2cc(-c3cccc(N4CCOCC4)c3)n[nH]2)cc1,0.5903
1467,T23601,1042735-18-1,Cc1ccc(Nc2nc(N)c(C(=O)c3ccc(C#N)cc3)s2)cc1,C18H14N4OS,334.4,3.88,91.8,2,6,4,3,3,0.056,24,0,0,none,0.9676,1.0,0.9806,T23601,Fenofibric acid,PPAR-alpha,激活 PPAR-alpha 上调 CPT1/ACOX1，增强线粒体与过氧化物酶体脂肪酸氧化,0.175,无明确优势骨架命中,,,0.0,0.1746,O=C(c1ccccc1)c1cnc(Nc2ccccc2)s1,0.5776
1468,T28904,891020-54-5,CCS(=O)(=O)c1oc(-c2ccc(F)cc2)nc1S(=O)(=O)c1ccccc1,C17H14FNO5S2,395.43,3.11,94.31,0,6,5,3,3,0.118,26,1,0,none,0.9941,0.9602,0.9806,T28904,Rosuvastatin,HMGCR,亲水性强效 HMGCR 抑制剂，肝选择性摄取(OATP1B1),0.228,无明确优势骨架命中,,,0.0,0.2278,O=S(=O)(c1ccccc1)c1coc(-c2ccccc2)n1,0.6042
1469,T68020,107000-34-0,C#C[C@]1(O)CC[C@H]2[C@@H]3CC[C@H]4Cc5nn(S(C)(=O)=O)cc5C[C@]4(C)[C@H]3CC[C@@]21C,C23H32N2O3S,416.59,3.01,72.19,1,4,1,1,5,0.783,29,0,0,none,0.9959,0.9573,0.9805,T68020,Chenodeoxycholic acid,FXR,内源性 FXR 配体，调控胆汁酸稳态并抑制肝脏脂肪生成,0.146,无明确优势骨架命中,,,0.0,0.1461,c1[nH]nc2c1CC1C(CCC3C4CCCC4CCC13)C2,0.5633
1470,T6963,98769-84-7,CCOc1ccccc1O[C@H](c1ccccc1)[C@H]1CNCCO1,C19H23NO3,313.4,3.19,39.72,1,4,6,2,3,0.368,23,0,0,none,0.9676,1.0,0.9805,T6963,Ranolazine,pFOX / 晚钠电流,部分脂肪酸氧化抑制，改善代谢底物利用,0.182,无明确优势骨架命中,,,0.0,0.1818,c1ccc(OC(c2ccccc2)C2CNCCO2)cc1,0.5812
1471,T23285,286369-38-8,COc1ccc2cccc(N3CCN(CCNC(=O)c4ccc(F)cc4)CC3)c2c1,C24H26FN3O2,407.49,3.54,44.81,1,4,6,3,4,0.292,30,1,0,none,0.9911,0.9645,0.9805,T23285,Bezafibrate,PPAR pan,泛 PPAR 弱激动剂，降低血浆与肝内甘油三酯,0.267,无明确优势骨架命中,,,0.0,0.2667,O=C(NCCN1CCN(c2cccc3ccccc23)CC1)c1ccccc1,0.6236
1472,T8366,1354707-41-7,O=C(CC(C(=O)O)c1c[nH]c2ccccc12)c1ccc(F)cc1F,C18H13F2NO3,329.3,3.89,70.16,2,2,5,3,3,0.111,24,2,0,none,0.9675,1.0,0.9805,T8366,Fluvastatin,HMGCR,全合成 HMGCR 抑制剂,0.234,无明确优势骨架命中,,,0.0,0.2338,O=C(CCc1c[nH]c2ccccc12)c1ccccc1,0.6072
1473,T8708,61869-08-7,Fc1ccc([C@@H]2CCNC[C@H]2COc2ccc3c(c2)OCO3)cc1,C19H20FNO3,329.37,3.33,39.72,1,4,4,2,4,0.368,24,1,0,none,0.9676,1.0,0.9805,T1636;T1636L;T8708,Berberine,AMPK / PCSK9 / LDLR,原小檗碱型生物碱，激活 AMPK 并稳定 LDLR mRNA，HepG2 经典降脂阳性对照,0.179,无明确优势骨架命中,,,0.0,0.1795,c1ccc(C2CCNCC2COc2ccc3c(c2)OCO3)cc1,0.58
1474,T3735,36062-04-1,COc1cc(CCC(=O)CC(=O)CCc2ccc(O)c(OC)c2)ccc1O,C21H24O6,372.42,3.21,93.06,2,6,10,2,2,0.333,27,0,0,none,0.9675,1.0,0.9805,T3735,Bezafibrate,PPAR pan,泛 PPAR 弱激动剂，降低血浆与肝内甘油三酯,0.22,无明确优势骨架命中,,,0.0,0.2203,O=C(CCc1ccccc1)CC(=O)CCc1ccccc1,0.6004
1475,T1175,4093-35-0,CCN(CC)CCNC(=O)c1cc(Br)c(N)cc1OC,C14H22BrN3O2,344.25,2.11,67.59,2,4,7,1,1,0.5,20,1,0,none,0.9673,1.0,0.9804,T1175,Bezafibrate,PPAR pan,泛 PPAR 弱激动剂，降低血浆与肝内甘油三酯,0.188,无明确优势骨架命中,,,0.0,0.1884,c1ccccc1,0.5844
1476,T68143,155321-96-3,C[C@H](COc1ccccc1)N[C@H](CO)[C@@H](O)c1ccccc1,C18H23NO3,301.39,2.14,61.72,3,4,8,2,2,0.333,22,0,0,none,0.9674,1.0,0.9804,T68143,Ranolazine,pFOX / 晚钠电流,部分脂肪酸氧化抑制，改善代谢底物利用,0.217,无明确优势骨架命中,,,0.0,0.2174,c1ccc(CCNCCOc2ccccc2)cc1,0.5989
1477,T28258,142494-13-1,O=C1CCCN1CCCCN1CCN(c2cc(C(F)(F)F)ccn2)CC1,C18H25F3N4O,370.42,2.63,39.68,0,4,6,1,3,0.667,26,3,0,none,0.9673,1.0,0.9804,T28258;T28258L,Ervogastat (PF-06865571),DGAT2,口服 DGAT2 抑制剂，降低肝内甘油三酯合成与 VLDL 分泌,0.205,无明确优势骨架命中,,,0.0,0.2051,O=C1CCCN1CCCCN1CCN(c2ccccn2)CC1,0.5928
1478,TN1297,80681-42-1,COc1c2c(cc3oc(C)cc(=O)c13)O[C@H](C(C)(C)O)C2,C16H18O5,290.31,2.18,68.9,1,5,2,2,3,0.438,21,0,0,none,0.9781,0.9837,0.9803,TN1297,Naringenin,PPAR-alpha / SREBP,柑橘黄烷酮，抑制脂肪生成基因并促进脂肪酸氧化,0.188,无明确优势骨架命中,,,0.0,0.1875,O=c1ccoc2cc3c(cc12)CCO3,0.5839
1479,TN1582,60657-93-4,COC(=O)c1c2c(c3ccccc3c1O)OC(C)(C)CC2,C17H18O4,286.33,3.44,55.76,1,4,1,2,3,0.353,21,0,0,none,0.9959,0.9569,0.9803,TN1582,Ciprofibrate,PPAR-alpha,长效贝特类，诱导过氧化物酶体增殖与脂肪酸 beta-氧化,0.197,无明确优势骨架命中,,,0.0,0.1967,c1ccc2c3c(ccc2c1)CCCO3,0.5885
1480,T30098,189681-71-8,O=C1Cc2c(ccc3c2O[C@@H](CNCc2ccccc2)CO3)N1,C18H18N2O3,310.35,2.11,59.59,2,4,4,2,4,0.278,23,0,0,none,0.9672,1.0,0.9803,T30098,Rosiglitazone,PPAR-gamma,TZD 类 PPAR-gamma 全激动剂，改善胰岛素抵抗与肝内脂肪蓄积,0.145,无明确优势骨架命中,,,0.0,0.1446,O=C1Cc2c(ccc3c2OC(CNCc2ccccc2)CO3)N1,0.5624
1481,T1173,105826-92-4,CN1[C@@H]2CC[C@H]1C[C@@H](OC(=O)c1c[nH]c3ccccc13)C2,C17H20N2O2,284.36,2.95,45.33,1,3,2,2,4,0.471,21,0,0,none,0.9931,0.961,0.9803,T1173;T22448,Salicylate,"AMPK (direct, beta1)",直接结合 AMPK beta1 变构位点，抑制脂肪生成,0.184,无明确优势骨架命中,,,0.0,0.1837,O=C(OC1CC2CCC(C1)N2)c1c[nH]c2ccccc12,0.582
1482,T8570,951612-19-4,O=C(c1cn(-c2cccc(Cl)c2)nn1)N1CCSCC1,C13H13ClN4OS,308.79,2.11,51.02,0,4,2,2,3,0.308,20,1,0,none,0.967,1.0,0.9802,T8570,PF-06424439 (DGAT2i),DGAT2,二酰甘油酰基转移酶2 抑制剂，直接阻断甘油三酯酯化终末步骤,0.169,哌嗪/哌啶杂芳基甲酰胺,SCD1 / DGAT2,脂质酶抑制剂常见的环胺-酰胺连接模式，倾向作用于 SCD1/DGAT2 等内质网膜结合型脂质合成酶,0.55,0.4165,O=C(c1cn(-c2ccccc2)nn1)N1CCSCC1,0.6984
1483,T12783,162112-37-0,Cc1c(C(=O)NCCCO)cnn1-c1nc(-c2cccc(C(F)(F)F)c2)cs1,C18H17F3N4O2S,410.42,3.44,80.04,2,5,6,3,3,0.278,28,3,0,none,1.0,0.9504,0.9802,T12783,GW501516,PPAR-delta,PPAR-delta 选择性激动，提升肝与骨骼肌脂肪酸氧化,0.215,无明确优势骨架命中,,,0.0,0.2151,c1ccc(-c2csc(-n3cccn3)n2)cc1,0.5976
1484,T26486,869802-44-8,CCc1ccc(-n2cnc3c(sc4nccc(N(C)C)c43)c2=O)cc1,C19H18N4OS,350.45,3.62,51.02,0,5,3,4,4,0.211,25,0,0,none,0.9671,1.0,0.9802,T26486,Rosiglitazone,PPAR-gamma,TZD 类 PPAR-gamma 全激动剂，改善胰岛素抵抗与肝内脂肪蓄积,0.203,无明确优势骨架命中,,,0.0,0.2025,O=c1c2sc3ncccc3c2ncn1-c1ccccc1,0.5914
1485,T87874,313350-30-0,CCc1nc2c(N)nc3ccccc3c2n1CCCCN,C16H21N5,283.38,2.47,82.75,2,4,5,3,3,0.375,21,0,0,none,0.9998,0.9509,0.9802,T87874,Telmisartan,PPAR-gamma partial / AT1R,AT1 受体拮抗兼 PPAR-gamma 部分激动，文献报道减轻肝细胞脂肪变,0.232,无明确优势骨架命中,,,0.0,0.2317,c1ccc2c(c1)ncc1nc[nH]c12,0.606
1486,T72033,1092788-87-8,CC(C)n1nc(-c2ccc3c(ccn3C)c2)c2c(N)ncnc21,C17H18N6,306.37,3.15,74.55,1,4,2,4,4,0.235,23,0,0,none,0.9705,0.9949,0.9802,T72033,Rosuvastatin,HMGCR,亲水性强效 HMGCR 抑制剂，肝选择性摄取(OATP1B1),0.133,无明确优势骨架命中,,,0.0,0.1333,c1ncc2c(-c3ccc4[nH]ccc4c3)n[nH]c2n1,0.5568
1487,T67763,380314-37-4,CCn1c2ccccc2c2cc(NC(=O)CSc3nccc(=O)[nH]3)ccc21,C20H18N4O2S,378.46,3.63,79.78,2,4,5,4,4,0.15,27,0,0,none,0.9668,1.0,0.9801,T67763,Fluvastatin,HMGCR,全合成 HMGCR 抑制剂,0.195,无明确优势骨架命中,,,0.0,0.1954,O=C(CSc1nccc(=O)[nH]1)Nc1ccc2[nH]c3ccccc3c2c1,0.5878
1488,T22826,660846-41-3,COc1ccccc1NC(=O)OCC1CCN(C(=O)OC(C)(C)C)CC1,C19H28N2O5,364.44,3.89,77.1,1,5,4,1,2,0.579,26,0,0,none,0.9669,1.0,0.9801,T22826,Ranolazine,pFOX / 晚钠电流,部分脂肪酸氧化抑制，改善代谢底物利用,0.276,无明确优势骨架命中,,,0.0,0.2763,O=C(Nc1ccccc1)OCC1CCNCC1,0.6282
1489,T67916,2126874-77-7,CC(=O)N1CCC(COc2ccc(-c3cc[nH]n3)nc2)CC1,C16H20N4O2,300.36,2.11,71.11,1,4,4,2,3,0.438,22,0,0,none,0.9669,1.0,0.9801,T67916,PF-06424439 (DGAT2i),DGAT2,二酰甘油酰基转移酶2 抑制剂，直接阻断甘油三酯酯化终末步骤,0.243,无明确优势骨架命中,,,0.0,0.2429,c1cc(-c2ccc(OCC3CCNCC3)cn2)n[nH]1,0.6115
1490,T7834,70006-24-5,c1ccc(N2CCN(Cc3nc4ccccc4[nH]3)CC2)nc1,C17H19N5,293.37,2.28,48.05,1,4,3,3,4,0.294,22,0,0,none,0.988,0.9682,0.9801,T22019;T7834,Trimetazidine,3-KAT (长链硫解酶),部分脂肪酸氧化抑制剂，代谢调节剂,0.186,无明确优势骨架命中,,,0.0,0.1864,c1ccc(N2CCN(Cc3nc4ccccc4[nH]3)CC2)nc1,0.5833
1491,T41248,2730-71-4,COc1cc2c(c(OC)c1OC)-c1ccc(SC)c(=O)cc1[C@@H](NC(C)=O)CC2,C22H25NO5S,415.51,3.58,73.86,1,6,5,2,3,0.364,29,0,0,none,0.9984,0.9525,0.98,T41248,ACC inhibitor chemotype (firsocostat-like proxy),ACC1/ACC2,变构抑制乙酰辅酶A羧化酶，降低丙二酰辅酶A、阻断新发脂质合成(DNL)并解除 CPT1 抑制,0.198,无明确优势骨架命中,,,0.0,0.1977,O=c1cccc2c(c1)CCCc1ccccc1-2,0.5888
1492,T15769,1239600-18-0,C=C(CCCCC)[C@@H](O)[C@H](C)C(=O)N1C(=O)OC[C@@H]1C(C)C,C17H29NO4,311.42,3.12,66.84,1,4,8,0,1,0.765,22,0,0,none,0.9664,1.0,0.9799,T15769,C75,FASN,alpha-亚甲基-gamma-丁内酯类 FASN 抑制剂，同时升高丙二酰辅酶A,0.242,无明确优势骨架命中,,,0.0,0.2419,O=C1NCCO1,0.6109
1493,T0951,747-36-4,CCN(CCO)CCCC(C)Nc1ccnc2cc(Cl)ccc12,C18H26ClN3O,335.88,3.78,48.39,2,4,9,2,2,0.5,23,1,0,none,0.9666,1.0,0.9799,T0951;T9287,Etomoxir,CPT1a (抑制剂/阴性对照),CPT1 不可逆抑制剂，作为脂肪酸氧化通路机制阴性对照,0.184,无明确优势骨架命中,,,0.0,0.1842,c1ccc2ncccc2c1,0.582
1494,T1062,404-86-4,COc1cc(CNC(=O)CCCC/C=C/C(C)C)ccc1O,C18H27NO3,305.42,3.79,58.56,2,3,9,1,1,0.5,22,0,0,none,0.9666,1.0,0.9799,T1062,EPA (Eicosapentaenoic acid),PPAR-alpha / SREBP-1c,omega-3 多不饱和脂肪酸，激活 PPAR-alpha 并抑制 SREBP-1c 成熟,0.211,无明确优势骨架命中,,,0.0,0.2105,c1ccccc1,0.5952
1495,T77809,2768426-49-7,CCc1ccc(CNc2nc3nc(CNCc4ccccc4)cc(O)n3n2)cc1,C22H24N6O,388.48,3.29,87.37,3,6,8,4,4,0.227,29,0,0,none,0.9664,1.0,0.9799,T77809,Pioglitazone,PPAR-gamma,噻唑烷二酮胰岛素增敏剂，促进脂肪组织脂质再分布、降低肝细胞脂毒性,0.187,无明确优势骨架命中,,,0.0,0.1867,c1ccc(CNCc2ccn3nc(NCc4ccccc4)nc3n2)cc1,0.5833
1496,T28529,107813-63-8,c1cc(OCCCc2nnn[nH]2)cc(OCc2ccc3ccccc3n2)c1,C20H19N5O2,361.41,3.34,85.81,1,6,8,4,4,0.2,27,0,0,none,0.9664,1.0,0.9799,T28529,Pioglitazone,PPAR-gamma,噻唑烷二酮胰岛素增敏剂，促进脂肪组织脂质再分布、降低肝细胞脂毒性,0.182,无明确优势骨架命中,,,0.0,0.1818,c1cc(OCCCc2nnn[nH]2)cc(OCc2ccc3ccccc3n2)c1,0.5808
1497,T1109,25775-90-0,COc1cc(CNC(=O)CCCC/C=C\C(C)C)ccc1O,C18H27NO3,305.42,3.79,58.56,2,3,9,1,1,0.5,22,0,0,none,0.9666,1.0,0.9799,T1109,EPA (Eicosapentaenoic acid),PPAR-alpha / SREBP-1c,omega-3 多不饱和脂肪酸，激活 PPAR-alpha 并抑制 SREBP-1c 成熟,0.211,无明确优势骨架命中,,,0.0,0.2105,c1ccccc1,0.5952
1498,T60157,2819989-75-6,Cc1cccc(C2NC(=O)c3c(Br)cccc3N2)c1,C15H13BrN2O,317.19,3.61,41.13,2,2,1,2,3,0.133,19,1,0,none,0.9688,0.9966,0.9799,T60157,Gemfibrozil,PPAR-alpha,苯氧戊酸类 PPAR-alpha 激动剂，抑制肝脏 VLDL-TG 分泌,0.148,哌嗪/哌啶杂芳基甲酰胺,SCD1 / DGAT2,脂质酶抑制剂常见的环胺-酰胺连接模式，倾向作用于 SCD1/DGAT2 等内质网膜结合型脂质合成酶,0.55,0.395,O=C1NC(c2ccccc2)Nc2ccccc21,0.6874
1499,T4356,1822358-25-7,C[C@@H]1CN(c2ccc3cc(C#N)c4nc5ccccc5n4c3n2)C[C@H](C)N1,C21H20N6,356.43,3.09,69.25,1,5,1,4,5,0.286,27,0,0,none,0.9664,1.0,0.9799,T4356,A-769662,"AMPK (direct, beta1)",直接变构激活 AMPK beta1 亚基，磷酸化 ACC1/2 抑制 DNL,0.154,无明确优势骨架命中,,,0.0,0.1538,c1ccc2c(c1)nc1ccc3ccc(N4CCNCC4)nc3n12,0.5668
1500,T10426,2748337-86-0,c1ccc(-c2nc3c(c(-n4ccc5cnccc54)n2)CCC3)nc1,C19H15N5,313.36,3.37,56.49,0,4,2,4,5,0.158,24,0,0,none,0.9705,0.9939,0.9799,T10426,Nicotinic acid (Niacin),HCAR2 / DGAT2,抑制脂肪组织脂解并弱抑制 DGAT2，减少肝内 VLDL 底物供应,0.196,无明确优势骨架命中,,,0.0,0.1964,c1ccc(-c2nc3c(c(-n4ccc5cnccc54)n2)CCC3)nc1,0.5881
1501,T1012,34381-68-5,CCCC(=O)Nc1ccc(OCC(O)CNC(C)C)c(C(C)=O)c1,C18H28N2O4,336.43,2.37,87.66,3,5,10,1,1,0.556,24,0,0,none,0.9664,1.0,0.9799,T1012,Ranolazine,pFOX / 晚钠电流,部分脂肪酸氧化抑制，改善代谢底物利用,0.263,无明确优势骨架命中,,,0.0,0.2632,c1ccccc1,0.6216
1502,T6087,1173900-33-8,Cc1cc([C@@H](C)Nc2ccccc2C(=O)O)c2nc(N3CCOCC3)cc(=O)n2c1,C22H24N4O4,408.46,2.71,96.17,2,6,5,3,4,0.318,30,0,0,none,0.988,0.9677,0.9799,T6087,Salicylate,"AMPK (direct, beta1)",直接结合 AMPK beta1 变构位点，抑制脂肪生成,0.21,无明确优势骨架命中,,,0.0,0.2097,O=c1cc(N2CCOCC2)nc2c(CNc3ccccc3)cccn12,0.5948
1503,T62196,916574-83-9,COc1cccc2[nH]c3c4c(c5c(c3c12)C(=O)N(CN1CCN(C)CC1)C5=O)CCC4,C24H26N4O3,418.5,2.62,68.88,1,5,3,3,6,0.417,31,0,0,none,1.0,0.9497,0.9799,T62196,Ranolazine,pFOX / 晚钠电流,部分脂肪酸氧化抑制，改善代谢底物利用,0.244,哌嗪/哌啶杂芳基甲酰胺,SCD1 / DGAT2,脂质酶抑制剂常见的环胺-酰胺连接模式，倾向作用于 SCD1/DGAT2 等内质网膜结合型脂质合成酶,0.55,0.4914,O=C1c2c3c(c4[nH]c5ccccc5c4c2C(=O)N1CN1CCNCC1)CCC3,0.7356
1504,T28433L,214212-39-2,O=C(Cn1c2ccccc2c2c(N3CCCC3)nc(N3CCCC3)nc21)N1CCCC1,C24H30N6O,418.55,3.41,57.5,0,5,4,3,6,0.542,31,0,0,none,1.0,0.9495,0.9798,T28433;T28433L,Fluvastatin,HMGCR,全合成 HMGCR 抑制剂,0.188,无明确优势骨架命中,,,0.0,0.1875,O=C(Cn1c2ccccc2c2c(N3CCCC3)nc(N3CCCC3)nc21)N1CCCC1,0.5836
1505,T15385,26944-48-9,Cc1ccc(S(=O)(=O)NC(=O)N[C@H]2[C@H]3CC[C@@](C)([C@H]2O)C3(C)C)cc1,C18H26N2O4S,366.48,2.17,95.5,3,4,3,1,3,0.611,25,0,0,none,0.9664,1.0,0.9798,T15385,Lanifibranor,PPAR pan (alpha/delta/gamma),泛 PPAR 激动，促进 beta-氧化、抑制脂肪生成与炎症纤维化,0.192,无明确优势骨架命中,,,0.0,0.1918,O=C(NC1CC2CCC1C2)NS(=O)(=O)c1ccccc1,0.5858
1506,T1865,878141-96-9,Cc1cc(OCCN2CCOCC2)nn1-c1ccc2ccccc2c1,C20H23N3O2,337.42,3.04,39.52,0,4,5,3,4,0.35,25,0,0,none,0.9664,1.0,0.9798,T1865;T4229,TVB-2640 (Denifanstat),FASN,脂肪酸合酶 beta-酮脂酰还原酶结构域抑制剂，直接阻断棕榈酸从头合成,0.193,无明确优势骨架命中,,,0.0,0.1932,c1ccc2cc(-n3ccc(OCCN4CCOCC4)n3)ccc2c1,0.5865
1507,T3351,1228013-30-6,CO[C@H]1CC[C@H](N2C(=O)CNc3ncc(-c4ccc(C(C)(C)O)nc4)nc32)CC1,C21H27N5O3,397.48,2.48,100.47,2,7,4,2,4,0.524,29,0,0,none,0.9663,1.0,0.9798,T3351,Ervogastat (PF-06865571),DGAT2,口服 DGAT2 抑制剂，降低肝内甘油三酯合成与 VLDL 分泌,0.198,无明确优势骨架命中,,,0.0,0.1977,O=C1CNc2ncc(-c3cccnc3)nc2N1C1CCCCC1,0.5888
1508,T60006,32585-54-9,O=S(=O)(NCCc1c[nH]c2ccccc12)c1ccccc1,C16H16N2O2S,300.38,2.69,61.96,2,2,5,3,3,0.125,21,0,0,none,1.0,0.9493,0.9797,T60006,Salicylate,"AMPK (direct, beta1)",直接结合 AMPK beta1 变构位点，抑制脂肪生成,0.178,无明确优势骨架命中,,,0.0,0.1778,O=S(=O)(NCCc1c[nH]c2ccccc12)c1ccccc1,0.5788
1509,T7301,1817698-21-7,O=C(Nc1cn[nH]c1-c1ccccn1)c1nn(C2CCNCC2)cc1Cl,C17H18ClN7O,371.83,2.5,100.52,3,5,4,3,4,0.294,26,1,0,none,0.9661,1.0,0.9797,T7301,Ervogastat (PF-06865571),DGAT2,口服 DGAT2 抑制剂，降低肝内甘油三酯合成与 VLDL 分泌,0.182,无明确优势骨架命中,,,0.0,0.1818,O=C(Nc1cn[nH]c1-c1ccccn1)c1ccn(C2CCNCC2)n1,0.5808
1510,T11409,2133017-36-2,C#CCNC(=O)C(=O)c1c(C)c(C(=O)Nc2ccc(F)c(F)c2)n(C)c1C,C19H17F2N3O3,373.36,2.1,80.2,2,3,5,2,2,0.211,27,2,0,none,0.9662,1.0,0.9797,T11409,Atorvastatin,HMGCR,HMG-CoA 还原酶抑制，降低胆固醇合成并上调 LDLR,0.205,无明确优势骨架命中,,,0.0,0.2045,O=C(Nc1ccccc1)c1ccc[nH]1,0.5921
1511,T7948,2101626-26-8,CC(C)(O)[C@H]1CC[C@H](NC(=O)c2cnc3cc(OC(F)F)ccc3c2)CC1,C20H24F2N2O3,378.42,3.9,71.45,2,4,5,2,3,0.5,27,2,0,none,0.9661,1.0,0.9797,T7948,TVB-2640 (Denifanstat),FASN,脂肪酸合酶 beta-酮脂酰还原酶结构域抑制剂，直接阻断棕榈酸从头合成,0.298,无明确优势骨架命中,,,0.0,0.2976,O=C(NC1CCCCC1)c1cnc2ccccc2c1,0.6386
1512,T12338,2231747-03-6,Cc1noc(C)c1-c1cc(O)cc(C(O)c2cccnc2)c1,C17H16N2O3,296.33,3.14,79.38,2,5,3,3,3,0.176,22,0,0,none,1.0,0.9489,0.9796,T12338,Nicotinic acid (Niacin),HCAR2 / DGAT2,抑制脂肪组织脂解并弱抑制 DGAT2，减少肝内 VLDL 底物供应,0.231,无明确优势骨架命中,,,0.0,0.2308,c1cncc(Cc2cccc(-c3cnoc3)c2)c1,0.6052
1513,T71368,1153631-91-4,CNC(=O)c1ccc2ncc(C(=O)O)c(Nc3ccc(OC)cc3)c2c1,C19H17N3O4,351.36,3.04,100.55,3,5,5,3,3,0.105,26,0,0,none,0.9659,1.0,0.9796,T71368,GW4064,FXR,非甾体高效 FXR 激动剂工具化合物，抑制 DNL 相关转录程序,0.211,无明确优势骨架命中,,,0.0,0.2111,c1ccc(Nc2ccnc3ccccc23)cc1,0.5954
1514,T9680,91524-15-1,CCn1cc(C(=O)O)c(=O)c2cc(F)c(-n3cccc3)cc21,C16H13FN2O3,300.29,2.65,64.23,1,2,3,3,3,0.125,22,1,0,none,1.0,0.949,0.9796,T9680,Salicylate,"AMPK (direct, beta1)",直接结合 AMPK beta1 变构位点，抑制脂肪生成,0.2,无明确优势骨架命中,,,0.0,0.2,O=c1cc[nH]c2cc(-n3cccc3)ccc12,0.5898
1515,TQ0266,1883423-59-3,Cc1[nH]nc2ncc(C(=O)N3CCC[C@H]3c3ccc(Cl)cc3)cc12,C18H17ClN4O,340.81,3.9,61.88,1,3,2,3,4,0.278,24,1,0,none,0.9659,1.0,0.9795,TQ0266,PF-06424439 (DGAT2i),DGAT2,二酰甘油酰基转移酶2 抑制剂，直接阻断甘油三酯酯化终末步骤,0.224,哌嗪/哌啶杂芳基甲酰胺,SCD1 / DGAT2,脂质酶抑制剂常见的环胺-酰胺连接模式，倾向作用于 SCD1/DGAT2 等内质网膜结合型脂质合成酶,0.55,0.4712,O=C(c1cnc2n[nH]cc2c1)N1CCCC1c1ccccc1,0.7254
1516,T5622,2162982-11-6,C[C@@H](CO)NC(=O)c1cc(-c2ccc(Cl)cc2)nn(-c2cccc(F)c2)c1=O,C20H17ClFN3O3,401.83,2.8,84.22,2,4,5,3,3,0.15,28,2,0,none,1.0,0.9485,0.9794,T5622,Fluvastatin,HMGCR,全合成 HMGCR 抑制剂,0.221,无明确优势骨架命中,,,0.0,0.2209,O=c1ccc(-c2ccccc2)nn1-c1ccccc1,0.6002
1517,T40544,442898-34-2,Cc1cc(N2CCOCC2)nc2ccc(NC(=O)C3CCCCC3)cc12,C21H27N3O2,353.47,3.9,54.46,1,4,3,2,4,0.524,26,0,0,none,0.9656,1.0,0.9794,T40544,PF-06424439 (DGAT2i),DGAT2,二酰甘油酰基转移酶2 抑制剂，直接阻断甘油三酯酯化终末步骤,0.278,无明确优势骨架命中,,,0.0,0.2778,O=C(Nc1ccc2nc(N3CCOCC3)ccc2c1)C1CCCCC1,0.6286
1518,T77718,491839-65-7,O=C(CSc1nnc(-c2ccncc2)o1)c1ccc(Br)cc1,C15H10BrN3O2S,376.24,3.87,68.88,0,6,5,3,3,0.067,22,1,0,none,0.9704,0.9931,0.9794,T77718,Nicotinic acid (Niacin),HCAR2 / DGAT2,抑制脂肪组织脂解并弱抑制 DGAT2，减少肝内 VLDL 底物供应,0.196,无明确优势骨架命中,,,0.0,0.1961,O=C(CSc1nnc(-c2ccncc2)o1)c1ccccc1,0.5878
1519,T13518,21853-11-2,CC(=O)[C@H]1CC[C@H]2[C@@H]3C[C@H](O)[C@H]4C[C@@H](O)CC[C@]4(C)[C@H]3CC[C@]12C,C21H34O3,334.5,3.57,57.53,2,3,1,0,4,0.952,24,0,0,none,0.9655,1.0,0.9793,T13518,Obeticholic acid,FXR,半合成胆汁酸 FXR 激动剂，经 SHP 抑制 SREBP-1c 与脂肪生成基因,0.355,无明确优势骨架命中,,,0.0,0.3548,C1CCC2C(C1)CCC1C3CCCC3CCC21,0.667
1520,T5159,869477-96-3,COc1ccc(CC(C)(C)NC[C@H](O)c2cc(O)cc3c2OCC(=O)N3)cc1,C21H26N2O5,386.45,2.38,100.05,4,6,7,2,3,0.381,28,0,0,none,0.9655,1.0,0.9793,T5159,Bezafibrate,PPAR pan,泛 PPAR 弱激动剂，降低血浆与肝内甘油三酯,0.198,无明确优势骨架命中,,,0.0,0.1975,O=C1COc2c(CCNCCc3ccccc3)cccc2N1,0.5884
1521,T27947L,,N[C@@H](C[C@@H](C/C=C/c1ccc2ccccc2c1)C(=O)O)C(=O)O,C18H19NO4,313.35,2.75,100.62,3,3,7,2,2,0.222,23,0,0,none,0.9655,1.0,0.9793,T27947L,GW4064,FXR,非甾体高效 FXR 激动剂工具化合物，抑制 DNL 相关转录程序,0.202,无明确优势骨架命中,,,0.0,0.2024,c1ccc2ccccc2c1,0.5908
1522,T39078,1613021-99-0,O=C(N[C@H]1CCN(c2nccn3cccc23)C1)c1ccn(-c2ccc(F)cc2)n1,C21H19FN6O,390.42,2.67,67.46,1,4,4,4,5,0.19,29,1,0,none,0.9705,0.9925,0.9793,T39078,TVB-2640 (Denifanstat),FASN,脂肪酸合酶 beta-酮脂酰还原酶结构域抑制剂，直接阻断棕榈酸从头合成,0.237,无明确优势骨架命中,,,0.0,0.2366,O=C(NC1CCN(c2nccn3cccc23)C1)c1ccn(-c2ccccc2)n1,0.608
1523,T6015,225120-65-0,Cn1nc(C(C)(C)C)cc1C(=O)N[C@@H](Cc1cccc(Cl)c1)C(=O)NCC#N,C20H24ClN5O2,401.9,2.35,99.81,2,4,6,2,2,0.4,28,1,0,none,0.9655,1.0,0.9793,T6015,Bezafibrate,PPAR pan,泛 PPAR 弱激动剂，降低血浆与肝内甘油三酯,0.228,无明确优势骨架命中,,,0.0,0.2278,O=C(NCCc1ccccc1)c1ccn[nH]1,0.6036
1524,T5S2358,30045-16-0,COc1cc2c(cc1OC)-c1c(C)c3ccc(OC)c(OC)c3c[n+]1CC2,C22H24NO4+,366.44,3.69,40.8,0,4,4,3,4,0.318,27,0,0,none,0.9655,1.0,0.9793,T10990;T2S2362;T5S2358,Berberine,AMPK / PCSK9 / LDLR,原小檗碱型生物碱，激活 AMPK 并稳定 LDLR mRNA，HepG2 经典降脂阳性对照,0.475,原小檗碱型季铵异喹啉生物碱,AMPK / LDLR,小檗碱型生物碱抑制线粒体复合物I 激活 AMPK，并经 ERK 通路稳定 LDLR mRNA，为 HepG2 脂质蓄积模型的经典降脂阳性对照化学型,0.8,0.8346,c1ccc2c(c1)CC[n+]1cc3ccccc3cc1-2,0.907
1525,T13314,1321924-70-2,CC(C)[C@@](C)(O)[C@@H]1CN(c2nc(-c3n[nH]c4ncccc34)c(F)cc2Cl)CCN1,C20H24ClFN6O,418.9,3.0,89.96,3,6,4,3,4,0.45,29,2,0,none,1.0,0.948,0.9792,T13314,TVB-2640 (Denifanstat),FASN,脂肪酸合酶 beta-酮脂酰还原酶结构域抑制剂，直接阻断棕榈酸从头合成,0.162,无明确优势骨架命中,,,0.0,0.1619,c1cc(-c2n[nH]c3ncccc23)nc(N2CCNCC2)c1,0.5706
1526,T7147,1025504-45-3,COc1cc2c(cc1OC)[C@H]1C[C@@H](OC(=O)[C@@H](N)C(C)C)[C@H](CC(C)C)CN1CC2,C24H38N2O4,418.58,3.56,74.02,1,6,7,1,3,0.708,30,0,0,none,0.9991,0.9493,0.9792,T7147,Ranolazine,pFOX / 晚钠电流,部分脂肪酸氧化抑制，改善代谢底物利用,0.195,无明确优势骨架命中,,,0.0,0.1954,c1ccc2c(c1)CCN1CCCCC21,0.5873
1527,T16952,116-45-0,Cc1nc(NS(=O)(=O)c2ccc(N)cc2)nc(C)c1Br,C12H13BrN4O2S,357.23,2.24,97.97,2,5,3,2,2,0.167,20,1,0,none,0.9651,1.0,0.9791,T16952,Lanifibranor,PPAR pan (alpha/delta/gamma),泛 PPAR 激动，促进 beta-氧化、抑制脂肪生成与炎症纤维化,0.169,无明确优势骨架命中,,,0.0,0.1692,O=S(=O)(Nc1ncccn1)c1ccccc1,0.5741
1528,T124455,65817-45-0,COc1cc(CCc2ccccc2O)cc(OC)c1OC,C17H20O4,288.34,3.2,47.92,1,4,6,2,2,0.294,21,0,0,none,0.9986,0.9499,0.9791,T124455,Trimetazidine,3-KAT (长链硫解酶),部分脂肪酸氧化抑制剂，代谢调节剂,0.24,无明确优势骨架命中,,,0.0,0.24,c1ccc(CCc2ccccc2)cc1,0.6096
1529,T15304,166108-71-0,O=C(O)COCCOCCNC(=O)OCC1c2ccccc2-c2ccccc21,C21H23NO6,385.42,2.64,94.09,2,5,10,2,3,0.333,28,0,0,none,0.9652,1.0,0.9791,T15304,Salicylate,"AMPK (direct, beta1)",直接结合 AMPK beta1 变构位点，抑制脂肪生成,0.18,无明确优势骨架命中,,,0.0,0.18,c1ccc2c(c1)Cc1ccccc1-2,0.5796
1530,T23649,1235733-73-9,CC1SC2(CCN(C)CC2)CN1C(=O)CCc1c[nH]c2ccccc12,C20H27N3OS,357.52,3.49,39.34,1,3,3,2,4,0.55,25,0,0,none,0.9652,1.0,0.9791,T23649,Rosiglitazone,PPAR-gamma,TZD 类 PPAR-gamma 全激动剂，改善胰岛素抵抗与肝内脂肪蓄积,0.163,无明确优势骨架命中,,,0.0,0.1628,O=C(CCc1c[nH]c2ccccc12)N1CSC2(CCNCC2)C1,0.571
1531,T2359,219766-25-3,O=C(Nc1ccccc1C(=O)NC1CCCCNC1=O)c1cc2ccccc2s1,C22H21N3O3S,407.5,3.55,87.3,3,4,4,3,4,0.227,29,0,0,none,0.9994,0.9484,0.979,T2359,TVB-2640 (Denifanstat),FASN,脂肪酸合酶 beta-酮脂酰还原酶结构域抑制剂，直接阻断棕榈酸从头合成,0.17,无明确优势骨架命中,,,0.0,0.1702,O=C(Nc1ccccc1C(=O)NC1CCCCNC1=O)c1cc2ccccc2s1,0.5746
1532,T9017,2056122-11-1,CN1CCN(c2ccc3nc(-c4c(N)c5ccsc5[nH]c4=O)[nH]c3c2)CC1,C19H20N6OS,380.48,2.47,94.04,3,6,2,4,5,0.263,27,0,0,none,0.9651,1.0,0.979,T9017,A-769662,"AMPK (direct, beta1)",直接变构激活 AMPK beta1 亚基，磷酸化 ACC1/2 抑制 DNL,0.146,无明确优势骨架命中,,,0.0,0.1463,O=c1[nH]c2sccc2cc1-c1nc2ccc(N3CCNCC3)cc2[nH]1,0.5626
1533,T50062,473477-26-8,CN(C)S(=O)(=O)c1cc(Cl)c(OC(F)F)cc1Cl,C9H9Cl2F2NO3S,320.14,2.85,46.61,0,3,4,1,1,0.333,18,4,0,none,0.9963,0.9529,0.9789,T50062,VK2809 active acid (MB07344),THR-beta,肝靶向 THR-beta 激动剂活性代谢物；促进脂肪酸氧化与 LDL-C 清除,0.164,无明确优势骨架命中,,,0.0,0.1639,c1ccccc1,0.5714
1534,T1758,141430-65-1,COc1ccc(S(=O)(=O)Nc2cccnc2Nc2ccc(O)cc2)cc1,C18H17N3O4S,371.42,3.34,100.55,3,6,6,3,3,0.056,26,0,0,none,0.9659,0.9981,0.9788,T1758,Rosiglitazone,PPAR-gamma,TZD 类 PPAR-gamma 全激动剂，改善胰岛素抵抗与肝内脂肪蓄积,0.179,无明确优势骨架命中,,,0.0,0.1795,O=S(=O)(Nc1cccnc1Nc1ccccc1)c1ccccc1,0.5792
1535,TN1707,66056-20-0,COc1cc2c(c(O)c1OC)-c1c(cc(OC)c(OC)c1OC)CC(C)(O)C(C)C2,C23H30O7,418.49,3.59,86.61,2,7,5,2,3,0.478,30,0,0,none,0.9983,0.9497,0.9788,TN1707,Berberine,AMPK / PCSK9 / LDLR,原小檗碱型生物碱，激活 AMPK 并稳定 LDLR mRNA，HepG2 经典降脂阳性对照,0.197,无明确优势骨架命中,,,0.0,0.1972,c1ccc2c(c1)CCCCc1ccccc1-2,0.588
1536,T77607,380347-87-5,NS(=O)(=O)c1ccc2nc(-c3ccccc3)c(-c3ccccc3)nc2c1,C20H15N3O2S,361.43,3.61,85.94,1,4,3,4,4,0.0,26,0,0,none,0.9677,0.9955,0.9788,T77607,Salicylate,"AMPK (direct, beta1)",直接结合 AMPK beta1 变构位点，抑制脂肪生成,0.2,无明确优势骨架命中,,,0.0,0.2,c1ccc(-c2nc3ccccc3nc2-c2ccccc2)cc1,0.5894
1537,T3160,1453097-13-6,Cc1ccc2nc(-n3nc(C)c(Cc4ccccc4)c3O)[nH]c2c1,C19H18N4O,318.38,3.66,66.73,2,3,3,4,4,0.158,24,0,0,none,0.9646,1.0,0.9788,T3160,Telmisartan,PPAR-gamma partial / AT1R,AT1 受体拮抗兼 PPAR-gamma 部分激动，文献报道减轻肝细胞脂肪变,0.18,无明确优势骨架命中,,,0.0,0.1798,c1ccc(Cc2cnn(-c3nc4ccccc4[nH]3)c2)cc1,0.5793
1538,T77334,2716217-79-5,COc1ccc(-c2cc(C(=O)NCc3ccc(C(=O)NO)cc3)ccn2)cc1,C21H19N3O4,377.4,2.81,100.55,3,5,6,3,3,0.095,28,0,0,none,0.9659,0.9981,0.9788,T77334,Bezafibrate,PPAR pan,泛 PPAR 弱激动剂，降低血浆与肝内甘油三酯,0.299,无明确优势骨架命中,,,0.0,0.2985,O=C(NCc1ccccc1)c1ccnc(-c2ccccc2)c1,0.6386
1539,TN5894,77715-99-2,C=C(C)[C@@H](O)Cc1c(OC)cc2oc(=O)ccc2c1OC,C16H18O5,290.32,2.29,68.9,1,5,5,2,2,0.312,21,0,0,none,0.9902,0.9618,0.9788,TN5894,Trimetazidine,3-KAT (长链硫解酶),部分脂肪酸氧化抑制剂，代谢调节剂,0.213,无明确优势骨架命中,,,0.0,0.2131,O=c1ccc2ccccc2o1,0.596
1540,T5449,135779-82-7,CCCn1c(=O)c(CCCOC(=O)NC)nc2ccccc21,C16H21N3O3,303.36,2.1,73.22,1,4,6,2,2,0.438,22,0,0,none,0.9646,1.0,0.9788,T5449,Telmisartan,PPAR-gamma partial / AT1R,AT1 受体拮抗兼 PPAR-gamma 部分激动，文献报道减轻肝细胞脂肪变,0.274,无明确优势骨架命中,,,0.0,0.2738,O=c1cnc2ccccc2[nH]1,0.6263
1541,T7104,692737-80-7,CN1CCN(c2ccc3nc(-c4c(N)c5c(F)cccc5[nH]c4=O)[nH]c3c2)CC1,C21H21FN6O,392.44,2.54,94.04,3,5,2,4,5,0.238,29,1,0,none,0.9653,0.9989,0.9787,T6289;T6479;T7104,TVB-2640 (Denifanstat),FASN,脂肪酸合酶 beta-酮脂酰还原酶结构域抑制剂，直接阻断棕榈酸从头合成,0.13,无明确优势骨架命中,,,0.0,0.13,O=c1[nH]c2ccccc2cc1-c1nc2ccc(N3CCNCC3)cc2[nH]1,0.5544
1542,T6735,2062200-97-7,O=c1nc([C@@H]2CCCN2)[nH]c2c1oc1ccc(Cl)cc12,C14H12ClN3O2,289.72,2.75,70.92,2,4,1,3,4,0.286,20,1,0,none,0.9959,0.9529,0.9787,T3352;T6735,Perhexiline,CPT1/CPT2 (抑制剂),CPT 抑制剂，代谢转向葡萄糖氧化；已知具肝毒性风险，用作毒性锚点,0.141,无明确优势骨架命中,,,0.0,0.1406,O=c1nc(C2CCCN2)[nH]c2c1oc1ccccc12,0.5596
1543,T1421,89796-99-6,O=C(O)COC(=O)Cc1ccccc1Nc1c(Cl)cccc1Cl,C16H13Cl2NO4,354.19,3.91,75.63,2,4,6,2,2,0.125,23,2,0,none,0.9642,1.0,0.9785,T1421,Etomoxir,CPT1a (抑制剂/阴性对照),CPT1 不可逆抑制剂，作为脂肪酸氧化通路机制阴性对照,0.197,无明确优势骨架命中,,,0.0,0.197,c1ccc(Nc2ccccc2)cc1,0.5878
1544,T14666,18200-13-0,c1ccc(-c2nnn[nH]2)c(Nc2cccc3c2CCCC3)c1,C17H17N5,291.36,3.49,66.49,2,4,3,3,4,0.235,22,0,0,none,1.0,0.9463,0.9785,T14666,Salicylate,"AMPK (direct, beta1)",直接结合 AMPK beta1 变构位点，抑制脂肪生成,0.14,无明确优势骨架命中,,,0.0,0.14,c1ccc(-c2nnn[nH]2)c(Nc2cccc3c2CCCC3)c1,0.5592
1545,T24402,1112978-84-3,O=C1N=C(Nc2ccccc2)N/C1=C\c1ccc2c(c1)OCO2,C17H13N3O3,307.31,2.35,71.95,2,5,2,2,4,0.059,23,0,0,none,0.9952,0.9534,0.9785,T24402,Berberine,AMPK / PCSK9 / LDLR,原小檗碱型生物碱，激活 AMPK 并稳定 LDLR mRNA，HepG2 经典降脂阳性对照,0.154,无明确优势骨架命中,,,0.0,0.1538,O=C1N=C(Nc2ccccc2)NC1=Cc1ccc2c(c1)OCO2,0.5662
1546,T34256,244081-42-3,C[C@H](Cc1c[nH]c2c(OCC(=O)O)cccc12)NC[C@H](O)c1cccc(Cl)c1,C21H23ClN2O4,402.88,3.54,94.58,4,4,9,3,3,0.286,28,1,0,none,0.9781,0.9789,0.9784,T34256,GW501516,PPAR-delta,PPAR-delta 选择性激动，提升肝与骨骼肌脂肪酸氧化,0.196,无明确优势骨架命中,,,0.0,0.1957,c1ccc(CCNCCc2c[nH]c3ccccc23)cc1,0.5871
1547,T77512,941185-83-7,NC(=O)c1c(NC(=O)c2ccc3nc[nH]c3c2)sc2c1CCCC2,C17H16N4O2S,340.41,2.85,100.87,3,4,3,3,4,0.235,24,0,0,none,0.9639,1.0,0.9784,T77512,GW4064,FXR,非甾体高效 FXR 激动剂工具化合物，抑制 DNL 相关转录程序,0.155,无明确优势骨架命中,,,0.0,0.1546,O=C(Nc1cc2c(s1)CCCC2)c1ccc2nc[nH]c2c1,0.5665
1548,T68173,140841-32-3,COC1(c2cc(F)cc(OCc3ccc4c(ccc(=O)n4C)c3)c2)CCOCC1,C23H24FNO4,397.45,3.91,49.69,0,4,5,3,4,0.348,29,1,0,none,0.9639,1.0,0.9783,T68173,ACC inhibitor chemotype (firsocostat-like proxy),ACC1/ACC2,变构抑制乙酰辅酶A羧化酶，降低丙二酰辅酶A、阻断新发脂质合成(DNL)并解除 CPT1 抑制,0.207,无明确优势骨架命中,,,0.0,0.2069,O=c1ccc2cc(COc3cccc(C4CCOCC4)c3)ccc2[nH]1,0.5926
1549,T9580,607368-97-8,Nc1nonc1-c1nc2cnccc2n1C1CCCCC1,C14H16N6O,284.32,2.57,95.65,1,6,2,3,4,0.429,21,0,0,none,0.9899,0.9609,0.9783,T9580,Ervogastat (PF-06865571),DGAT2,口服 DGAT2 抑制剂，降低肝内甘油三酯合成与 VLDL 分泌,0.152,无明确优势骨架命中,,,0.0,0.1519,c1cc2c(cn1)nc(-c1cnon1)n2C1CCCCC1,0.5651
1550,T11760,610753-87-2,CS(=O)(=O)Oc1ccc2c(=O)c(-c3ccc(Br)cc3)coc2c1,C16H11BrO5S,395.23,3.56,73.58,0,5,3,3,3,0.062,23,1,0,none,0.9992,0.9471,0.9783,T11760,Ciprofibrate,PPAR-alpha,长效贝特类，诱导过氧化物酶体增殖与脂肪酸 beta-氧化,0.138,无明确优势骨架命中,,,0.0,0.1385,O=c1c(-c2ccccc2)coc2ccccc12,0.5584
1551,T88594,2879251-63-3,CCN1CCCCC1C(C)Oc1ccc2c(c1)CN(C1CCC(=O)NC1=O)C2=O,C22H29N3O4,399.49,2.09,78.95,1,5,5,1,4,0.591,29,0,0,none,0.9636,1.0,0.9782,T88594,Pioglitazone,PPAR-gamma,噻唑烷二酮胰岛素增敏剂，促进脂肪组织脂质再分布、降低肝细胞脂毒性,0.169,哌嗪/哌啶杂芳基甲酰胺,SCD1 / DGAT2,脂质酶抑制剂常见的环胺-酰胺连接模式，倾向作用于 SCD1/DGAT2 等内质网膜结合型脂质合成酶,0.55,0.416,O=C1CCC(N2Cc3cc(OCC4CCCCN4)ccc3C2=O)C(=O)N1,0.6971
1552,T4424,2095704-43-9,Nc1n[nH]c2cc(-c3ccc(=O)n(Cc4cccc(Cl)c4)c3)ccc12,C19H15ClN4O,350.81,3.68,76.7,2,3,3,4,4,0.053,25,1,0,none,0.9636,1.0,0.9782,T4424,Telmisartan,PPAR-gamma partial / AT1R,AT1 受体拮抗兼 PPAR-gamma 部分激动，文献报道减轻肝细胞脂肪变,0.151,无明确优势骨架命中,,,0.0,0.1505,O=c1ccc(-c2ccc3cn[nH]c3c2)cn1Cc1ccccc1,0.5644
1553,T1817,778270-11-4,NC(=O)c1cccc(-c2cc(Nc3ccc(OC(F)(F)F)cc3)ncn2)c1,C18H13F3N4O2,374.32,3.88,90.13,2,5,5,3,3,0.056,27,3,0,none,0.9679,0.9936,0.9782,T1817,TVB-2640 (Denifanstat),FASN,脂肪酸合酶 beta-酮脂酰还原酶结构域抑制剂，直接阻断棕榈酸从头合成,0.233,无明确优势骨架命中,,,0.0,0.2326,c1ccc(Nc2cc(-c3ccccc3)ncn2)cc1,0.6054
1554,T7088,35367-38-5,O=C(NC(=O)c1c(F)cccc1F)Nc1ccc(Cl)cc1,C14H9ClF2N2O2,310.69,3.58,58.2,2,2,2,2,2,0.0,21,3,0,none,0.9986,0.9478,0.9782,T7088,Bezafibrate,PPAR pan,泛 PPAR 弱激动剂，降低血浆与肝内甘油三酯,0.217,无明确优势骨架命中,,,0.0,0.2167,O=C(NC(=O)c1ccccc1)Nc1ccccc1,0.5974
1555,T9887,2738381-94-5,CCOC(=O)c1c(C)nc(-c2cccc(C#N)c2)n1OCc1ccc(C#N)cc1,C22H18N4O3,386.41,3.41,100.93,0,6,6,3,3,0.182,29,0,0,none,0.9635,1.0,0.9781,T9887,Pioglitazone,PPAR-gamma,噻唑烷二酮胰岛素增敏剂，促进脂肪组织脂质再分布、降低肝细胞脂毒性,0.188,无明确优势骨架命中,,,0.0,0.1875,c1ccc(COn2ccnc2-c2ccccc2)cc1,0.5828
1556,T9275,2603528-97-6,Cc1cccc(N(C)C(=O)[C@@H]2[C@H](O)CCN2c2nc(C)cc(C(F)(F)F)c2C#N)c1,C21H21F3N4O2,418.42,3.19,80.46,1,5,3,2,3,0.381,30,3,0,none,1.0,0.9452,0.9781,T9275,TVB-2640 (Denifanstat),FASN,脂肪酸合酶 beta-酮脂酰还原酶结构域抑制剂，直接阻断棕榈酸从头合成,0.19,无明确优势骨架命中,,,0.0,0.19,O=C(Nc1ccccc1)C1CCCN1c1ccccn1,0.584
1557,T2132,33386-08-2,O=C1CC2(CCCC2)CC(=O)N1CCCCN1CCN(c2ncccn2)CC1,C21H31N5O2,385.51,2.09,69.64,0,6,6,1,4,0.714,28,0,0,none,0.9634,1.0,0.9781,T21011;T2132,PF-06424439 (DGAT2i),DGAT2,二酰甘油酰基转移酶2 抑制剂，直接阻断甘油三酯酯化终末步骤,0.171,无明确优势骨架命中,,,0.0,0.1714,O=C1CC2(CCCC2)CC(=O)N1CCCCN1CCN(c2ncccn2)CC1,0.5748
1558,T2542,179474-81-8,COCCCN1CCC(NC(=O)c2cc(Cl)c(N)c3c2OCC3)CC1,C18H26ClN3O3,367.88,2.09,76.82,2,5,6,1,3,0.611,25,1,0,none,0.9633,1.0,0.978,T2542;T6958,TVB-2640 (Denifanstat),FASN,脂肪酸合酶 beta-酮脂酰还原酶结构域抑制剂，直接阻断棕榈酸从头合成,0.253,无明确优势骨架命中,,,0.0,0.2527,O=C(NC1CCNCC1)c1cccc2c1OCC2,0.6153
1559,T4S1951,19685-10-0,CC[C@@]1(O)C(=O)OCc2c1cc1n(c2=O)Cc2cc3cc(OC)ccc3nc2-1,C21H18N2O5,378.38,2.09,90.65,1,6,2,3,5,0.286,28,0,0,none,0.9633,1.0,0.978,T4S1951,GW4064,FXR,非甾体高效 FXR 激动剂工具化合物，抑制 DNL 相关转录程序,0.176,无明确优势骨架命中,,,0.0,0.1765,O=C1Cc2cc3n(c(=O)c2CO1)Cc1cc2ccccc2nc1-3,0.5772
1560,T5S1952,39026-92-1,CC[C@@]1(O)C(=O)OCc2c1cc1n(c2=O)Cc2cc3c(OC)cccc3nc2-1,C21H18N2O5,378.38,2.09,90.65,1,6,2,3,5,0.286,28,0,0,none,0.9633,1.0,0.978,T5S1952,ACC inhibitor chemotype (firsocostat-like proxy),ACC1/ACC2,变构抑制乙酰辅酶A羧化酶，降低丙二酰辅酶A、阻断新发脂质合成(DNL)并解除 CPT1 抑制,0.222,无明确优势骨架命中,,,0.0,0.2222,O=C1Cc2cc3n(c(=O)c2CO1)Cc1cc2ccccc2nc1-3,0.6001
1561,T14546,78499-27-1,Cc1ccc2c(c1)CC(=O)c1cc(C(C)C(=O)O)ccc1O2,C18H16O4,296.32,3.71,63.6,1,3,2,2,3,0.222,22,0,0,none,0.9898,0.9604,0.978,T14546,Gemfibrozil,PPAR-alpha,苯氧戊酸类 PPAR-alpha 激动剂，抑制肝脏 VLDL-TG 分泌,0.23,二芳醚/二芳酮 + 羧酸,PPAR / THR-beta (通用核受体),核受体配体常见的疏水二芳基骨架 + 酸性头基组合，倾向结合 PPAR/THR 等脂代谢核受体配体口袋,0.5,0.4545,O=C1Cc2ccccc2Oc2ccccc21,0.7163
1562,T8730,2001559-19-7,N#Cc1cnc2ccc(-c3c(-c4ccc(F)c(Cl)c4)ncn3CCO)nn12,C18H12ClFN6O,382.79,2.92,92.03,1,5,4,4,4,0.111,27,2,0,none,0.9692,0.9911,0.978,T8730,A-769662,"AMPK (direct, beta1)",直接变构激活 AMPK beta1 亚基，磷酸化 ACC1/2 抑制 DNL,0.153,无明确优势骨架命中,,,0.0,0.1529,c1ccc(-c2nc[nH]c2-c2ccc3nccn3n2)cc1,0.5654
1563,T34081,946846-83-9,COc1ccc2[nH]cc(CCNC(=O)c3cc(=O)cco3)c2c1,C17H16N2O4,312.33,2.1,84.33,2,4,5,3,3,0.176,23,0,0,none,0.9658,0.996,0.9779,T34081,Bezafibrate,PPAR pan,泛 PPAR 弱激动剂，降低血浆与肝内甘油三酯,0.264,无明确优势骨架命中,,,0.0,0.2639,O=C(NCCc1c[nH]c2ccccc12)c1cc(=O)cco1,0.6209
1564,T0230,150322-43-3,CC(=O)Oc1cc2c(s1)CCN(C(C(=O)C1CC1)c1ccccc1F)C2,C20H20FNO3S,373.45,3.89,46.61,0,5,5,2,4,0.4,26,1,0,none,0.9632,1.0,0.9779,T0230;T6952,Lanifibranor,PPAR pan (alpha/delta/gamma),泛 PPAR 激动，促进 beta-氧化、抑制脂肪生成与炎症纤维化,0.167,无明确优势骨架命中,,,0.0,0.1667,O=C(C1CC1)C(c1ccccc1)N1CCc2sccc2C1,0.5723
1565,T6695,254964-60-8,COc1cccc2c1c(O)c(C(=O)N(C)c1ccc(C(F)(F)F)cc1)c(=O)n2C,C20H17F3N2O4,406.36,3.55,71.77,1,4,3,3,3,0.2,29,3,0,none,0.9995,0.9456,0.9779,T6695,Ranolazine,pFOX / 晚钠电流,部分脂肪酸氧化抑制，改善代谢底物利用,0.207,无明确优势骨架命中,,,0.0,0.2073,O=C(Nc1ccccc1)c1cc2ccccc2[nH]c1=O,0.5926
1566,T28255,178040-94-3,CC[C@H]1C(=O)Nc2ccc(F)cc2N1C(=O)OC(C)C,C14H17FN2O3,280.3,2.91,58.64,1,3,2,1,2,0.429,20,1,0,none,1.0,0.9448,0.9779,T28255,Ezetimibe,NPC1L1,抑制胆固醇再摄取，降低肝内胆固醇酯负荷,0.192,无明确优势骨架命中,,,0.0,0.1918,O=C1CNc2ccccc2N1,0.5848
1567,T60625,1287766-55-5,CC(C)n1cc(C#N)c2cc(-n3cc(C(=O)O)cn3)ccc21,C16H14N4O2,294.31,2.98,83.84,1,3,3,3,3,0.188,22,0,0,none,1.0,0.9448,0.9779,T60625,Nicotinic acid (Niacin),HCAR2 / DGAT2,抑制脂肪组织脂解并弱抑制 DGAT2，减少肝内 VLDL 底物供应,0.218,无明确优势骨架命中,,,0.0,0.2182,c1cnn(-c2ccc3[nH]ccc3c2)c1,0.598
1568,T7214,1221186-53-3,Cn1c2cc(S(C)=O)sc2c2cnn(Cc3cccc(N)c3)c(=O)c21,C17H16N4O2S2,372.48,2.32,82.91,1,5,3,4,4,0.176,25,0,0,none,0.9631,1.0,0.9778,T7214,Pentoxifylline,PDE / TNF-alpha,非选择性磷酸二酯酶抑制剂，降低肝脏炎症与脂质沉积,0.152,无明确优势骨架命中,,,0.0,0.1519,O=c1c2[nH]c3ccsc3c2cnn1Cc1ccccc1,0.5648
1569,T2385,761423-87-4,OC[C@H]1O[C@@H](c2ccc(F)c(Cc3cc4ccccc4s3)c2)[C@H](O)[C@@H](O)[C@@H]1O,C21H21FO5S,404.46,2.15,90.15,4,6,4,3,4,0.333,28,1,0,none,0.9727,0.9855,0.9778,T2385,AICAR,AMPK (AMP mimetic),细胞内转化为 ZMP 模拟 AMP 别构激活 AMPK,0.214,无明确优势骨架命中,,,0.0,0.2143,c1cc(Cc2cc3ccccc3s2)cc(C2CCCCO2)c1,0.596
1570,T27221,330461-34-2,O=C(NCc1ccccc1)c1ccc(Cl)c(S(=O)(=O)N2CCCCCC2)c1,C20H23ClN2O3S,406.94,3.83,66.48,1,3,5,2,3,0.35,27,1,0,none,0.9755,0.981,0.9777,T27221,Lanifibranor,PPAR pan (alpha/delta/gamma),泛 PPAR 激动，促进 beta-氧化、抑制脂肪生成与炎症纤维化,0.294,无明确优势骨架命中,,,0.0,0.2941,O=C(NCc1ccccc1)c1cccc(S(=O)(=O)N2CCCCCC2)c1,0.6359
1571,T27335,23779-99-9,O=C(OCC(O)CO)c1ccccc1Nc1ccnc2c(C(F)(F)F)cccc12,C20H17F3N2O4,406.36,3.51,91.68,3,6,6,3,3,0.2,29,3,0,none,0.9991,0.9456,0.9777,T27335,Ranolazine,pFOX / 晚钠电流,部分脂肪酸氧化抑制，改善代谢底物利用,0.214,无明确优势骨架命中,,,0.0,0.2143,c1ccc(Nc2ccnc3ccccc23)cc1,0.596
1572,T87946,,C[C@H]1CCCN1Cc1cc2cnc(NC(=O)c3ccc4c(cnn4C)c3)cc2[nH]1,C22H24N6O,388.48,3.69,78.84,2,4,4,4,5,0.318,29,0,0,none,0.9628,1.0,0.9777,T87946,Ervogastat (PF-06865571),DGAT2,口服 DGAT2 抑制剂，降低肝内甘油三酯合成与 VLDL 分泌,0.209,无明确优势骨架命中,,,0.0,0.2088,O=C(Nc1cc2[nH]c(CN3CCCC3)cc2cn1)c1ccc2[nH]ncc2c1,0.5933
1573,T12886,2255338-25-9,C[C@H]1CCCN1Cc1nc2ccc(NC(=O)c3ccc4c(cnn4C)c3)cc2[nH]1,C22H24N6O,388.48,3.69,78.84,2,4,4,4,5,0.318,29,0,0,none,0.9628,1.0,0.9777,T12886,Ervogastat (PF-06865571),DGAT2,口服 DGAT2 抑制剂，降低肝内甘油三酯合成与 VLDL 分泌,0.17,无明确优势骨架命中,,,0.0,0.1702,O=C(Nc1ccc2nc(CN3CCCC3)[nH]c2c1)c1ccc2[nH]ncc2c1,0.574
1574,T72958,688050-42-2,NC(=O)c1c(NC(=O)c2cc(-c3ccc(F)cc3)on2)sc2c1CCCC2,C19H16FN3O3S,385.42,3.77,98.22,2,5,4,3,4,0.211,27,1,0,none,0.9626,1.0,0.9776,T72958,Atorvastatin,HMGCR,HMG-CoA 还原酶抑制，降低胆固醇合成并上调 LDLR,0.202,无明确优势骨架命中,,,0.0,0.2022,O=C(Nc1cc2c(s1)CCCC2)c1cc(-c2ccccc2)on1,0.5899
1575,T10048,387-79-1,CC(=O)[C@@]1(O)CC[C@H]2[C@@H]3CC=C4C[C@@H](O)CC[C@]4(C)[C@H]3CC[C@@]21C,C21H32O3,332.48,3.63,57.53,2,3,1,0,4,0.857,24,0,0,none,0.9626,1.0,0.9776,T10048,Chenodeoxycholic acid,FXR,内源性 FXR 配体，调控胆汁酸稳态并抑制肝脏脂肪生成,0.205,无明确优势骨架命中,,,0.0,0.2055,C1=C2CCCCC2C2CCC3CCCC3C2C1,0.5916
1576,T1312,7177-50-6,CCOc1ccc2ccccc2c1C(=O)N[C@@H]1C(=O)N2[C@@H]1SC(C)(C)[C@@H]2C(=O)O,C21H22N2O5S,414.48,2.48,95.94,2,5,5,2,4,0.381,29,0,0,none,0.9888,0.9608,0.9776,T1312,TVB-2640 (Denifanstat),FASN,脂肪酸合酶 beta-酮脂酰还原酶结构域抑制剂，直接阻断棕榈酸从头合成,0.175,无明确优势骨架命中,,,0.0,0.1753,O=C(NC1C(=O)N2CCSC12)c1cccc2ccccc12,0.5764
1577,T39817,2290635-22-0,CS(=O)c1ccc(/C=C/c2cc(=O)c3ccccc3o2)cc1,C18H14O3S,310.37,3.7,47.28,0,3,3,3,3,0.056,22,0,0,none,0.9887,0.9608,0.9775,T39817,Fluvastatin,HMGCR,全合成 HMGCR 抑制剂,0.141,无明确优势骨架命中,,,0.0,0.141,O=c1cc(C=Cc2ccccc2)oc2ccccc12,0.5592
1578,T9033,304456-62-0,NC(=O)c1ccccc1N=Cc1ccc(Br)s1,C12H9BrN2OS,309.19,3.36,55.45,1,3,3,2,2,0.0,17,1,0,none,1.0,0.9438,0.9775,T9033,Salicylate,"AMPK (direct, beta1)",直接结合 AMPK beta1 变构位点，抑制脂肪生成,0.233,无明确优势骨架命中,,,0.0,0.2326,C(=Nc1ccccc1)c1cccs1,0.605
1579,T81412,195532-12-8,N#Cc1c(N2C[C@@H]3CCCN[C@@H]3C2)c(F)cc2c(=O)c(C(=O)O)cn(C3CC3)c12,C21H21FN4O3,396.42,2.23,98.36,2,5,3,2,5,0.476,29,1,0,none,0.9626,1.0,0.9775,T81412,A-769662,"AMPK (direct, beta1)",直接变构激活 AMPK beta1 亚基，磷酸化 ACC1/2 抑制 DNL,0.133,无明确优势骨架命中,,,0.0,0.1333,O=c1ccn(C2CC2)c2cc(N3CC4CCCNC4C3)ccc12,0.5554
1580,T4634,2009273-71-4,CCc1c(-c2ccc(C(=O)NC)nc2)cnc(N)c1-c1ccc(O)cc1,C20H20N4O2,348.41,3.02,101.13,3,5,4,3,3,0.15,26,0,0,none,0.9623,1.0,0.9774,T4634,AICAR,AMPK (AMP mimetic),细胞内转化为 ZMP 模拟 AMP 别构激活 AMPK,0.171,无明确优势骨架命中,,,0.0,0.1714,c1ccc(-c2cncc(-c3cccnc3)c2)cc1,0.5744
1581,T70584,146931-12-6,O=C(O)C1CCN(C(=S)SSC(=S)N2CCC(C(=O)O)CC2)CC1,C14H20N2O4S4,408.59,2.53,81.08,2,6,2,0,2,0.714,24,0,0,none,0.9705,0.9876,0.9773,T70584,PF-06424439 (DGAT2i),DGAT2,二酰甘油酰基转移酶2 抑制剂，直接阻断甘油三酯酯化终末步骤,0.222,无明确优势骨架命中,,,0.0,0.2222,S=C(SSC(=S)N1CCCCC1)N1CCCCC1,0.5998
1582,T200419,294891-81-9,O=C(Cc1ccccc1)Nc1cccc(C(=O)Nc2ccccc2C(=O)O)c1,C22H18N2O4,374.4,3.82,95.5,3,3,6,3,3,0.045,28,0,0,none,0.9682,0.9909,0.9773,T200419,Salicylate,"AMPK (direct, beta1)",直接结合 AMPK beta1 变构位点，抑制脂肪生成,0.289,无明确优势骨架命中,,,0.0,0.2889,O=C(Cc1ccccc1)Nc1cccc(C(=O)Nc2ccccc2)c1,0.6331
1583,T37875,54029-20-8,COC(=O)Nc1nc2ccc(S(=O)(=O)c3ccccc3)cc2[nH]1,C15H13N3O4S,331.35,2.57,101.15,2,5,3,3,3,0.067,23,0,0,none,0.9621,1.0,0.9773,T37875,Ranolazine,pFOX / 晚钠电流,部分脂肪酸氧化抑制，改善代谢底物利用,0.184,无明确优势骨架命中,,,0.0,0.1842,O=S(=O)(c1ccccc1)c1ccc2nc[nH]c2c1,0.5808
1584,T203814,1020634-41-6,CCn1cc(C(=O)N2CCOCC2)c(=O)c2cc(NC3Cc4ccccc4C3)cnc21,C24H26N4O3,418.5,2.47,76.46,1,5,4,3,5,0.375,31,0,0,none,0.9998,0.9434,0.9772,T203814,PF-06424439 (DGAT2i),DGAT2,二酰甘油酰基转移酶2 抑制剂，直接阻断甘油三酯酯化终末步骤,0.263,哌嗪/哌啶杂芳基甲酰胺,SCD1 / DGAT2,脂质酶抑制剂常见的环胺-酰胺连接模式，倾向作用于 SCD1/DGAT2 等内质网膜结合型脂质合成酶,0.55,0.51,O=C(c1c[nH]c2ncc(NC3Cc4ccccc4C3)cc2c1=O)N1CCOCC1,0.7436
1585,TQ0083,1883548-89-7,COc1cc(C#N)ccc1S(=O)(=O)Nc1ccc2c(c1)cc(C)c(=O)n2C,C19H17N3O4S,383.43,2.53,101.19,1,5,4,3,3,0.158,27,0,0,none,0.9619,1.0,0.9771,TQ0083,Ranolazine,pFOX / 晚钠电流,部分脂肪酸氧化抑制，改善代谢底物利用,0.19,无明确优势骨架命中,,,0.0,0.1905,O=c1ccc2cc(NS(=O)(=O)c3ccccc3)ccc2[nH]1,0.5838
1586,T3285,236395-14-5,CC(=O)O[C@H]1Cc2ccccc2N(C(N)=O)c2ccccc21,C17H16N2O3,296.33,3.06,72.63,1,3,1,2,3,0.176,22,0,0,none,0.9959,0.9489,0.9771,T3285,Ciprofibrate,PPAR-alpha,长效贝特类，诱导过氧化物酶体增殖与脂肪酸 beta-氧化,0.183,无明确优势骨架命中,,,0.0,0.1833,c1ccc2c(c1)CCc1ccccc1N2,0.5802
1587,T15722,76956-02-0,Cn1nc(CO)nc1NCCCOc1cccc(CN2CCCCC2)c1,C19H29N5O2,359.47,2.17,75.44,2,6,9,2,3,0.579,26,0,0,none,0.9618,1.0,0.9771,T15722,Ranolazine,pFOX / 晚钠电流,部分脂肪酸氧化抑制，改善代谢底物利用,0.172,无明确优势骨架命中,,,0.0,0.1724,c1cc(CN2CCCCC2)cc(OCCCNc2ncn[nH]2)c1,0.5748
1588,T60653,909861-78-5,COc1cccc(-c2cc(C(=O)NCc3ccco3)no2)c1,C16H14N2O4,298.3,2.87,77.5,1,5,5,3,3,0.125,22,0,0,none,1.0,0.9426,0.977,T60653,GW4064,FXR,非甾体高效 FXR 激动剂工具化合物，抑制 DNL 相关转录程序,0.185,无明确优势骨架命中,,,0.0,0.1848,O=C(NCc1ccco1)c1cc(-c2ccccc2)on1,0.5809
1589,T13134,1026016-83-0,COc1cc2c(cc1OC)[C@H]1CC(=O)[C@H](CC(C)C)CN1CC2,C19H27NO3,317.43,3.24,38.77,0,4,4,1,3,0.632,23,0,0,none,0.9616,1.0,0.977,T13134,Ranolazine,pFOX / 晚钠电流,部分脂肪酸氧化抑制，改善代谢底物利用,0.195,无明确优势骨架命中,,,0.0,0.1948,O=C1CCN2CCc3ccccc3C2C1,0.5859
1590,T12918,1431411-60-7,CC(C)(C)C(=O)NCCC1CCN(c2ncnc3cc(C(N)=O)sc23)CC1,C19H27N5O2S,389.53,2.56,101.21,2,6,5,2,3,0.579,27,0,0,none,0.9617,1.0,0.977,T12918,TVB-2640 (Denifanstat),FASN,脂肪酸合酶 beta-酮脂酰还原酶结构域抑制剂，直接阻断棕榈酸从头合成,0.196,无明确优势骨架命中,,,0.0,0.1957,c1nc(N2CCCCC2)c2sccc2n1,0.5864
1591,T3198L,75136-54-8,O=C(OCCN1CCOCC1)C1(c2ccccc2)CCCCC1,C19H27NO3,317.43,2.76,38.77,0,4,5,1,3,0.632,23,0,0,none,0.9616,1.0,0.977,T3198L,ACC inhibitor chemotype (firsocostat-like proxy),ACC1/ACC2,变构抑制乙酰辅酶A羧化酶，降低丙二酰辅酶A、阻断新发脂质合成(DNL)并解除 CPT1 抑制,0.247,无明确优势骨架命中,,,0.0,0.2466,O=C(OCCN1CCOCC1)C1(c2ccccc2)CCCCC1,0.6118
1592,T25381,73090-70-7,CCOc1cc(Cc2cnc(N)nc2N)cc(OCC)c1-n1cccc1,C19H23N5O2,353.43,2.82,101.21,2,6,7,3,3,0.263,26,0,0,none,0.9617,1.0,0.977,T25381,GW501516,PPAR-delta,PPAR-delta 选择性激动，提升肝与骨骼肌脂肪酸氧化,0.145,无明确优势骨架命中,,,0.0,0.1446,c1ccn(-c2ccc(Cc3cncnc3)cc2)c1,0.5608
1593,T2418,1166227-08-2,Cc1nc(NC(=O)N2CCC[C@H]2C(N)=O)sc1-c1csc(C(C)(C)C)n1,C17H23N5O2S2,393.54,3.35,101.21,2,6,3,2,3,0.529,26,0,0,none,0.9617,1.0,0.977,T2418,TVB-2640 (Denifanstat),FASN,脂肪酸合酶 beta-酮脂酰还原酶结构域抑制剂，直接阻断棕榈酸从头合成,0.191,杂芳基脲 (DGAT2/SCD1 型),DGAT2 / SCD1,杂芳基脲连接的哌啶醚母核，抑制 DGAT2 或 SCD1，减少甘油三酯与单不饱和脂肪酸生成，降低脂滴体积,0.68,0.4975,O=C(Nc1ncc(-c2cscn2)s1)N1CCCC1,0.7372
1594,T3534,718635-93-9,COc1cc2c(cc1OC)C1CC(=O)C(CC(C)C)CN1CC2,C19H27NO3,317.43,3.24,38.77,0,4,4,1,3,0.632,23,0,0,none,0.9616,1.0,0.977,T3534,Ranolazine,pFOX / 晚钠电流,部分脂肪酸氧化抑制，改善代谢底物利用,0.195,无明确优势骨架命中,,,0.0,0.1948,O=C1CCN2CCc3ccccc3C2C1,0.5859
1595,T0719,58-46-8,COc1cc2c(cc1OC)[C@@H]1CC(=O)[C@@H](CC(C)C)CN1CC2,C19H27NO3,317.43,3.24,38.77,0,4,4,1,3,0.632,23,0,0,none,0.9616,1.0,0.977,T0719,Ranolazine,pFOX / 晚钠电流,部分脂肪酸氧化抑制，改善代谢底物利用,0.195,无明确优势骨架命中,,,0.0,0.1948,O=C1CCN2CCc3ccccc3C2C1,0.5859
1596,T1052,6620-60-6,CCCN(CCC)C(=O)C(CCC(=O)O)NC(=O)c1ccccc1,C18H26N2O4,334.42,2.3,86.71,2,3,10,1,1,0.5,24,0,0,none,0.9614,1.0,0.9769,T1052,DHA (Docosahexaenoic acid),PPAR-alpha / SREBP-1c,omega-3 多不饱和脂肪酸，降低肝内 TG 与脂毒性,0.224,无明确优势骨架命中,,,0.0,0.2245,c1ccccc1,0.6007
1597,T87659,1016340-64-9,Cc1ccc(Nc2nc(NCCO)c3ccccc3n2)cc1,C17H18N4O,294.36,3.09,70.07,3,5,5,3,3,0.176,22,0,0,none,1.0,0.9422,0.9769,T87659,Telmisartan,PPAR-gamma partial / AT1R,AT1 受体拮抗兼 PPAR-gamma 部分激动，文献报道减轻肝细胞脂肪变,0.193,无明确优势骨架命中,,,0.0,0.1928,c1ccc(Nc2ncc3ccccc3n2)cc1,0.5848
1598,T23897,1005784-60-0,CC(C)(CO)c1ccc(C(=O)Nc2cn3cc(-c4cn[nH]c4)ccc3n2)cc1,C21H21N5O2,375.43,3.25,95.31,3,4,5,4,4,0.19,28,0,0,none,0.9616,1.0,0.9769,T23897,Bezafibrate,PPAR pan,泛 PPAR 弱激动剂，降低血浆与肝内甘油三酯,0.224,无明确优势骨架命中,,,0.0,0.2237,O=C(Nc1cn2cc(-c3cn[nH]c3)ccc2n1)c1ccccc1,0.6003
1599,T61362,2639542-32-6,CN1CCC([C@@](C)(O)c2ccc3cnc(Nc4ccccc4)cc3n2)CC1,C22H26N4O,362.48,3.92,61.28,2,5,4,3,4,0.364,27,0,0,none,0.9615,1.0,0.9769,T61362,Ervogastat (PF-06865571),DGAT2,口服 DGAT2 抑制剂，降低肝内甘油三酯合成与 VLDL 分泌,0.198,无明确优势骨架命中,,,0.0,0.1975,c1ccc(Nc2cc3nc(CC4CCNCC4)ccc3cn2)cc1,0.5872
1600,T1403,38083-17-9,CC(C)(C)C(=O)C(Oc1ccc(Cl)cc1)n1ccnc1,C15H17ClN2O2,292.77,3.73,44.12,0,3,4,2,2,0.333,20,1,0,none,0.9774,0.9758,0.9768,T1403,Fenofibric acid,PPAR-alpha,激活 PPAR-alpha 上调 CPT1/ACOX1，增强线粒体与过氧化物酶体脂肪酸氧化,0.327,无明确优势骨架命中,,,0.0,0.3269,c1ccc(OCn2ccnc2)cc1,0.6518
1601,T26795,1478364-68-9,CC(C)(C)NC(=O)c1ccc(OC/C(=C/F)CN)cc1,C15H21FN2O2,280.34,2.41,64.35,2,3,5,1,1,0.4,20,1,0,none,0.998,0.945,0.9768,T26795,Bezafibrate,PPAR pan,泛 PPAR 弱激动剂，降低血浆与肝内甘油三酯,0.29,无明确优势骨架命中,,,0.0,0.2903,c1ccccc1,0.6336
1602,T3464,179068-02-1,O=C(Nc1ccccc1)C12CC1C(=NO)c1ccccc1O2,C17H14N2O3,294.31,2.65,70.92,2,4,2,2,4,0.176,22,0,0,none,1.0,0.942,0.9768,T3464,Salicylate,"AMPK (direct, beta1)",直接结合 AMPK beta1 变构位点，抑制脂肪生成,0.204,无明确优势骨架命中,,,0.0,0.2041,N=C1c2ccccc2OC2(C(=O)Nc3ccccc3)CC12,0.5904
1603,T26366,651-48-9,C[C@]12CC[C@H](OS(=O)(=O)O)CC1=CC[C@@H]1[C@@H]2CC[C@]2(C)C(=O)CC[C@@H]12,C19H28O5S,368.5,3.71,80.67,1,4,2,0,4,0.842,25,0,0,none,0.961,1.0,0.9766,T26366,ACC inhibitor chemotype (firsocostat-like proxy),ACC1/ACC2,变构抑制乙酰辅酶A羧化酶，降低丙二酰辅酶A、阻断新发脂质合成(DNL)并解除 CPT1 抑制,0.146,无明确优势骨架命中,,,0.0,0.1463,O=C1CCC2C1CCC1C3CCCCC3=CCC21,0.5614
1604,T60733,1426928-20-2,C[C@H](CN)Oc1ccc2ncc(-c3cc4ccccc4o3)n2n1,C17H16N4O2,308.34,2.87,78.58,1,5,4,4,4,0.176,23,0,0,none,0.9705,0.9856,0.9765,T60733,GW4064,FXR,非甾体高效 FXR 激动剂工具化合物，抑制 DNL 相关转录程序,0.168,无明确优势骨架命中,,,0.0,0.1684,c1ccc2oc(-c3cnc4cccnn34)cc2c1,0.5724
1605,T62677,2751586-94-2,CC1(C)c2nc(-c3ccc(F)cc3)c(Nc3ccc(F)cc3)n2CCN1C(=O)CN,C22H23F2N5O,411.46,3.61,76.18,2,4,4,3,4,0.273,30,2,0,none,0.9974,0.9453,0.9765,T27400L;T62677,Rosuvastatin,HMGCR,亲水性强效 HMGCR 抑制剂，肝选择性摄取(OATP1B1),0.216,无明确优势骨架命中,,,0.0,0.2159,c1ccc(Nc2c(-c3ccccc3)nc3n2CCNC3)cc1,0.5962
1606,T16761,2171386-10-8,O=c1[nH]c(N2CCC3(CC2)CN(CCO)c2cc(F)cc(F)c23)nc2c1CCCC2,C22H26F2N4O2,416.47,2.28,72.46,2,5,3,2,5,0.545,30,2,0,none,0.989,0.9578,0.9765,T16761,ACC inhibitor chemotype (firsocostat-like proxy),ACC1/ACC2,变构抑制乙酰辅酶A羧化酶，降低丙二酰辅酶A、阻断新发脂质合成(DNL)并解除 CPT1 抑制,0.187,无明确优势骨架命中,,,0.0,0.1868,O=c1[nH]c(N2CCC3(CC2)CNc2ccccc23)nc2c1CCCC2,0.5816
1607,T1767,896705-16-1,CN(C)CCNC(=O)c1cccn2c(=O)c3cc4ccccc4cc3nc12,C21H20N4O2,360.42,2.29,66.71,1,4,4,4,4,0.19,27,0,0,none,0.9609,1.0,0.9765,T1767,Rosiglitazone,PPAR-gamma,TZD 类 PPAR-gamma 全激动剂，改善胰岛素抵抗与肝内脂肪蓄积,0.198,无明确优势骨架命中,,,0.0,0.1975,O=c1c2cc3ccccc3cc2nc2ccccn12,0.587
1608,T22278,160800-65-7,CO[C@H]([C@@H](C)C(=O)N[C@H](C)[C@@H](O)c1ccccc1)[C@@H]1CCCN1C(=O)OC(C)(C)C,C23H36N2O5,420.55,3.28,88.1,2,5,7,1,2,0.652,30,0,0,none,1.0,0.9413,0.9765,T22278,Ranolazine,pFOX / 晚钠电流,部分脂肪酸氧化抑制，改善代谢底物利用,0.198,无明确优势骨架命中,,,0.0,0.1977,O=C(CCC1CCCN1)NCCc1ccccc1,0.5871
1609,T5522,2220162-06-9,O=C(NCCc1ccc(O)cc1)[C@@H]1CCC2=Nc3ccc(Br)cc3CN21,C20H20BrN3O2,414.3,3.52,64.93,2,4,4,2,4,0.3,26,1,0,none,0.9999,0.9413,0.9764,T5522,Bezafibrate,PPAR pan,泛 PPAR 弱激动剂，降低血浆与肝内甘油三酯,0.221,无明确优势骨架命中,,,0.0,0.2208,O=C(NCCc1ccccc1)C1CCC2=Nc3ccccc3CN21,0.5986
1610,T0458,53-86-1,COc1ccc2c(c1)c(CC(=O)O)c(C)n2C(=O)c1ccc(Cl)cc1,C19H16ClNO4,357.79,3.93,68.53,1,3,4,3,3,0.158,25,1,0,none,0.9607,1.0,0.9764,T0458;T22346,Fenofibric acid,PPAR-alpha,激活 PPAR-alpha 上调 CPT1/ACOX1，增强线粒体与过氧化物酶体脂肪酸氧化,0.316,无明确优势骨架命中,,,0.0,0.3158,O=C(c1ccccc1)n1ccc2ccccc21,0.6461
1611,T22415,20788-07-2,O=C(Nc1ccc(Br)cc1)c1c(O)cccc1O,C13H10BrNO3,308.13,3.11,69.56,3,3,2,2,2,0.0,18,1,0,none,1.0,0.9409,0.9764,T22415,Salicylate,"AMPK (direct, beta1)",直接结合 AMPK beta1 变构位点，抑制脂肪生成,0.286,无明确优势骨架命中,,,0.0,0.2857,O=C(Nc1ccccc1)c1ccccc1,0.631
1612,T19959,76578-12-6,CC(Oc1ccc(Oc2cnc3cc(Cl)ccc3n2)cc1)C(=O)O,C17H13ClN2O4,344.75,3.93,81.54,1,5,5,3,3,0.118,24,1,0,none,0.9607,1.0,0.9764,T19959,Fenofibric acid,PPAR-alpha,激活 PPAR-alpha 上调 CPT1/ACOX1，增强线粒体与过氧化物酶体脂肪酸氧化,0.259,二芳醚/二芳酮 + 羧酸,PPAR / THR-beta (通用核受体),核受体配体常见的疏水二芳基骨架 + 酸性头基组合，倾向结合 PPAR/THR 等脂代谢核受体配体口袋,0.5,0.4836,c1ccc(Oc2cnc3ccccc3n2)cc1,0.73
1613,TN1333,34086-51-6,COc1ccc(-c2coc3cc(OC)cc(O)c3c2=O)cc1,C17H14O5,298.29,3.18,68.9,1,5,3,3,3,0.118,22,0,0,none,1.0,0.9408,0.9763,TN1333,Naringenin,PPAR-alpha / SREBP,柑橘黄烷酮，抑制脂肪生成基因并促进脂肪酸氧化,0.203,无明确优势骨架命中,,,0.0,0.2034,O=c1c(-c2ccccc2)coc2ccccc12,0.5898
1614,T5690,5128-44-9,COc1ccc(-c2cc(=O)c3c(O)cc(OC)cc3o2)cc1,C17H14O5,298.29,3.18,68.9,1,5,3,3,3,0.118,22,0,0,none,1.0,0.9408,0.9763,T5690,Naringenin,PPAR-alpha / SREBP,柑橘黄烷酮，抑制脂肪生成基因并促进脂肪酸氧化,0.211,黄酮/黄烷酮母核,AMPK / SREBP-1c,黄酮类多酚激活 AMPK-SIRT1 轴，抑制 SREBP-1c/FAS/ACC 表达并促进脂噬,0.6,0.4805,O=c1cc(-c2ccccc2)oc2ccccc12,0.7284
1615,T5779,740-33-0,COc1cc2oc(-c3ccccc3)cc(=O)c2c(O)c1OC,C17H14O5,298.29,3.18,68.9,1,5,3,3,3,0.118,22,0,0,none,1.0,0.9408,0.9763,T5779,ACC inhibitor chemotype (firsocostat-like proxy),ACC1/ACC2,变构抑制乙酰辅酶A羧化酶，降低丙二酰辅酶A、阻断新发脂质合成(DNL)并解除 CPT1 抑制,0.203,黄酮/黄烷酮母核,AMPK / SREBP-1c,黄酮类多酚激活 AMPK-SIRT1 轴，抑制 SREBP-1c/FAS/ACC 表达并促进脂噬,0.6,0.4727,O=c1cc(-c2ccccc2)oc2ccccc12,0.7245
1616,T5773,3570-62-5,COc1cc(O)c2c(=O)cc(-c3ccccc3)oc2c1OC,C17H14O5,298.29,3.18,68.9,1,5,3,3,3,0.118,22,0,0,none,1.0,0.9408,0.9763,T5773,Salicylate,"AMPK (direct, beta1)",直接结合 AMPK beta1 变构位点，抑制脂肪生成,0.213,黄酮/黄烷酮母核,AMPK / SREBP-1c,黄酮类多酚激活 AMPK-SIRT1 轴，抑制 SREBP-1c/FAS/ACC 表达并促进脂噬,0.6,0.4828,O=c1cc(-c2ccccc2)oc2ccccc12,0.7295
1617,TN6788,70786-48-0,COc1cc(O)c2c(=O)c(OC)c(-c3ccccc3)oc2c1,C17H14O5,298.29,3.18,68.9,1,5,3,3,3,0.118,22,0,0,none,1.0,0.9408,0.9763,TN6788,Salicylate,"AMPK (direct, beta1)",直接结合 AMPK beta1 变构位点，抑制脂肪生成,0.213,黄酮/黄烷酮母核,AMPK / SREBP-1c,黄酮类多酚激活 AMPK-SIRT1 轴，抑制 SREBP-1c/FAS/ACC 表达并促进脂噬,0.6,0.4828,O=c1cc(-c2ccccc2)oc2ccccc12,0.7295
1618,T1804,1033836-12-2,O=C(NC1CCN(CC(F)(F)F)CC1)c1ccc(-c2cccc(F)c2)nc1,C19H19F4N3O,381.37,3.64,45.23,1,3,4,2,3,0.368,27,4,0,none,0.9881,0.9585,0.9763,T1804,TVB-2640 (Denifanstat),FASN,脂肪酸合酶 beta-酮脂酰还原酶结构域抑制剂，直接阻断棕榈酸从头合成,0.261,无明确优势骨架命中,,,0.0,0.2614,O=C(NC1CCNCC1)c1ccc(-c2ccccc2)nc1,0.6188
1619,TN6508,34209-69-3,COc1cc(C[C@@]2(O)C(=O)OC[C@@H]2Cc2ccc(OC)c(OC)c2)ccc1O,C21H24O7,388.42,2.11,94.45,2,7,7,2,3,0.381,28,0,0,none,0.9603,1.0,0.9762,TN6508,Berberine,AMPK / PCSK9 / LDLR,原小檗碱型生物碱，激活 AMPK 并稳定 LDLR mRNA，HepG2 经典降脂阳性对照,0.211,无明确优势骨架命中,,,0.0,0.2105,O=C1OCC(Cc2ccccc2)C1Cc1ccccc1,0.5933
1620,T19710,74772-77-3,CC1(COc2ccc(CC3SC(=O)NC3=O)cc2)CCCCC1,C18H23NO3S,333.45,3.93,55.4,1,4,5,1,3,0.556,23,0,0,none,0.9603,1.0,0.9762,T19710,Pioglitazone,PPAR-gamma,噻唑烷二酮胰岛素增敏剂，促进脂肪组织脂质再分布、降低肝细胞脂毒性,0.526,"噻唑烷-2,4-二酮 (TZD)",PPAR-gamma,TZD 酸性头基占据 PPAR-gamma 配体口袋 AF-2 螺旋，改善胰岛素敏感性、促进脂质向脂肪组织再分布，减轻肝细胞脂毒性,0.92,0.9403,O=C1NC(=O)C(Cc2ccc(OCC3CCCCC3)cc2)S1,0.9582
1621,T26829,55179-31-2,CC(C)(C)C(O)C(Oc1ccc(-c2ccccc2)cc1)n1cncn1,C20H23N3O2,337.42,3.93,60.17,1,4,5,3,3,0.3,25,0,0,none,0.9603,1.0,0.9762,T26829,Fenofibric acid,PPAR-alpha,激活 PPAR-alpha 上调 CPT1/ACOX1，增强线粒体与过氧化物酶体脂肪酸氧化,0.207,无明确优势骨架命中,,,0.0,0.2069,c1ccc(-c2ccc(OCn3cncn3)cc2)cc1,0.5916
1622,T12503,1177356-70-5,Cc1ccc2c(c1)C(=O)[C@@]1(O)CCN(c3ccccc3)C1=N2,C18H16N2O2,292.34,2.86,52.9,1,4,1,2,4,0.222,22,0,0,none,0.9959,0.9465,0.9762,T12503,Gemfibrozil,PPAR-alpha,苯氧戊酸类 PPAR-alpha 激动剂，抑制肝脏 VLDL-TG 分泌,0.185,无明确优势骨架命中,,,0.0,0.1846,O=C1c2ccccc2N=C2C1CCN2c1ccccc1,0.5804
1623,T21550,674289-55-5,Cc1ccc2c(c1)C(=O)C1(O)CCN(c3ccccc3)C1=N2,C18H16N2O2,292.34,2.86,52.9,1,4,1,2,4,0.222,22,0,0,none,0.9959,0.9465,0.9762,T21550,Gemfibrozil,PPAR-alpha,苯氧戊酸类 PPAR-alpha 激动剂，抑制肝脏 VLDL-TG 分泌,0.185,无明确优势骨架命中,,,0.0,0.1846,O=C1c2ccccc2N=C2C1CCN2c1ccccc1,0.5804
1624,T27047,54739-19-4,COCCCC/C(=N\OCCN)c1ccc(Cl)cc1,C14H21ClN2O2,284.79,2.84,56.84,1,4,9,1,1,0.5,19,1,0,none,0.9851,0.9627,0.9761,T27047,Fenofibric acid,PPAR-alpha,激活 PPAR-alpha 上调 CPT1/ACOX1，增强线粒体与过氧化物酶体脂肪酸氧化,0.241,无明确优势骨架命中,,,0.0,0.2407,c1ccccc1,0.6084
1625,T8666,121679-13-8,CNS(=O)(=O)CCc1ccc2[nH]cc(C3CCN(C)CC3)c2c1,C17H25N3O2S,335.47,2.07,65.2,2,3,5,2,3,0.529,23,0,0,none,0.9601,1.0,0.976,T6602;T8666,Lanifibranor,PPAR pan (alpha/delta/gamma),泛 PPAR 激动，促进 beta-氧化、抑制脂肪生成与炎症纤维化,0.197,无明确优势骨架命中,,,0.0,0.1974,c1ccc2c(C3CCNCC3)c[nH]c2c1,0.5867
1626,T4S0931,82508-32-5,CC(=O)O[C@@]12CCC(C)=CC[C@]13CC[C@H]2[C@](C)(/C=C/C=C(\C)C(=O)O)OC3=O,C22H28O6,388.46,3.72,89.9,1,5,4,0,3,0.591,28,0,0,none,0.96,1.0,0.976,T4S0931,Fenretinide (4-HPR),DES1 / RBP4,视黄酰胺，抑制二氢神经酰胺去饱和酶，改善肝脂肪变,0.189,长链脂肪酸 / 类脂肪酸,PPAR-alpha / SREBP-1c,内源性脂肪酸配体样分子，直接激动 PPAR-alpha 上调氧化基因，并抑制 SREBP-1c 前体加工，降低脂肪生成,0.72,0.5129,O=C1OCC2CCC13CC=CCCC23,0.7445
1627,T3050,110448-33-4,O=S(=O)(c1cccc2c(I)cccc12)N1CCCNCC1,C15H17IN2O2S,416.28,2.43,49.41,1,3,2,2,3,0.333,21,1,0,none,0.9987,0.9418,0.976,T3050,Trimetazidine,3-KAT (长链硫解酶),部分脂肪酸氧化抑制剂，代谢调节剂,0.193,无明确优势骨架命中,,,0.0,0.193,O=S(=O)(c1cccc2ccccc12)N1CCCNCC1,0.5845
1628,T1276,119478-55-6,CN1C[C@@H]2C[C@H]1CN2c1cc2c(cc1F)c(=O)c(C(=O)O)cn2C1CC1,C19H20FN3O3,357.39,2.07,65.78,1,4,3,2,5,0.474,26,1,0,none,0.9596,1.0,0.9758,T1276,Telmisartan,PPAR-gamma partial / AT1R,AT1 受体拮抗兼 PPAR-gamma 部分激动，文献报道减轻肝细胞脂肪变,0.16,无明确优势骨架命中,,,0.0,0.1596,O=c1ccn(C2CC2)c2cc(N3CC4CC3CN4)ccc12,0.5677
1629,T15461,59831-65-1,O=C(NCCN1CCC(n2c(=O)[nH]c3cc(Cl)ccc32)CC1)c1ccc(F)cc1,C21H22ClFN4O2,416.88,3.19,70.13,2,3,5,3,4,0.333,29,2,0,none,1.0,0.9395,0.9758,T15461,Bezafibrate,PPAR pan,泛 PPAR 弱激动剂，降低血浆与肝内甘油三酯,0.263,无明确优势骨架命中,,,0.0,0.2632,O=C(NCCN1CCC(n2c(=O)[nH]c3ccccc32)CC1)c1ccccc1,0.6195
1630,T7865,112398-08-0,CN1CC2CC1CN2c1cc2c(cc1F)c(=O)c(C(=O)O)cn2C1CC1,C19H20FN3O3,357.39,2.07,65.78,1,4,3,2,5,0.474,26,1,0,none,0.9596,1.0,0.9758,T7865,Telmisartan,PPAR-gamma partial / AT1R,AT1 受体拮抗兼 PPAR-gamma 部分激动，文献报道减轻肝细胞脂肪变,0.16,无明确优势骨架命中,,,0.0,0.1596,O=c1ccn(C2CC2)c2cc(N3CC4CC3CN4)ccc12,0.5677
1631,T29458,60254-95-7,COC(=O)Nc1nc2ccc(C(O)c3ccccc3)cc2[nH]1,C16H15N3O3,297.31,2.82,87.24,3,4,3,3,3,0.125,22,0,0,none,1.0,0.9394,0.9757,T29458,Ranolazine,pFOX / 晚钠电流,部分脂肪酸氧化抑制，改善代谢底物利用,0.213,无明确优势骨架命中,,,0.0,0.2133,c1ccc(Cc2ccc3nc[nH]c3c2)cc1,0.5945
1632,T2032,211555-08-7,COc1cc2ncnc(Nc3cccc(O)c3)c2cc1OC,C16H15N3O3,297.31,3.1,76.5,2,6,4,3,3,0.125,22,0,0,none,1.0,0.9394,0.9757,T2032,Ranolazine,pFOX / 晚钠电流,部分脂肪酸氧化抑制，改善代谢底物利用,0.205,无明确优势骨架命中,,,0.0,0.2055,c1ccc(Nc2ncnc3ccccc23)cc1,0.5906
1633,T2045,202475-60-3,COc1cc2ncnc(Nc3ccc(O)cc3)c2cc1OC,C16H15N3O3,297.31,3.1,76.5,2,6,4,3,3,0.125,22,0,0,none,1.0,0.9394,0.9757,T2045,Fenretinide (4-HPR),DES1 / RBP4,视黄酰胺，抑制二氢神经酰胺去饱和酶，改善肝脂肪变,0.176,无明确优势骨架命中,,,0.0,0.1757,c1ccc(Nc2ncnc3ccccc23)cc1,0.5757
1634,T2802,31430-18-9,COC(=O)Nc1nc2ccc(C(=O)c3cccs3)cc2[nH]1,C14H11N3O3S,301.33,3.03,84.08,2,5,3,3,3,0.071,21,0,0,none,1.0,0.9389,0.9756,T2802,Fenofibric acid,PPAR-alpha,激活 PPAR-alpha 上调 CPT1/ACOX1，增强线粒体与过氧化物酶体脂肪酸氧化,0.172,无明确优势骨架命中,,,0.0,0.1719,O=C(c1ccc2nc[nH]c2c1)c1cccs1,0.5738
1635,T1433,23239-51-2,C[C@H](NCCc1ccc(O)cc1)[C@H](O)c1ccc(O)cc1,C17H21NO3,287.36,2.35,72.72,4,4,6,2,2,0.294,21,0,0,none,0.9951,0.9462,0.9755,T1433,Bezafibrate,PPAR pan,泛 PPAR 弱激动剂，降低血浆与肝内甘油三酯,0.224,无明确优势骨架命中,,,0.0,0.2241,c1ccc(CCNCCc2ccccc2)cc1,0.5998
1636,T0264,64092-48-4,Cc1cc(CC(=O)O)n(C)c1C(=O)c1ccc(Cl)cc1,C15H14ClNO3,291.73,2.85,59.3,1,2,4,2,2,0.2,20,1,0,none,1.0,0.9388,0.9755,T0264,Fenofibric acid,PPAR-alpha,激活 PPAR-alpha 上调 CPT1/ACOX1，增强线粒体与过氧化物酶体脂肪酸氧化,0.347,二芳醚/二芳酮 + 羧酸,PPAR / THR-beta (通用核受体),核受体配体常见的疏水二芳基骨架 + 酸性头基组合，倾向结合 PPAR/THR 等脂代谢核受体配体口袋,0.5,0.5719,O=C(c1ccccc1)c1ccc[nH]1,0.7737
1637,T11878,1802525-61-6,CCOc1nc(Nc2ccc(C(=O)N3CCOCC3)cc2OC)nc2[nH]ccc12,C20H23N5O4,397.44,2.58,101.6,2,7,6,3,4,0.35,29,0,0,none,0.9592,1.0,0.9755,T11878,PF-06424439 (DGAT2i),DGAT2,二酰甘油酰基转移酶2 抑制剂，直接阻断甘油三酯酯化终末步骤,0.275,哌嗪/哌啶杂芳基甲酰胺,SCD1 / DGAT2,脂质酶抑制剂常见的环胺-酰胺连接模式，倾向作用于 SCD1/DGAT2 等内质网膜结合型脂质合成酶,0.55,0.5225,O=C(c1ccc(Nc2ncc3cc[nH]c3n2)cc1)N1CCOCC1,0.749
1638,T3528,289656-45-7,NC(=O)C(c1ccccc1)(c1ccc(F)cc1)c1ccc(F)cc1,C20H15F2NO,323.34,3.78,43.09,1,1,4,3,3,0.05,24,2,0,none,0.9672,0.9881,0.9755,T3528,Salicylate,"AMPK (direct, beta1)",直接结合 AMPK beta1 变构位点，抑制脂肪生成,0.265,无明确优势骨架命中,,,0.0,0.2647,c1ccc(C(c2ccccc2)c2ccccc2)cc1,0.6201
1639,T3067,865854-05-3,O=c1sn(-c2cccc3ccccc23)c(=O)n1Cc1ccccc1,C19H14N2O2S,334.4,3.26,44.0,0,3,3,4,4,0.053,24,0,0,none,0.9591,1.0,0.9755,T3067,Telmisartan,PPAR-gamma partial / AT1R,AT1 受体拮抗兼 PPAR-gamma 部分激动，文献报道减轻肝细胞脂肪变,0.185,无明确优势骨架命中,,,0.0,0.1852,O=c1sn(-c2cccc3ccccc23)c(=O)n1Cc1ccccc1,0.5804
1640,TN1519,486-39-5,COc1cc2c(cc1O)C(Cc1ccc(O)cc1)NCC2,C17H19NO3,285.34,2.54,61.72,3,4,3,2,3,0.294,21,0,0,none,1.0,0.9384,0.9754,TN1519,Trimetazidine,3-KAT (长链硫解酶),部分脂肪酸氧化抑制剂，代谢调节剂,0.22,无明确优势骨架命中,,,0.0,0.2203,c1ccc(CC2NCCc3ccccc32)cc1,0.5978
1641,T28506,2032282-97-4,C=C(C)CSc1nnc2c(n1)[nH]c1cc(Br)ccc12,C13H11BrN4S,335.23,3.94,54.46,1,4,3,3,3,0.154,19,1,0,none,0.9591,1.0,0.9754,T28506,GW501516,PPAR-delta,PPAR-delta 选择性激动，提升肝与骨骼肌脂肪酸氧化,0.141,无明确优势骨架命中,,,0.0,0.1412,c1ccc2c(c1)[nH]c1ncnnc12,0.5583
1642,TN1519L,3422-42-2,COc1cc2c(cc1O)[C@H](Cc1ccc(O)cc1)NCC2,C17H19NO3,285.34,2.54,61.72,3,4,3,2,3,0.294,21,0,0,none,1.0,0.9384,0.9754,TN1519L,Trimetazidine,3-KAT (长链硫解酶),部分脂肪酸氧化抑制剂，代谢调节剂,0.22,无明确优势骨架命中,,,0.0,0.2203,c1ccc(CC2NCCc3ccccc32)cc1,0.5978
1643,T10359,1818885-54-9,CC1(C)[C@H](N)C(C)(C)[C@H]1Oc1ccc(C#N)c(Cl)c1,C15H19ClN2O,278.78,3.35,59.04,1,3,2,1,2,0.533,19,1,0,none,1.0,0.9385,0.9754,T10359,Ciprofibrate,PPAR-alpha,长效贝特类，诱导过氧化物酶体增殖与脂肪酸 beta-氧化,0.175,无明确优势骨架命中,,,0.0,0.1754,c1ccc(OC2CCC2)cc1,0.5754
1644,T10248,431040-19-6,Cc1nccn1-c1sc(Nc2cnccn2)nc1-c1cccc(C#N)c1,C18H13N7S,359.42,3.71,92.31,1,7,4,4,4,0.056,26,0,0,none,0.959,1.0,0.9754,T10248,GW501516,PPAR-delta,PPAR-delta 选择性激动，提升肝与骨骼肌脂肪酸氧化,0.147,无明确优势骨架命中,,,0.0,0.1474,c1ccc(-c2nc(Nc3cnccn3)sc2-n2ccnc2)cc1,0.5614
1645,T7353,676128-63-5,O=C(Nc1ccccc1F)N[C@H]1N=C(c2ccccc2)c2ccccc2NC1=O,C22H17FN4O2,388.4,3.76,82.59,3,3,3,3,4,0.045,29,1,0,none,0.9847,0.9614,0.9754,T7353,Rosiglitazone,PPAR-gamma,TZD 类 PPAR-gamma 全激动剂，改善胰岛素抵抗与肝内脂肪蓄积,0.203,无明确优势骨架命中,,,0.0,0.2025,O=C(Nc1ccccc1)NC1N=C(c2ccccc2)c2ccccc2NC1=O,0.589
1646,T6938,1276553-09-3,N#Cc1ccc(-c2c(-c3ncn[nH]3)sc(N3CCOCC3)c2C#N)c(F)c1,C18H13FN6OS,380.41,2.92,101.62,1,7,3,3,4,0.222,27,1,0,none,0.959,1.0,0.9754,T6938,PF-06424439 (DGAT2i),DGAT2,二酰甘油酰基转移酶2 抑制剂，直接阻断甘油三酯酯化终末步骤,0.185,无明确优势骨架命中,,,0.0,0.1852,c1ccc(-c2cc(N3CCOCC3)sc2-c2ncn[nH]2)cc1,0.5803
1647,T35610,457639-26-8,Cc1ccc(C)c(-c2cc(C(F)(F)F)nn2-c2ccc(S(N)(=O)=O)cc2)c1,C18H16F3N3O2S,395.41,3.82,77.98,1,3,3,3,3,0.167,27,3,0,none,0.9772,0.9726,0.9754,T35610,Gemfibrozil,PPAR-alpha,苯氧戊酸类 PPAR-alpha 激动剂，抑制肝脏 VLDL-TG 分泌,0.203,无明确优势骨架命中,,,0.0,0.2031,c1ccc(-c2ccnn2-c2ccccc2)cc1,0.5893
1648,T30161,1429329-63-4,CC(O)(c1ccncc1)c1cnc(-c2ccc(F)cc2)s1,C16H13FN2OS,300.36,3.6,46.01,1,4,3,3,3,0.125,21,1,0,none,0.9927,0.9492,0.9753,T30161,GW501516,PPAR-delta,PPAR-delta 选择性激动，提升肝与骨骼肌脂肪酸氧化,0.23,无明确优势骨架命中,,,0.0,0.2297,c1ccc(-c2ncc(Cc3ccncc3)s2)cc1,0.6025
1649,TN6783,11028-77-6,Cc1c2[n+](cc3c4c(ccc13)OCO4)CCc1cc3c(cc1-2)OCO3,C20H16NO4+,334.35,3.12,40.8,0,4,0,3,6,0.25,25,0,0,none,0.9589,1.0,0.9753,TN6783,Berberine,AMPK / PCSK9 / LDLR,原小檗碱型生物碱，激活 AMPK 并稳定 LDLR mRNA，HepG2 经典降脂阳性对照,0.443,原小檗碱型季铵异喹啉生物碱,AMPK / LDLR,小檗碱型生物碱抑制线粒体复合物I 激活 AMPK，并经 ERK 通路稳定 LDLR mRNA，为 HepG2 脂质蓄积模型的经典降脂阳性对照化学型,0.8,0.8026,c1c2c(cc3c1OCO3)-c1cc3ccc4c(c3c[n+]1CC2)OCO4,0.8889
1650,T5S0053,3486-66-6,c1c2c(cc3c1OCO3)-c1cc3ccc4c(c3c[n+]1CC2)OCO4,C19H14NO4+,320.32,2.81,40.8,0,4,0,3,6,0.211,24,0,0,none,0.9589,1.0,0.9753,T4S0051;T5S0053;T5S0056,Berberine,AMPK / PCSK9 / LDLR,原小檗碱型生物碱，激活 AMPK 并稳定 LDLR mRNA，HepG2 经典降脂阳性对照,0.654,原小檗碱型季铵异喹啉生物碱,AMPK / LDLR,小檗碱型生物碱抑制线粒体复合物I 激活 AMPK，并经 ERK 通路稳定 LDLR mRNA，为 HepG2 脂质蓄积模型的经典降脂阳性对照化学型,0.8,0.91,c1c2c(cc3c1OCO3)-c1cc3ccc4c(c3c[n+]1CC2)OCO4,0.9426
1651,T5331,865285-29-6,O=C(Nc1nnc(-c2ccc(F)cc2)o1)c1ccc(Cl)cc1,C15H9ClFN3O2,317.71,3.78,68.02,1,4,3,3,3,0.0,22,2,0,none,0.9825,0.9644,0.9753,T5331,Bezafibrate,PPAR pan,泛 PPAR 弱激动剂，降低血浆与肝内甘油三酯,0.254,无明确优势骨架命中,,,0.0,0.254,O=C(Nc1nnc(-c2ccccc2)o1)c1ccccc1,0.6146
1652,T2309,888216-25-9,CC(C)c1cc(-c2n[nH]c(=O)n2-c2ccc3c(ccn3C)c2)c(O)cc1O,C20H20N4O3,364.41,3.25,96.07,3,4,3,4,4,0.2,27,0,0,none,0.9589,1.0,0.9753,T2309,Resmetirom (MGL-3196),THR-beta,肝脏选择性甲状腺激素受体 beta 激动；上调 CPT1A/线粒体 beta-氧化与脂噬，降低肝内甘油三酯,0.232,无明确优势骨架命中,,,0.0,0.2317,O=c1[nH]nc(-c2ccccc2)n1-c1ccc2[nH]ccc2c1,0.6035
1653,T15268,184475-71-6,COc1cc2ncnc(Nc3ccc(F)c(Cl)c3)c2cc1O,C15H11ClFN3O2,319.72,3.88,67.27,2,5,3,3,3,0.067,22,2,0,none,0.9686,0.9853,0.9753,T15268,Berberine,AMPK / PCSK9 / LDLR,原小檗碱型生物碱，激活 AMPK 并稳定 LDLR mRNA，HepG2 经典降脂阳性对照,0.152,无明确优势骨架命中,,,0.0,0.1519,c1ccc(Nc2ncnc3ccccc23)cc1,0.5636
1654,T9862,30044-78-1,c1c2c(cc3c1OCO3)-c1cc3cc4c(cc3c[n+]1CC2)OCO4,C19H14NO4+,320.32,2.81,40.8,0,4,0,3,6,0.211,24,0,0,none,0.9589,1.0,0.9753,T9862,Berberine,AMPK / PCSK9 / LDLR,原小檗碱型生物碱，激活 AMPK 并稳定 LDLR mRNA，HepG2 经典降脂阳性对照,0.58,原小檗碱型季铵异喹啉生物碱,AMPK / LDLR,小檗碱型生物碱抑制线粒体复合物I 激活 AMPK，并经 ERK 通路稳定 LDLR mRNA，为 HepG2 脂质蓄积模型的经典降脂阳性对照化学型,0.8,0.91,c1c2c(cc3c1OCO3)-c1cc3cc4c(cc3c[n+]1CC2)OCO4,0.9426
1655,T78904,887349-03-3,O=C(Nc1ncc(Cc2ccc(F)cc2)s1)c1ccc(-n2cnnn2)cc1,C18H13FN6OS,380.41,3.1,85.59,1,6,5,4,4,0.056,27,1,0,none,0.9705,0.9823,0.9752,T78904,Atorvastatin,HMGCR,HMG-CoA 还原酶抑制，降低胆固醇合成并上调 LDLR,0.189,无明确优势骨架命中,,,0.0,0.1889,O=C(Nc1ncc(Cc2ccccc2)s1)c1ccc(-n2cnnn2)cc1,0.582
1656,T10730,192819-27-5,COc1ccc(C(CC(N)=O)N2C(=O)c3ccccc3C2=O)cc1OC1CCCC1,C23H24N2O5,408.45,3.23,98.93,1,5,7,2,4,0.348,30,0,0,none,0.9753,0.9751,0.9752,T10730,Ranolazine,pFOX / 晚钠电流,部分脂肪酸氧化抑制，改善代谢底物利用,0.253,哌嗪/哌啶杂芳基甲酰胺,SCD1 / DGAT2,脂质酶抑制剂常见的环胺-酰胺连接模式，倾向作用于 SCD1/DGAT2 等内质网膜结合型脂质合成酶,0.55,0.5007,O=C1c2ccccc2C(=O)N1Cc1cccc(OC2CCCC2)c1,0.738
1657,T8596,315702-40-0,Cn1c(CSc2nc3ccccc3s2)n[nH]c1=S,C11H10N4S3,294.43,3.38,46.5,1,5,3,3,3,0.182,18,0,0,none,0.9961,0.9438,0.9752,T8596,Telmisartan,PPAR-gamma partial / AT1R,AT1 受体拮抗兼 PPAR-gamma 部分激动，文献报道减轻肝细胞脂肪变,0.188,无明确优势骨架命中,,,0.0,0.1882,S=c1[nH]nc(CSc2nc3ccccc3s2)[nH]1,0.5817
1658,T6883,1386874-06-1,CO[C@@H](C)Cn1c(=O)n(C)c2cnc3ccc(-c4cncc(C(C)(C)O)c4)cc3c21,C23H26N4O3,406.49,3.21,82.17,1,5,5,4,4,0.348,30,0,0,none,0.9705,0.9821,0.9751,T6883,Pentoxifylline,PDE / TNF-alpha,非选择性磷酸二酯酶抑制剂，降低肝脏炎症与脂质沉积,0.203,无明确优势骨架命中,,,0.0,0.2025,O=c1[nH]c2cnc3ccc(-c4cccnc4)cc3c2[nH]1,0.5888
1659,TQ0288,36062-05-2,COc1cc(CCC(=O)CC(O)CCc2ccc(O)c(OC)c2)ccc1O,C21H26O6,374.43,3.0,96.22,3,6,10,2,2,0.381,27,0,0,none,0.9583,1.0,0.975,TQ0288,Ranolazine,pFOX / 晚钠电流,部分脂肪酸氧化抑制，改善代谢底物利用,0.225,无明确优势骨架命中,,,0.0,0.2254,O=C(CCCCc1ccccc1)CCc1ccccc1,0.6002
1660,T14315,913548-29-5,CC(=O)N1CCC(NC(=O)NC23CC4CC(CC(C4)C2)C3)CC1,C18H29N3O2,319.45,2.27,61.44,2,2,2,0,5,0.889,23,0,0,none,0.9583,1.0,0.975,T14315,Ervogastat (PF-06865571),DGAT2,口服 DGAT2 抑制剂，降低肝内甘油三酯合成与 VLDL 分泌,0.171,无明确优势骨架命中,,,0.0,0.1714,O=C(NC1CCNCC1)NC12CC3CC(CC(C3)C1)C2,0.5732
1661,T67946,615273-95-5,FC(F)(F)c1cc(-c2ccccc2)nc(N2CCOCC2)n1,C15H14F3N3O,309.29,3.0,38.25,0,4,2,2,3,0.333,22,3,0,none,0.9582,1.0,0.9749,T67946,PF-06424439 (DGAT2i),DGAT2,二酰甘油酰基转移酶2 抑制剂，直接阻断甘油三酯酯化终末步骤,0.234,无明确优势骨架命中,,,0.0,0.2344,c1ccc(-c2ccnc(N3CCOCC3)n2)cc1,0.6046
1662,T36712,193807-60-2,O=C(NO)[C@@H](Cc1ccccc1)NS(=O)(=O)c1ccc(-c2ccccc2)cc1,C21H20N2O4S,396.47,2.75,95.5,3,4,7,3,3,0.095,28,0,0,none,0.9904,0.9516,0.9749,T36712,Salicylate,"AMPK (direct, beta1)",直接结合 AMPK beta1 变构位点，抑制脂肪生成,0.2,无明确优势骨架命中,,,0.0,0.2,O=S(=O)(NCCc1ccccc1)c1ccc(-c2ccccc2)cc1,0.5874
1663,T16411,102394-31-0,CCN(CC)CC1CCCCN1CC(=O)N1c2ccccc2C(=O)Nc2cccnc21,C24H31N5O2,421.55,3.51,68.78,1,5,6,2,4,0.458,31,0,0,none,1.0,0.9372,0.9749,T16411,Rosiglitazone,PPAR-gamma,TZD 类 PPAR-gamma 全激动剂，改善胰岛素抵抗与肝内脂肪蓄积,0.211,哌嗪/哌啶杂芳基甲酰胺,SCD1 / DGAT2,脂质酶抑制剂常见的环胺-酰胺连接模式，倾向作用于 SCD1/DGAT2 等内质网膜结合型脂质合成酶,0.55,0.4586,O=C1Nc2cccnc2N(C(=O)CN2CCCCC2)c2ccccc21,0.7168
1664,T22891,309928-48-1,CS(=O)(=O)N(Cc1ccco1)CC(O)Cn1c2ccccc2c2ccccc21,C21H22N2O4S,398.48,3.21,75.68,1,4,7,4,4,0.238,28,0,0,none,0.9705,0.9811,0.9748,T22891,Fluvastatin,HMGCR,全合成 HMGCR 抑制剂,0.215,无明确优势骨架命中,,,0.0,0.2152,c1coc(CNCCCn2c3ccccc3c3ccccc32)c1,0.595
1665,T22821,1394854-51-3,CCOC(=O)CCNc1cc(N2CCc3ccccc3CC2)nc(-c2cccnc2)n1,C24H27N5O2,417.51,3.51,80.24,1,7,7,3,4,0.333,31,0,0,none,1.0,0.937,0.9748,T22821,Nicotinic acid (Niacin),HCAR2 / DGAT2,抑制脂肪组织脂解并弱抑制 DGAT2，减少肝内 VLDL 底物供应,0.234,无明确优势骨架命中,,,0.0,0.2344,c1cncc(-c2nccc(N3CCc4ccccc4CC3)n2)c1,0.6046
1666,T3100,1373423-53-0,CCOC(=O)CCNc1cc(N2CCc3ccccc3CC2)nc(-c2ccccn2)n1,C24H27N5O2,417.51,3.51,80.24,1,7,7,3,4,0.333,31,0,0,none,1.0,0.937,0.9748,T3100;T4383,Lanifibranor,PPAR pan (alpha/delta/gamma),泛 PPAR 激动，促进 beta-氧化、抑制脂肪生成与炎症纤维化,0.205,无明确优势骨架命中,,,0.0,0.2048,c1ccc(-c2nccc(N3CCc4ccccc4CC3)n2)nc1,0.5898
1667,T4567,526-08-9,Nc1ccc(S(=O)(=O)Nc2ccnn2-c2ccccc2)cc1,C15H14N4O2S,314.37,2.26,90.01,2,4,4,3,3,0.0,22,0,0,none,0.9867,0.9569,0.9748,T4567,Nicotinic acid (Niacin),HCAR2 / DGAT2,抑制脂肪组织脂解并弱抑制 DGAT2，减少肝内 VLDL 底物供应,0.163,无明确优势骨架命中,,,0.0,0.1633,O=S(=O)(Nc1ccnn1-c1ccccc1)c1ccccc1,0.5691
1668,TQ0053,1070790-89-4,CC[C@H](Nc1nc(NCc2cnc(C)cc2C)c2ncn(C(C)C)c2n1)[C@@H](C)O,C21H31N7O,397.53,3.6,100.78,3,7,8,3,3,0.524,29,0,0,none,0.9581,1.0,0.9748,TQ0053,Ranolazine,pFOX / 晚钠电流,部分脂肪酸氧化抑制，改善代谢底物利用,0.143,无明确优势骨架命中,,,0.0,0.1429,c1cncc(CNc2ncnc3[nH]cnc23)c1,0.5588
1669,T7118,94-15-5,CCN(CC)CC(C)(C)COC(=O)c1ccc(N)cc1,C16H26N2O2,278.4,2.79,55.56,1,4,7,1,1,0.562,20,0,0,none,1.0,0.9369,0.9748,T7118,Fenofibric acid,PPAR-alpha,激活 PPAR-alpha 上调 CPT1/ACOX1，增强线粒体与过氧化物酶体脂肪酸氧化,0.231,无明确优势骨架命中,,,0.0,0.2308,c1ccccc1,0.6028
1670,T75098,794582-71-1,O=C(CSc1ccccc1)Nc1nc(-c2ccccn2)cs1,C16H13N3OS2,327.43,3.94,54.88,1,5,5,3,3,0.062,22,0,0,none,0.9592,0.9981,0.9748,T75098,GW501516,PPAR-delta,PPAR-delta 选择性激动，提升肝与骨骼肌脂肪酸氧化,0.215,无明确优势骨架命中,,,0.0,0.2152,O=C(CSc1ccccc1)Nc1nc(-c2ccccn2)cs1,0.595
1671,T8319,17851-53-5,CCCCOC(=O)c1ccccc1C(=O)OCC(C)C,C16H22O4,278.35,3.46,52.6,0,4,7,1,1,0.5,20,0,0,none,1.0,0.9367,0.9747,T8319,Salicylate,"AMPK (direct, beta1)",直接结合 AMPK beta1 变构位点，抑制脂肪生成,0.25,无明确优势骨架命中,,,0.0,0.25,c1ccccc1,0.6123
1672,T64781,901770-40-9,O=C(CCCC[C@@H]1SC[C@@H]2NC(=O)N[C@@H]21)Nc1ccc(O)cc1,C16H21N3O3S,335.43,2.06,90.46,4,4,6,1,3,0.5,23,0,0,none,0.9578,1.0,0.9747,T64781,Alpha-lipoic acid,AMPK / 线粒体氧化还原,二硫戊环辅因子，改善线粒体功能并激活 AMPK,0.2,无明确优势骨架命中,,,0.0,0.2,O=C(CCCCC1SCC2NC(=O)NC21)Nc1ccccc1,0.5874
1673,T1123,7689-03-4,CC[C@@]1(O)C(=O)OCc2c1cc1n(c2=O)Cc2cc3ccccc3nc2-1,C20H16N2O4,348.36,2.08,81.42,1,5,1,3,5,0.25,26,0,0,none,0.9579,1.0,0.9747,T1123,Telmisartan,PPAR-gamma partial / AT1R,AT1 受体拮抗兼 PPAR-gamma 部分激动，文献报道减轻肝细胞脂肪变,0.165,无明确优势骨架命中,,,0.0,0.1649,O=C1Cc2cc3n(c(=O)c2CO1)Cc1cc2ccccc2nc1-3,0.5698
1674,T10464L,1414943-88-6,COc1cc(F)ccc1-c1ncnc(Nc2cccc(CS(C)(=N)=O)c2)n1,C18H18FN5O2S,387.44,3.61,100.85,2,7,6,3,3,0.167,27,1,0,none,0.9615,0.9942,0.9746,T10464L,Ranolazine,pFOX / 晚钠电流,部分脂肪酸氧化抑制，改善代谢底物利用,0.186,无明确优势骨架命中,,,0.0,0.186,c1ccc(Nc2ncnc(-c3ccccc3)n2)cc1,0.5803
1675,T9940,612829-80-8,NC(=O)c1c(NC(=O)C2CCC2)sc2c1CCCC2,C14H18N2O2S,278.38,2.46,72.19,2,3,3,1,3,0.571,19,0,0,none,0.9997,0.9368,0.9746,T9940,Fenretinide (4-HPR),DES1 / RBP4,视黄酰胺，抑制二氢神经酰胺去饱和酶，改善肝脂肪变,0.13,无明确优势骨架命中,,,0.0,0.1299,O=C(Nc1cc2c(s1)CCCC2)C1CCC1,0.5522
1676,T20759,729605-21-4,Cc1cc(C(=O)N2CCN(c3cccc(Cl)c3)CC2)n(-c2ccccc2)n1,C21H21ClN4O,380.88,3.8,41.37,0,3,3,3,4,0.238,27,1,0,none,0.9575,1.0,0.9745,T20759,Lanifibranor,PPAR pan (alpha/delta/gamma),泛 PPAR 激动，促进 beta-氧化、抑制脂肪生成与炎症纤维化,0.208,哌嗪/哌啶杂芳基甲酰胺,SCD1 / DGAT2,脂质酶抑制剂常见的环胺-酰胺连接模式，倾向作用于 SCD1/DGAT2 等内质网膜结合型脂质合成酶,0.55,0.4558,O=C(c1ccnn1-c1ccccc1)N1CCN(c2ccccc2)CC1,0.7151
1677,T5814,58115-31-4,O=C(N[C@@H](Cc1ccccc1)C(=O)N[C@H](CO)Cc1ccccc1)c1ccccc1,C25H26N2O3,402.49,2.75,78.43,3,3,9,3,3,0.2,30,0,0,none,0.9851,0.9588,0.9745,T5814,Bezafibrate,PPAR pan,泛 PPAR 弱激动剂，降低血浆与肝内甘油三酯,0.226,无明确优势骨架命中,,,0.0,0.2258,O=C(NC(Cc1ccccc1)C(=O)NCCc1ccccc1)c1ccccc1,0.6002
1678,T8646,1357160-72-5,NC(=O)c1cccc(-c2cc(OC(=O)NC3CCCCC3)ccc2O)c1,C20H22N2O4,354.41,3.58,101.65,3,4,4,2,3,0.3,26,0,0,none,0.9574,1.0,0.9745,T8646,TVB-2640 (Denifanstat),FASN,脂肪酸合酶 beta-酮脂酰还原酶结构域抑制剂，直接阻断棕榈酸从头合成,0.178,无明确优势骨架命中,,,0.0,0.1778,O=C(NC1CCCCC1)Oc1cccc(-c2ccccc2)c1,0.5762
1679,T68150,16188-61-7,CN(C)CCn1nc(Cc2ccccc2)c2ccccc2c1=O,C19H21N3O,307.4,2.55,38.13,0,3,5,3,3,0.263,23,0,0,none,0.9574,1.0,0.9744,T68150,Rosiglitazone,PPAR-gamma,TZD 类 PPAR-gamma 全激动剂，改善胰岛素抵抗与肝内脂肪蓄积,0.197,无明确优势骨架命中,,,0.0,0.1972,O=c1[nH]nc(Cc2ccccc2)c2ccccc12,0.5858
1680,T3306,1078166-57-0,COc1ccc2cc(OCC3(C(=O)O)CN(C(=O)c4ccc(F)cc4)C3)ccc2c1,C23H20FNO5,409.41,3.59,76.07,1,4,6,3,4,0.217,30,1,0,none,0.998,0.939,0.9744,T3306,Fenofibric acid,PPAR-alpha,激活 PPAR-alpha 上调 CPT1/ACOX1，增强线粒体与过氧化物酶体脂肪酸氧化,0.226,哌嗪/哌啶杂芳基甲酰胺,SCD1 / DGAT2,脂质酶抑制剂常见的环胺-酰胺连接模式，倾向作用于 SCD1/DGAT2 等内质网膜结合型脂质合成酶,0.55,0.4733,O=C(c1ccccc1)N1CC(COc2ccc3ccccc3c2)C1,0.7238
1681,T6789,623152-17-0,CCCNC(=O)c1cn2ncnc(Nc3cc(C(=O)NC4CC4)ccc3C)c2c1C,C22H26N6O2,406.49,3.12,100.42,3,5,7,3,4,0.364,30,0,0,none,0.9667,0.986,0.9744,T3462;T6789,TVB-2640 (Denifanstat),FASN,脂肪酸合酶 beta-酮脂酰还原酶结构域抑制剂，直接阻断棕榈酸从头合成,0.219,无明确优势骨架命中,,,0.0,0.2188,O=C(NC1CC1)c1cccc(Nc2ncnn3cccc23)c1,0.5966
1682,T14345,2870-71-5,C[N+]1(C)[C@@H]2CC[C@H]1C[C@@H](OC(=O)C(CO)c1ccccc1)C2,C18H26NO3+,304.41,2.08,46.53,1,3,4,1,3,0.611,22,0,0,none,0.9574,1.0,0.9744,T14345,Ranolazine,pFOX / 晚钠电流,部分脂肪酸氧化抑制，改善代谢底物利用,0.205,无明确优势骨架命中,,,0.0,0.2055,O=C(Cc1ccccc1)OC1CC2CCC(C1)[NH2+]2,0.59
1683,T61477,296771-07-8,O=C(CSc1nnc2c(n1)[nH]c1ccccc12)Nc1ccc(Cl)cn1,C16H11ClN6OS,370.83,3.29,96.45,2,6,4,4,4,0.062,25,1,0,none,0.9574,1.0,0.9744,T61477,Ervogastat (PF-06865571),DGAT2,口服 DGAT2 抑制剂，降低肝内甘油三酯合成与 VLDL 分泌,0.193,无明确优势骨架命中,,,0.0,0.1928,O=C(CSc1nnc2c(n1)[nH]c1ccccc12)Nc1ccccn1,0.5836
1684,T5496,1013750-77-0,COc1ccc(OC)c(-c2nnc3n2N=C(c2ccc(OC)c(OC)c2)CS3)c1,C20H20N4O4S,412.47,3.34,79.99,0,8,6,3,4,0.25,29,0,0,none,1.0,0.9358,0.9743,T5496,Trimetazidine,3-KAT (长链硫解酶),部分脂肪酸氧化抑制剂，代谢调节剂,0.185,无明确优势骨架命中,,,0.0,0.1846,c1ccc(C2=Nn3c(nnc3-c3ccccc3)SC2)cc1,0.5794
1685,T20570,36894-69-6,CC(CCc1ccccc1)NCC(O)c1ccc(O)c(C(N)=O)c1,C19H24N2O3,328.41,2.14,95.58,4,4,8,2,2,0.316,24,0,0,none,0.9572,1.0,0.9743,T0348;T20570,Salicylate,"AMPK (direct, beta1)",直接结合 AMPK beta1 变构位点，抑制脂肪生成,0.26,无明确优势骨架命中,,,0.0,0.26,c1ccc(CCCNCCc2ccccc2)cc1,0.6172
1686,T28655,104383-17-7,CN(c1nc2ccccc2s1)C1CCN(CC(O)COc2ccc(F)cc2)CC1,C22H26FN3O2S,415.53,3.78,48.83,1,6,7,3,4,0.409,29,1,0,none,0.9828,0.9615,0.9742,T28655,Ranolazine,pFOX / 晚钠电流,部分脂肪酸氧化抑制，改善代谢底物利用,0.296,无明确优势骨架命中,,,0.0,0.2963,c1ccc(OCCCN2CCC(Nc3nc4ccccc4s3)CC2)cc1,0.6352
1687,T64333,13574-13-5,CC(C)(C)OC(=O)N[C@@H](CCC(=O)OCc1ccccc1)C(=O)O,C17H23NO6,337.37,2.49,101.93,2,5,7,1,1,0.471,24,0,0,none,0.9569,1.0,0.9742,T64333,Bezafibrate,PPAR pan,泛 PPAR 弱激动剂，降低血浆与肝内甘油三酯,0.224,无明确优势骨架命中,,,0.0,0.2239,c1ccccc1,0.599
1688,T24021L,,CC1(C)CC2(NC(=O)N(CCCN3CCC(O)CC3)C2=O)c2cc(Cl)ccc2O1,C21H28ClN3O4,421.93,2.5,82.11,2,5,4,1,4,0.619,29,1,0,none,1.0,0.9356,0.9742,T24021;T24021L,Etomoxir,CPT1a (抑制剂/阴性对照),CPT1 不可逆抑制剂，作为脂肪酸氧化通路机制阴性对照,0.183,无明确优势骨架命中,,,0.0,0.1829,O=C1NC2(CCOc3ccccc32)C(=O)N1CCCN1CCCCC1,0.5786
1689,T2026,1094042-01-9,CCOc1ccc(-c2nc(-c3cccc4c3CCC4NCCO)no2)cc1OCC,C23H27N3O4,409.49,3.77,89.64,2,7,9,3,4,0.391,30,0,0,none,0.9689,0.9822,0.9742,T2026,GW4064,FXR,非甾体高效 FXR 激动剂工具化合物，抑制 DNL 相关转录程序,0.165,无明确优势骨架命中,,,0.0,0.165,c1ccc(-c2nc(-c3cccc4c3CCC4)no2)cc1,0.5696
1690,T67703,1144075-34-2,CCNC(=O)Nc1ccc(-c2nc(N3CC4CCC(C3)O4)c3sccc3n2)cc1,C21H23N5O2S,409.52,3.87,79.38,2,6,4,3,5,0.381,29,0,0,none,0.9706,0.9795,0.9742,T67703,PF-06424439 (DGAT2i),DGAT2,二酰甘油酰基转移酶2 抑制剂，直接阻断甘油三酯酯化终末步骤,0.167,无明确优势骨架命中,,,0.0,0.1667,c1ccc(-c2nc(N3CC4CCC(C3)O4)c3sccc3n2)cc1,0.5704
1691,T3976,321661-62-5,CCCCCCCC(=O)c1c(O)cc(O)cc1CC(=O)OCC,C18H26O5,322.4,3.75,83.83,2,5,10,1,1,0.556,23,0,0,none,0.957,1.0,0.9742,T3976,C75,FASN,alpha-亚甲基-gamma-丁内酯类 FASN 抑制剂，同时升高丙二酰辅酶A,0.22,无明确优势骨架命中,,,0.0,0.2203,c1ccccc1,0.5972
1692,T4S1943,52659-56-0,C[C@@]1(CO)C[C@@H](O)C[C@@]2(C)[C@@H]3CC[C@](C)([C@@H](O)CO)C=C3CC[C@H]12,C20H34O4,338.49,2.25,80.92,4,4,3,0,3,0.9,24,0,0,none,0.9569,1.0,0.9741,T4S1943,Chenodeoxycholic acid,FXR,内源性 FXR 配体，调控胆汁酸稳态并抑制肝脏脂肪生成,0.167,无明确优势骨架命中,,,0.0,0.1667,C1=C2CCC3CCCCC3C2CCC1,0.5704
1693,T206046,190653-73-7,CCn1cnc2c(Nc3cccc(Cl)c3)nc(N[C@H]3CCCC[C@H]3N)nc21,C19H24ClN7,385.9,3.93,93.68,3,6,5,3,4,0.421,27,1,0,none,0.9568,1.0,0.9741,T206046,Ervogastat (PF-06865571),DGAT2,口服 DGAT2 抑制剂，降低肝内甘油三酯合成与 VLDL 分泌,0.129,无明确优势骨架命中,,,0.0,0.129,c1ccc(Nc2nc(NC3CCCCC3)nc3[nH]cnc23)cc1,0.5516
1694,T27951,211311-39-6,CC(CNS(=O)(=O)C(C)C)c1ccc(-c2ccccc2F)cc1,C18H22FNO2S,335.44,3.92,46.17,1,2,6,2,2,0.333,23,1,0,none,0.9566,1.0,0.974,T27951,Atorvastatin,HMGCR,HMG-CoA 还原酶抑制，降低胆固醇合成并上调 LDLR,0.19,无明确优势骨架命中,,,0.0,0.1899,c1ccc(-c2ccccc2)cc1,0.582
1695,T37558,337349-54-9,COc1ccc(-n2c(SCC#N)nc3sc4c(c3c2=O)CCCC4)cc1,C19H17N3O2S2,383.5,3.95,67.91,0,6,4,3,4,0.316,26,0,0,none,0.9566,1.0,0.974,T37558,ACC inhibitor chemotype (firsocostat-like proxy),ACC1/ACC2,变构抑制乙酰辅酶A羧化酶，降低丙二酰辅酶A、阻断新发脂质合成(DNL)并解除 CPT1 抑制,0.169,无明确优势骨架命中,,,0.0,0.1685,O=c1c2c3c(sc2ncn1-c1ccccc1)CCCC3,0.5712
1696,T10777,1598426-03-9,CCOC(=O)c1cnc(NC2(c3ccccc3)CC2)nc1,C16H17N3O2,283.33,2.75,64.11,1,5,5,2,3,0.312,21,0,0,none,1.0,0.9351,0.974,T10777,Etomoxir,CPT1a (抑制剂/阴性对照),CPT1 不可逆抑制剂，作为脂肪酸氧化通路机制阴性对照,0.246,无明确优势骨架命中,,,0.0,0.2462,c1ccc(C2(Nc3ncccn3)CC2)cc1,0.6101
1697,T24750,883226-64-0,Cc1oc2ccccc2c1CNC(=O)NCc1cccs1,C16H16N2O2S,300.38,3.8,54.27,2,3,4,3,3,0.188,21,0,0,none,0.9799,0.9649,0.9739,T24750,Fluvastatin,HMGCR,全合成 HMGCR 抑制剂,0.182,无明确优势骨架命中,,,0.0,0.1818,O=C(NCc1cccs1)NCc1coc2ccccc12,0.5778
1698,T67966,22365-40-8,CN1C(=O)CC(=O)N(c2ccccc2)c2cc(C(F)(F)F)ccc21,C17H13F3N2O2,334.3,3.74,40.62,0,2,1,2,3,0.176,24,3,0,none,0.9563,1.0,0.9738,T67966,Ervogastat (PF-06865571),DGAT2,口服 DGAT2 抑制剂，降低肝内甘油三酯合成与 VLDL 分泌,0.194,无明确优势骨架命中,,,0.0,0.1944,O=C1CC(=O)N(c2ccccc2)c2ccccc2N1,0.5841
1699,T5512,409345-29-5,CO[C@H]1CC[C@@H](C(=O)c2ccc3nc4c(cc3c2)CCCO4)CC1,C20H23NO3,325.41,3.95,48.42,0,4,3,2,4,0.5,24,0,0,none,0.9563,1.0,0.9738,T5512,TVB-2640 (Denifanstat),FASN,脂肪酸合酶 beta-酮脂酰还原酶结构域抑制剂，直接阻断棕榈酸从头合成,0.189,无明确优势骨架命中,,,0.0,0.1889,O=C(c1ccc2nc3c(cc2c1)CCCO3)C1CCCCC1,0.5814
1700,T0457,57-66-9,CCCN(CCC)S(=O)(=O)c1ccc(C(=O)O)cc1,C13H19NO4S,285.37,2.2,74.68,1,3,7,1,1,0.462,19,0,0,none,0.9796,0.965,0.9738,T0457,Nicotinic acid (Niacin),HCAR2 / DGAT2,抑制脂肪组织脂解并弱抑制 DGAT2，减少肝内 VLDL 底物供应,0.25,无明确优势骨架命中,,,0.0,0.25,c1ccccc1,0.6119
1701,T10316,1187187-10-5,CCCCOC(=O)c1ccc(Oc2ccc3c(c2)COB3O)nc1,C17H18BNO5,327.15,2.05,77.88,1,6,6,2,3,0.294,24,0,0,none,0.9564,1.0,0.9738,T10316,Etomoxir,CPT1a (抑制剂/阴性对照),CPT1 不可逆抑制剂，作为脂肪酸氧化通路机制阴性对照,0.24,无明确优势骨架命中,,,0.0,0.24,B1OCc2cc(Oc3ccccn3)ccc21,0.6069
1702,T24580,71727-40-7,COc1ccc(-c2[nH]c(=O)[nH]c2-c2ccc(OC)cc2)cc1,C17H16N2O3,296.33,3.05,67.11,2,3,4,3,3,0.118,22,0,0,none,1.0,0.9342,0.9737,T24580,Fenofibric acid,PPAR-alpha,激活 PPAR-alpha 上调 CPT1/ACOX1，增强线粒体与过氧化物酶体脂肪酸氧化,0.178,无明确优势骨架命中,,,0.0,0.1778,O=c1[nH]c(-c2ccccc2)c(-c2ccccc2)[nH]1,0.5758
1703,T15944,394237-61-7,COc1ccc(-c2c(-c3ccc(O)cc3O)n[nH]c2C)cc1,C17H16N2O3,296.33,3.47,78.37,3,4,3,3,3,0.118,22,0,0,none,1.0,0.9342,0.9737,T15944,Naringenin,PPAR-alpha / SREBP,柑橘黄烷酮，抑制脂肪生成基因并促进脂肪酸氧化,0.18,无明确优势骨架命中,,,0.0,0.1803,c1ccc(-c2c[nH]nc2-c2ccccc2)cc1,0.577
1704,T15371,1020412-43-4,CCNCc1nc2c(N)nc3ccccc3c2n1CC(C)(C)O,C17H23N5O,313.41,2.05,88.99,3,5,5,3,3,0.412,23,0,0,none,0.9561,1.0,0.9737,T15371,Telmisartan,PPAR-gamma partial / AT1R,AT1 受体拮抗兼 PPAR-gamma 部分激动，文献报道减轻肝细胞脂肪变,0.233,无明确优势骨架命中,,,0.0,0.2326,c1ccc2c(c1)ncc1nc[nH]c12,0.6032
1705,T6325,950762-95-5,COc1ccc(Cn2ccc3ccc(C(=O)NO)cc32)cc1,C17H16N2O3,296.33,2.82,63.49,2,3,4,3,3,0.118,22,0,0,none,1.0,0.9342,0.9737,T6325,Bezafibrate,PPAR pan,泛 PPAR 弱激动剂，降低血浆与肝内甘油三酯,0.277,无明确优势骨架命中,,,0.0,0.2769,c1ccc(Cn2ccc3ccccc32)cc1,0.6253
1706,T4279,101973-77-7,CC(=O)SCC(CC(=O)c1ccc(C)cc1)C(=O)O,C14H16O4S,280.34,2.55,71.44,1,4,6,1,1,0.357,19,0,0,none,1.0,0.9342,0.9737,T4279,Gemfibrozil,PPAR-alpha,苯氧戊酸类 PPAR-alpha 激动剂，抑制肝脏 VLDL-TG 分泌,0.218,无明确优势骨架命中,,,0.0,0.2182,c1ccccc1,0.596
1707,T50025,53808-88-1,O=C(O)Cc1cn(-c2ccccc2)nc1-c1ccc(Cl)cc1,C17H13ClN2O2,312.76,3.82,55.12,1,2,4,3,3,0.059,22,1,0,none,0.9776,0.9677,0.9736,T50025,Fenofibric acid,PPAR-alpha,激活 PPAR-alpha 上调 CPT1/ACOX1，增强线粒体与过氧化物酶体脂肪酸氧化,0.218,无明确优势骨架命中,,,0.0,0.2182,c1ccc(-c2ccn(-c3ccccc3)n2)cc1,0.5959
1708,T39733,2241232-43-7,Cn1nccc1-c1ccc(C(=O)N[C@@H]2CNCC[C@H]2c2ccc(F)c(F)c2)c(F)c1,C22H21F3N4O,414.43,3.38,58.95,2,3,4,3,4,0.273,30,3,0,none,1.0,0.9339,0.9736,T39733,TVB-2640 (Denifanstat),FASN,脂肪酸合酶 beta-酮脂酰还原酶结构域抑制剂，直接阻断棕榈酸从头合成,0.237,无明确优势骨架命中,,,0.0,0.2366,O=C(NC1CNCCC1c1ccccc1)c1ccc(-c2ccn[nH]2)cc1,0.6051
1709,TD0103,477-73-6,Cc1cc2nc3cc(C)c(N)cc3[n+](-c3ccccc3)c2cc1N,C20H19N4+,315.4,3.45,68.81,2,3,1,4,4,0.1,24,0,0,none,0.9664,0.9843,0.9736,TD0103,Nicotinic acid (Niacin),HCAR2 / DGAT2,抑制脂肪组织脂解并弱抑制 DGAT2，减少肝内 VLDL 底物供应,0.159,无明确优势骨架命中,,,0.0,0.1591,c1ccc(-[n+]2c3ccccc3nc3ccccc32)cc1,0.5664
1710,T2679,582315-72-8,CCCCOc1c(C(=O)c2c(F)cc(C)cc2F)cnc2[nH]ncc12,C18H17F2N3O2,345.35,3.95,67.87,1,4,6,3,3,0.278,25,2,0,none,0.9559,1.0,0.9735,T2679,Gemfibrozil,PPAR-alpha,苯氧戊酸类 PPAR-alpha 激动剂，抑制肝脏 VLDL-TG 分泌,0.209,无明确优势骨架命中,,,0.0,0.209,O=C(c1ccccc1)c1cnc2[nH]ncc2c1,0.5913
1711,T3663,491833-29-5,CCCCCCCC(=O)N[C@H](CN1CCCC1)[C@H](O)c1ccc2c(c1)OCCO2,C23H36N2O4,404.55,3.43,71.03,2,5,11,1,3,0.696,29,0,0,none,0.9558,1.0,0.9735,T11176;T3663,Ranolazine,pFOX / 晚钠电流,部分脂肪酸氧化抑制，改善代谢底物利用,0.217,无明确优势骨架命中,,,0.0,0.2169,c1cc2c(cc1CCCN1CCCC1)OCCO2,0.5952
1712,T10089,205187-35-5,CC(Oc1ccc2c(c1)Oc1ccccc1S2(=O)=O)C(F)(F)F,C15H11F3O4S,344.31,3.95,52.6,0,4,2,2,3,0.2,23,3,0,none,0.9558,1.0,0.9735,T10089,Ciprofibrate,PPAR-alpha,长效贝特类，诱导过氧化物酶体增殖与脂肪酸 beta-氧化,0.18,无明确优势骨架命中,,,0.0,0.1803,O=S1(=O)c2ccccc2Oc2ccccc21,0.5769
1713,TN2250,487-35-4,COc1cc(C2OCC3C(c4cc(OC)c(O)c(OC)c4)OCC23)cc(OC)c1O,C22H26O8,418.44,3.21,95.84,2,8,6,2,4,0.455,30,0,0,none,0.9892,0.9499,0.9735,TN2250,Berberine,AMPK / PCSK9 / LDLR,原小檗碱型生物碱，激活 AMPK 并稳定 LDLR mRNA，HepG2 经典降脂阳性对照,0.194,无明确优势骨架命中,,,0.0,0.1935,c1ccc(C2OCC3C(c4ccccc4)OCC23)cc1,0.5835
1714,TJS0487,6216-81-5,COc1cc([C@@H]2OC[C@@H]3[C@H]2CO[C@H]3c2cc(OC)c(O)c(OC)c2)cc(OC)c1O,C22H26O8,418.44,3.21,95.84,2,8,6,2,4,0.455,30,0,0,none,0.9892,0.9499,0.9735,TJS0487,Berberine,AMPK / PCSK9 / LDLR,原小檗碱型生物碱，激活 AMPK 并稳定 LDLR mRNA，HepG2 经典降脂阳性对照,0.194,无明确优势骨架命中,,,0.0,0.1935,c1ccc(C2OCC3C(c4ccccc4)OCC23)cc1,0.5835
1715,T30248,579494-66-9,CCCOC(=O)Cc1ccc(OCC(=O)N(CC)CC)c(OCC)c1,C19H29NO5,351.44,2.83,65.07,0,5,11,1,1,0.579,25,0,0,none,0.9558,1.0,0.9735,T30248,Etomoxir,CPT1a (抑制剂/阴性对照),CPT1 不可逆抑制剂，作为脂肪酸氧化通路机制阴性对照,0.239,无明确优势骨架命中,,,0.0,0.2388,c1ccccc1,0.6062
1716,T6955,34183-22-7,CCCNCC(O)COc1ccccc1C(=O)CCc1ccccc1,C21H27NO3,341.45,3.24,58.56,2,4,11,2,2,0.381,25,0,0,none,0.9558,1.0,0.9735,T0866;T6955,Ranolazine,pFOX / 晚钠电流,部分脂肪酸氧化抑制，改善代谢底物利用,0.288,无明确优势骨架命中,,,0.0,0.2877,O=C(CCc1ccccc1)c1ccccc1,0.6306
1717,T13403,84638-81-3,COC(=O)c1cc2c(C(O)CNC(C)(C)C)ccc(O)c2[nH]1,C16H22N2O4,306.36,2.08,94.58,4,5,4,2,2,0.438,22,0,0,none,0.9556,1.0,0.9734,T13403,Gemfibrozil,PPAR-alpha,苯氧戊酸类 PPAR-alpha 激动剂，抑制肝脏 VLDL-TG 分泌,0.182,无明确优势骨架命中,,,0.0,0.1818,c1ccc2[nH]ccc2c1,0.5776
1718,T5389,139290-65-6,COc1cccc([C@H](O)C2CCN(CCc3ccc(F)cc3)CC2)c1OC,C22H28FNO3,373.47,3.83,41.93,1,4,7,2,3,0.455,27,1,0,none,0.9557,1.0,0.9734,T5389,Trimetazidine,3-KAT (长链硫解酶),部分脂肪酸氧化抑制剂，代谢调节剂,0.3,无明确优势骨架命中,,,0.0,0.3,c1ccc(CCN2CCC(Cc3ccccc3)CC2)cc1,0.6367
1719,T8954,1883548-87-5,O=c1cc(N2CCN(c3cccc(C(F)(F)F)c3)CC2)[nH]c(=O)n1C1CCCCC1,C21H25F3N4O2,422.45,3.39,61.34,1,4,3,2,4,0.524,30,3,0,none,1.0,0.9334,0.9734,T8954,Ervogastat (PF-06865571),DGAT2,口服 DGAT2 抑制剂，降低肝内甘油三酯合成与 VLDL 分泌,0.188,无明确优势骨架命中,,,0.0,0.1875,O=c1cc(N2CCN(c3ccccc3)CC2)[nH]c(=O)n1C1CCCCC1,0.5804
1720,T22359,175673-57-1,COc1cccc([C@@H](O)C2CCN(CCc3ccc(F)cc3)CC2)c1OC,C22H28FNO3,373.47,3.83,41.93,1,4,7,2,3,0.455,27,1,0,none,0.9557,1.0,0.9734,T22359,Trimetazidine,3-KAT (长链硫解酶),部分脂肪酸氧化抑制剂，代谢调节剂,0.3,无明确优势骨架命中,,,0.0,0.3,c1ccc(CCN2CCC(Cc3ccccc3)CC2)cc1,0.6367
1721,T19659,4725-51-3,C[C@@]12CCC[C@H]1[C@@H]1C[C@@H](O)[C@@]3(O)C[C@@H](O)CC[C@]3(C)[C@H]1CC2,C19H32O3,308.46,2.87,60.69,3,3,0,0,4,1.0,22,0,0,none,0.9555,1.0,0.9733,T19659,Chenodeoxycholic acid,FXR,内源性 FXR 配体，调控胆汁酸稳态并抑制肝脏脂肪生成,0.203,无明确优势骨架命中,,,0.0,0.2029,C1CCC2C(C1)CCC1C3CCCC3CCC21,0.5881
1722,TN2027,548-30-1,Cn1c(=O)c2c3c(ccc2c2ccc4cc5c(cc4c21)OCO5)OCO3,C20H13NO5,347.33,3.3,58.92,0,5,0,4,6,0.15,26,0,0,none,0.9555,1.0,0.9733,TN2027,Berberine,AMPK / PCSK9 / LDLR,原小檗碱型生物碱，激活 AMPK 并稳定 LDLR mRNA，HepG2 经典降脂阳性对照,0.246,无明确优势骨架命中,,,0.0,0.2464,O=c1[nH]c2c3cc4c(cc3ccc2c2ccc3c(c12)OCO3)OCO4,0.6098
1723,T83974,145364-90-5,COc1cccc(CNCC(O)COc2ccc3[nH]c(=O)ccc3c2)c1,C20H22N2O4,354.41,2.07,83.58,3,5,8,3,3,0.25,26,0,0,none,0.9555,1.0,0.9733,T33806;T83974,Ranolazine,pFOX / 晚钠电流,部分脂肪酸氧化抑制，改善代谢底物利用,0.232,无明确优势骨架命中,,,0.0,0.2317,O=c1ccc2cc(OCCCNCc3ccccc3)ccc2[nH]1,0.6025
1724,T5451,861249-59-4,COc1cccc(-c2cnc3c(-c4cccnc4)cnn3c2N)c1,C18H15N5O,317.35,3.05,78.33,1,5,3,4,4,0.056,24,0,0,none,0.9705,0.9776,0.9733,T5451,Nicotinic acid (Niacin),HCAR2 / DGAT2,抑制脂肪组织脂解并弱抑制 DGAT2，减少肝内 VLDL 底物供应,0.222,无明确优势骨架命中,,,0.0,0.2222,c1ccc(-c2cnc3c(-c4cccnc4)cnn3c2)cc1,0.5978
1725,T84225,49644-04-4,C[C@]12CC[C@H](O)C[C@@H]1[C@@H](O)C[C@@H]1[C@@H]2CC[C@]2(C)[C@@H](O)CC[C@@H]12,C19H32O3,308.46,2.72,60.69,3,3,0,0,4,1.0,22,0,0,none,0.9555,1.0,0.9733,T84225,Obeticholic acid,FXR,半合成胆汁酸 FXR 激动剂，经 SHP 抑制 SREBP-1c 与脂肪生成基因,0.339,无明确优势骨架命中,,,0.0,0.339,C1CCC2C(C1)CCC1C3CCCC3CCC21,0.6562
1726,T21970,743456-83-9,O=C(O)c1ccccc1OCc1ccccc1Br,C14H11BrO3,307.14,3.73,46.53,1,2,4,2,2,0.071,18,1,0,none,0.9848,0.9561,0.9733,T21970,Salicylate,"AMPK (direct, beta1)",直接结合 AMPK beta1 变构位点，抑制脂肪生成,0.361,无明确优势骨架命中,,,0.0,0.3611,c1ccc(COc2ccccc2)cc1,0.6672
1727,T21981,880487-62-7,Cc1cc(Nc2nn(-c3ccccc3)c(=O)c3ccccc23)n[nH]1,C18H15N5O,317.35,3.16,75.6,2,4,3,4,4,0.056,24,0,0,none,0.9705,0.9776,0.9733,T21981,Resmetirom (MGL-3196),THR-beta,肝脏选择性甲状腺激素受体 beta 激动；上调 CPT1A/线粒体 beta-氧化与脂噬，降低肝内甘油三酯,0.177,无明确优势骨架命中,,,0.0,0.1772,O=c1c2ccccc2c(Nc2cc[nH]n2)nn1-c1ccccc1,0.5752
1728,TN1049,77573-43-4,CC1=C[C@]23C(=O)[C@@H](C=C4COC(C)(C)O[C@H]4C2(O)[C@H]1O)[C@H]1[C@@H](C[C@H]3C)C1(C)C,C23H32O5,388.5,2.61,75.99,2,5,0,0,5,0.783,28,0,0,none,0.9555,1.0,0.9733,TN1049,Simvastatin,HMGCR,内酯型前药，抑制胆固醇合成并激活 AMPK/自噬,0.147,无明确优势骨架命中,,,0.0,0.1474,O=C1C2C=C3COCOC3C3CC=CC13CCC1CC12,0.5604
1729,T8971,151271-08-8,NC(=O)c1ncn2c1CN=C(c1ccccc1Br)c1cc(F)ccc1-2,C18H12BrFN4O,399.22,3.22,73.27,1,3,2,3,4,0.056,25,2,0,none,1.0,0.9332,0.9733,T8971,AICAR,AMPK (AMP mimetic),细胞内转化为 ZMP 模拟 AMP 别构激活 AMPK,0.222,无明确优势骨架命中,,,0.0,0.2222,c1ccc(C2=NCc3cncn3-c3ccccc32)cc1,0.5978
1730,T64362,2455427-91-3,O=c1ccccn1-c1ccc(N[C@H]2CC[C@H](Nc3ncc(OC(F)F)cn3)C2)nc1,C20H20F2N6O2,414.42,3.07,93.96,2,7,7,3,4,0.3,30,2,0,none,0.995,0.9408,0.9733,T64362,Ervogastat (PF-06865571),DGAT2,口服 DGAT2 抑制剂，降低肝内甘油三酯合成与 VLDL 分泌,0.235,无明确优势骨架命中,,,0.0,0.2346,O=c1ccccn1-c1ccc(NC2CCC(Nc3ncccn3)C2)nc1,0.604
1731,T26923,52712-76-2,CCCC(=O)N1CCCN(c2nc(N)c3cc(OC)c(OC)cc3n2)CC1,C19H27N5O3,373.46,2.07,93.81,1,7,5,2,3,0.526,27,0,0,none,0.9553,1.0,0.9732,T26923,TVB-2640 (Denifanstat),FASN,脂肪酸合酶 beta-酮脂酰还原酶结构域抑制剂，直接阻断棕榈酸从头合成,0.187,无明确优势骨架命中,,,0.0,0.1868,c1ccc2nc(N3CCCNCC3)ncc2c1,0.58
1732,T6055,875320-29-9,Cn1cc(CNCC2CCN(c3ncc(C(=O)NO)cn3)CC2)c2ccccc21,C21H26N6O2,394.48,2.09,95.31,3,6,6,3,4,0.381,29,0,0,none,0.9554,1.0,0.9732,T6055;T6865,PF-06424439 (DGAT2i),DGAT2,二酰甘油酰基转移酶2 抑制剂，直接阻断甘油三酯酯化终末步骤,0.297,无明确优势骨架命中,,,0.0,0.2973,c1cnc(N2CCC(CNCc3c[nH]c4ccccc34)CC2)nc1,0.6352
1733,T86161,208255-51-0,COC(=O)[C@@H](NC(=O)[C@H](C)NC(=O)Cc1cc(F)cc(F)c1)c1ccccc1,C20H20F2N2O4,390.39,2.04,84.5,2,4,7,2,2,0.25,28,2,0,none,0.9553,1.0,0.9732,T86161,Ranolazine,pFOX / 晚钠电流,部分脂肪酸氧化抑制，改善代谢底物利用,0.208,无明确优势骨架命中,,,0.0,0.2078,O=C(CNC(=O)Cc1ccccc1)NCc1ccccc1,0.5905
1734,T2075,597544-21-3,c1cc(-c2cnn3cc(-c4ccc(OCCN5CCOCC5)cc4)cnc23)ccn1,C23H23N5O2,401.47,3.17,64.78,0,6,6,4,5,0.261,30,0,0,none,0.9705,0.9773,0.9732,T2075,Ervogastat (PF-06865571),DGAT2,口服 DGAT2 抑制剂，降低肝内甘油三酯合成与 VLDL 分泌,0.181,无明确优势骨架命中,,,0.0,0.1807,c1cc(-c2cnn3cc(-c4ccc(OCCN5CCOCC5)cc4)cnc23)ccn1,0.577
1735,T8358,13392-18-2,CC(Cc1ccc(O)cc1)NCC(O)c1cc(O)cc(O)c1,C17H21NO4,303.36,2.06,92.95,5,5,6,2,2,0.294,22,0,0,none,0.9553,1.0,0.9732,T22331;T8358,Ezetimibe,NPC1L1,抑制胆固醇再摄取，降低肝内胆固醇酯负荷,0.206,无明确优势骨架命中,,,0.0,0.2063,c1ccc(CCNCCc2ccccc2)cc1,0.5898
1736,T62385,2436760-81-3,Cc1ccc(CNCC2(F)CCN(C(=O)c3ccc(F)c(Cl)c3)CC2)nc1,C20H22ClF2N3O,393.87,3.92,45.23,1,3,5,2,3,0.4,27,3,0,none,0.9554,1.0,0.9732,T62385,PF-06424439 (DGAT2i),DGAT2,二酰甘油酰基转移酶2 抑制剂，直接阻断甘油三酯酯化终末步骤,0.212,哌嗪/哌啶杂芳基甲酰胺,SCD1 / DGAT2,脂质酶抑制剂常见的环胺-酰胺连接模式，倾向作用于 SCD1/DGAT2 等内质网膜结合型脂质合成酶,0.55,0.46,O=C(c1ccccc1)N1CCC(CNCc2ccccn2)CC1,0.7166
1737,T22875,688353-45-9,Cc1ccc2nc(NC(=O)CSc3nc4c(c(=O)n3C)SC(C)C4)sc2c1,C18H18N4O2S3,418.57,3.47,76.88,1,7,4,3,4,0.333,27,0,0,none,1.0,0.9327,0.9731,T22875,GW501516,PPAR-delta,PPAR-delta 选择性激动，提升肝与骨骼肌脂肪酸氧化,0.175,无明确优势骨架命中,,,0.0,0.1753,O=C(CSc1nc2c(c(=O)[nH]1)SCC2)Nc1nc2ccccc2s1,0.5742
1738,T17208,1373268-67-7,CC(C)N1CCC(N2CCCN(c3cccc(C(=O)Nc4ccncc4)n3)CC2)CC1,C24H34N6O,422.58,3.11,64.6,1,6,5,2,4,0.542,31,0,0,none,1.0,0.9329,0.9731,T17208,Ervogastat (PF-06865571),DGAT2,口服 DGAT2 抑制剂，降低肝内甘油三酯合成与 VLDL 分泌,0.226,无明确优势骨架命中,,,0.0,0.2262,O=C(Nc1ccncc1)c1cccc(N2CCCN(C3CCNCC3)CC2)n1,0.5996
1739,TN11093,53777-78-9,C1=C2c3cc4c(cc3CCN2Cc2c1ccc1c2OCO1)OCO4,C19H15NO4,321.33,3.01,40.16,0,5,0,2,6,0.263,24,0,0,none,0.9552,1.0,0.9731,TN11093,Berberine,AMPK / PCSK9 / LDLR,原小檗碱型生物碱，激活 AMPK 并稳定 LDLR mRNA，HepG2 经典降脂阳性对照,0.261,无明确优势骨架命中,,,0.0,0.2609,C1=C2c3cc4c(cc3CCN2Cc2c1ccc1c2OCO1)OCO4,0.617
1740,T20563,199850-67-4,CC(C)[C@H](NS(=O)(=O)c1ccc(-c2ccc(Br)cc2)cc1)C(=O)O,C17H18BrNO4S,412.31,3.5,83.47,2,3,6,2,2,0.235,24,1,0,none,1.0,0.9327,0.9731,T20563,Lanifibranor,PPAR pan (alpha/delta/gamma),泛 PPAR 激动，促进 beta-氧化、抑制脂肪生成与炎症纤维化,0.182,无明确优势骨架命中,,,0.0,0.1818,c1ccc(-c2ccccc2)cc1,0.5774
1741,T4S2063,4312-32-7,c1cc2c(c3c1CC1c4cc5c(cc4CCN1C3)OCO5)OCO2,C19H17NO4,323.35,2.8,40.16,0,5,0,2,6,0.368,24,0,0,none,0.9552,1.0,0.9731,T4S2063;T5807,Berberine,AMPK / PCSK9 / LDLR,原小檗碱型生物碱，激活 AMPK 并稳定 LDLR mRNA，HepG2 经典降脂阳性对照,0.229,无明确优势骨架命中,,,0.0,0.2286,c1cc2c(c3c1CC1c4cc5c(cc4CCN1C3)OCO5)OCO2,0.6008
1742,TQ0104,1883545-60-5,CC[C@@H](N)CNc1ccnc(-c2cc(-c3cnn(C)c3)ccc2O)n1,C18H22N6O,338.42,2.4,101.88,3,6,6,3,3,0.278,25,0,0,none,0.955,1.0,0.973,TQ0104,Telmisartan,PPAR-gamma partial / AT1R,AT1 受体拮抗兼 PPAR-gamma 部分激动，文献报道减轻肝细胞脂肪变,0.141,无明确优势骨架命中,,,0.0,0.1414,c1cnc(-c2cccc(-c3cn[nH]c3)c2)nc1,0.5572
1743,T6737,74711-43-6,CC(C(=O)O)c1ccc2c(c1)CC(=O)c1ccccc1S2,C17H14O3S,298.36,3.76,54.37,1,3,2,2,3,0.176,21,0,0,none,0.9845,0.9557,0.973,T6737,Salicylate,"AMPK (direct, beta1)",直接结合 AMPK beta1 变构位点，抑制脂肪生成,0.184,无明确优势骨架命中,,,0.0,0.1837,O=C1Cc2ccccc2Sc2ccccc21,0.5784
1744,T9679,312508-42-2,N#Cc1c(NC(=O)c2cnccn2)sc2c1CCCC2,C14H12N4OS,284.34,2.54,78.67,1,5,2,2,3,0.286,20,0,0,none,1.0,0.9324,0.973,T9679,Nicotinic acid (Niacin),HCAR2 / DGAT2,抑制脂肪组织脂解并弱抑制 DGAT2，减少肝内 VLDL 底物供应,0.182,无明确优势骨架命中,,,0.0,0.1818,O=C(Nc1cc2c(s1)CCCC2)c1cnccn1,0.5774
1745,T15660,1303469-70-6,CSc1ccccc1Nc1nc(N2CCNCC2)nc2c(NCC3CC3)ncnc12,C21H26N8S,422.56,3.12,90.89,3,9,7,3,5,0.429,30,0,0,none,0.9997,0.9329,0.973,T15660,Trimetazidine,3-KAT (长链硫解酶),部分脂肪酸氧化抑制剂，代谢调节剂,0.176,无明确优势骨架命中,,,0.0,0.1757,c1ccc(Nc2nc(N3CCNCC3)nc3c(NCC4CC4)ncnc23)cc1,0.5744
1746,T17218,172733-08-3,CCc1c(C(=O)C(N)=O)c2c(OCC(=O)OC)cccc2n1Cc1ccccc1,C22H22N2O5,394.43,2.47,100.62,1,5,8,3,3,0.227,29,0,0,none,0.9613,0.9906,0.973,T17218,Ranolazine,pFOX / 晚钠电流,部分脂肪酸氧化抑制，改善代谢底物利用,0.235,无明确优势骨架命中,,,0.0,0.2346,c1ccc(Cn2ccc3ccccc32)cc1,0.6038
1747,T12484,71002-09-0,O=C(O)Cc1nn(-c2ccc(F)cc2)cc1-c1ccc(Cl)cc1,C17H12ClFN2O2,330.75,3.96,55.12,1,2,4,3,3,0.059,23,2,0,none,0.955,1.0,0.973,T12484,Fluvastatin,HMGCR,全合成 HMGCR 抑制剂,0.23,无明确优势骨架命中,,,0.0,0.2297,c1ccc(-c2cnn(-c3ccccc3)c2)cc1,0.6013
1748,T8640,2457232-14-1,N#Cc1cc(Nc2ncc3c(n2)CCCCC3=O)cs1,C14H12N4OS,284.34,3.06,78.67,1,6,2,2,3,0.286,20,0,0,none,1.0,0.9324,0.973,T8640,A-769662,"AMPK (direct, beta1)",直接变构激活 AMPK beta1 亚基，磷酸化 ACC1/2 抑制 DNL,0.162,无明确优势骨架命中,,,0.0,0.1622,O=C1CCCCc2nc(Nc3ccsc3)ncc21,0.5676
1749,T41312,139262-23-0,NCCCC[C@H](NC(=O)OCC1c2ccccc2-c2ccccc21)C(=O)O,C21H24N2O4,368.43,3.11,101.65,3,4,8,2,3,0.333,27,0,0,none,0.9548,1.0,0.9729,T41312;T65665,Bempedoic acid,ACLY / AMPK,肝特异性 ATP-柠檬酸裂解酶抑制剂前药，减少乙酰辅酶A 供应并激活 AMPK,0.175,无明确优势骨架命中,,,0.0,0.1754,c1ccc2c(c1)Cc1ccccc1-2,0.5741
1750,T19940,946578-00-3,CC(c1ccc(C(F)(F)F)nc1)S(C)(=O)=NC#N,C10H10F3N3OS,277.27,2.74,66.11,0,4,2,1,1,0.4,18,3,0,none,1.0,0.9322,0.9729,T19940,Ervogastat (PF-06865571),DGAT2,口服 DGAT2 抑制剂，降低肝内甘油三酯合成与 VLDL 分泌,0.147,无明确优势骨架命中,,,0.0,0.1467,c1ccncc1,0.5598
1751,T8450,556803-08-8,O=C(CSc1nnc(NCc2ccccc2)s1)NCC1CCCCC1,C18H24N4OS2,376.55,3.94,66.91,2,6,8,2,3,0.5,25,0,0,none,0.9546,1.0,0.9728,T8450,GW501516,PPAR-delta,PPAR-delta 选择性激动，提升肝与骨骼肌脂肪酸氧化,0.184,无明确优势骨架命中,,,0.0,0.1839,O=C(CSc1nnc(NCc2ccccc2)s1)NCC1CCCCC1,0.5784
1752,T4058,2133832-83-2,COc1ccc(CCC(=O)N(c2nccc3ccccc23)[C@@H]2CCCNC2)cc1,C24H27N3O2,389.5,3.96,54.46,1,4,6,3,4,0.333,29,0,0,none,0.9546,1.0,0.9728,T4058,Rosiglitazone,PPAR-gamma,TZD 类 PPAR-gamma 全激动剂，改善胰岛素抵抗与肝内脂肪蓄积,0.235,无明确优势骨架命中,,,0.0,0.2353,O=C(CCc1ccccc1)N(c1nccc2ccccc12)C1CCCNC1,0.604
1753,T72053,1337532-14-5,Cc1cccc(CC(=O)N2CCc3cc(-c4cn(C)c5ncnc(N)c45)ccc32)n1,C23H22N6O,398.47,3.05,89.93,1,5,3,4,5,0.217,30,0,0,none,0.9705,0.976,0.9727,T72053,Lanifibranor,PPAR pan (alpha/delta/gamma),泛 PPAR 激动，促进 beta-氧化、抑制脂肪生成与炎症纤维化,0.191,无明确优势骨架命中,,,0.0,0.191,O=C(Cc1ccccn1)N1CCc2cc(-c3c[nH]c4ncncc34)ccc21,0.5818
1754,T68051,119905-05-4,COc1ccc2c(c1)CCN1C[C@H]3CCCN(S(C)(=O)=O)[C@H]3C[C@@H]21,C18H26N2O3S,350.48,2.04,49.85,0,4,2,1,4,0.667,24,0,0,none,0.9545,1.0,0.9727,T68051,Lanifibranor,PPAR pan (alpha/delta/gamma),泛 PPAR 激动，促进 beta-氧化、抑制脂肪生成与炎症纤维化,0.195,无明确优势骨架命中,,,0.0,0.1948,c1ccc2c(c1)CCN1CC3CCCNC3CC21,0.5838
1755,T10168,142477-34-7,COc1ccccc1N1CCN(CCc2ccc3c(c2)sc(=O)n3C)CC1,C21H25N3O2S,383.52,2.97,37.71,0,5,5,3,4,0.381,27,0,0,none,0.9545,1.0,0.9727,T10168,Ranolazine,pFOX / 晚钠电流,部分脂肪酸氧化抑制，改善代谢底物利用,0.241,无明确优势骨架命中,,,0.0,0.2405,O=c1[nH]c2ccc(CCN3CCN(c4ccccc4)CC3)cc2s1,0.6066
1756,T16125,1314883-11-8,CS(=O)(=O)c1ccc(-c2cnc(N)c(-c3ccc(C(F)(F)F)nc3)c2)cc1,C18H14F3N3O2S,393.39,3.82,85.94,1,5,3,3,3,0.111,27,3,0,none,0.9782,0.9645,0.9727,T16125,GW501516,PPAR-delta,PPAR-delta 选择性激动，提升肝与骨骼肌脂肪酸氧化,0.195,无明确优势骨架命中,,,0.0,0.1948,c1ccc(-c2cncc(-c3cccnc3)c2)cc1,0.5838
1757,T68051L,121961-55-5,COc1ccc2c(c1)CCN1C[C@@H]3CCCN(S(C)(=O)=O)[C@@H]3C[C@H]21,C18H26N2O3S,350.48,2.04,49.85,0,4,2,1,4,0.667,24,0,0,none,0.9545,1.0,0.9727,T68051L,Lanifibranor,PPAR pan (alpha/delta/gamma),泛 PPAR 激动，促进 beta-氧化、抑制脂肪生成与炎症纤维化,0.195,无明确优势骨架命中,,,0.0,0.1948,c1ccc2c(c1)CCN1CC3CCCNC3CC21,0.5838
1758,T79851,1426449-01-5,Cc1ccc(-c2noc([C@H]3C[C@@H]3F)n2)cc1NC(=O)c1cnc2ccccn12,C20H16FN5O2,377.38,3.77,85.32,1,5,4,4,5,0.2,28,1,0,none,0.9543,1.0,0.9726,T79851,Ranolazine,pFOX / 晚钠电流,部分脂肪酸氧化抑制，改善代谢底物利用,0.198,无明确优势骨架命中,,,0.0,0.1978,O=C(Nc1cccc(-c2noc(C3CC3)n2)c1)c1cnc2ccccn12,0.5852
1759,T13033,116-42-7,CC(C)Oc1ccc(C(=O)NS(=O)(=O)c2ccc(N)cc2)cc1,C16H18N2O4S,334.4,2.17,98.49,2,5,5,2,2,0.188,23,0,0,none,0.9544,1.0,0.9726,T13033,Bezafibrate,PPAR pan,泛 PPAR 弱激动剂，降低血浆与肝内甘油三酯,0.238,无明确优势骨架命中,,,0.0,0.2381,O=C(NS(=O)(=O)c1ccccc1)c1ccccc1,0.6054
1760,T26624,872044-70-7,Cc1ccc(B(OC(=O)c2ncccc2O)c2ccc(C)c(Cl)c2)cc1Cl,C20H16BCl2NO3,400.07,3.67,59.42,1,4,4,3,3,0.1,27,2,0,none,0.9933,0.9416,0.9726,T26624,Lanifibranor,PPAR pan (alpha/delta/gamma),泛 PPAR 激动，促进 beta-氧化、抑制脂肪生成与炎症纤维化,0.232,无明确优势骨架命中,,,0.0,0.2319,O=C(OB(c1ccccc1)c1ccccc1)c1ccccn1,0.6022
1761,T5484,1628332-52-4,O=c1[nH]c(Oc2cnn(Cc3ccccc3)c2)nc2cnccc12,C17H13N5O2,319.32,2.36,85.69,1,5,4,4,4,0.059,24,0,0,none,0.9658,0.9826,0.9725,T5484,Nicotinic acid (Niacin),HCAR2 / DGAT2,抑制脂肪组织脂解并弱抑制 DGAT2，减少肝内 VLDL 底物供应,0.19,无明确优势骨架命中,,,0.0,0.1897,O=c1[nH]c(Oc2cnn(Cc3ccccc3)c2)nc2cnccc12,0.5811
1762,T1424,57-63-6,C#C[C@]1(O)CC[C@H]2[C@@H]3CCc4cc(O)ccc4[C@H]3CC[C@@]21C,C20H24O2,296.41,3.61,40.46,2,2,0,1,4,0.6,22,0,0,none,0.9541,1.0,0.9725,T1424,Fenretinide (4-HPR),DES1 / RBP4,视黄酰胺，抑制二氢神经酰胺去饱和酶，改善肝脂肪变,0.16,无明确优势骨架命中,,,0.0,0.1605,c1ccc2c(c1)CCC1C2CCC2CCCC21,0.5665
1763,T19124,2304-89-4,C[C@H](CCC(=O)O)[C@H]1CC[C@H]2[C@@H]3[C@H](O)C[C@@H]4CC(=O)CC[C@]4(C)[C@H]3C[C@H](O)[C@]12C,C24H38O5,406.56,3.66,94.83,3,4,4,0,4,0.917,29,0,0,none,0.9576,0.9949,0.9725,T19124,Chenodeoxycholic acid,FXR,内源性 FXR 配体，调控胆汁酸稳态并抑制肝脏脂肪生成,0.562,胆汁酸甾核 + C24 羧酸,FXR,甾体胆汁酸骨架激动核受体 FXR，经 SHP 抑制 SREBP-1c/ChREBP 转录程序，并经 FGF19 轴抑制 CYP7A1，降低肝内脂质与胆汁酸负荷,0.9,0.955,O=C1CCC2C(CCC3C4CCCC4CCC23)C1,0.9638
1764,T71934,153420-96-3,Cc1c(C)c2ccc(OCc3nnc(C(C)C)s3)cc2oc1=O,C17H18N2O3S,330.41,3.96,65.22,0,6,4,3,3,0.353,23,0,0,none,0.9541,1.0,0.9725,T71934,GW4064,FXR,非甾体高效 FXR 激动剂工具化合物，抑制 DNL 相关转录程序,0.23,无明确优势骨架命中,,,0.0,0.2299,O=c1ccc2ccc(OCc3nncs3)cc2o1,0.6012
1765,TN7120,911-40-0,C[C@H](CCC(=O)O)[C@H]1CC[C@H]2[C@@H]3C(=O)C[C@@H]4C[C@H](O)CC[C@]4(C)[C@H]3C[C@H](O)[C@]12C,C24H38O5,406.56,3.66,94.83,3,4,4,0,4,0.917,29,0,0,none,0.9576,0.9949,0.9725,TN7120,Chenodeoxycholic acid,FXR,内源性 FXR 配体，调控胆汁酸稳态并抑制肝脏脂肪生成,0.571,胆汁酸甾核 + C24 羧酸,FXR,甾体胆汁酸骨架激动核受体 FXR，经 SHP 抑制 SREBP-1c/ChREBP 转录程序，并经 FGF19 轴抑制 CYP7A1，降低肝内脂质与胆汁酸负荷,0.9,0.955,O=C1CC2CCCCC2C2CCC3CCCC3C12,0.9638
1766,TN7583,2458-08-4,C[C@H](CCC(=O)O)[C@H]1CC[C@H]2[C@@H]3[C@H](O)C[C@@H]4C[C@H](O)CC[C@]4(C)[C@H]3CC(=O)[C@]12C,C24H38O5,406.56,3.66,94.83,3,4,4,0,4,0.917,29,0,0,none,0.9576,0.9949,0.9725,TN7583,Chenodeoxycholic acid,FXR,内源性 FXR 配体，调控胆汁酸稳态并抑制肝脏脂肪生成,0.75,胆汁酸甾核 + C24 羧酸,FXR,甾体胆汁酸骨架激动核受体 FXR，经 SHP 抑制 SREBP-1c/ChREBP 转录程序，并经 FGF19 轴抑制 CYP7A1，降低肝内脂质与胆汁酸负荷,0.9,0.955,O=C1CC2C3CCCCC3CCC2C2CCCC12,0.9638
1767,T4S0536,1354-84-3,C=C1C2CCC3(C([C@H]2O)[C@@]24CCC[C@@]5(C)CN(CC)C2[C@@H]3C[C@H]54)[C@@H]1O,C22H33NO2,343.51,2.82,43.7,2,3,1,0,7,0.909,25,0,0,none,0.9539,1.0,0.9724,T4S0536,Obeticholic acid,FXR,半合成胆汁酸 FXR 激动剂，经 SHP 抑制 SREBP-1c 与脂肪生成基因,0.179,无明确优势骨架命中,,,0.0,0.1786,C=C1CC23CCC1CC2C12CCCC4CNC1C3CC42,0.5755
1768,T21666,170911-68-9,N#Cc1ccc(N2CCN(C(=O)COc3ccc4[nH]cc(CCN)c4c3)CC2)cc1,C23H25N5O2,403.49,2.27,98.38,2,5,6,3,4,0.304,30,0,0,none,0.9662,0.9815,0.9724,T21666,Pioglitazone,PPAR-gamma,噻唑烷二酮胰岛素增敏剂，促进脂肪组织脂质再分布、降低肝细胞脂毒性,0.172,无明确优势骨架命中,,,0.0,0.1724,O=C(COc1ccc2[nH]ccc2c1)N1CCN(c2ccccc2)CC1,0.5724
1769,T6597,112885-42-4,CCOc1cc(N)c(Cl)cc1C(=O)NCC1CN(Cc2ccc(F)cc2)CCO1,C21H25ClFN3O3,421.9,3.09,76.82,2,5,7,2,3,0.381,29,2,0,none,1.0,0.9309,0.9724,T6597;T8128,TVB-2640 (Denifanstat),FASN,脂肪酸合酶 beta-酮脂酰还原酶结构域抑制剂，直接阻断棕榈酸从头合成,0.224,无明确优势骨架命中,,,0.0,0.2245,O=C(NCC1CN(Cc2ccccc2)CCO1)c1ccccc1,0.5984
1770,T27812,104340-86-5,CC(C)CN(C)c1ccccc1CS(=O)c1nc2ccccc2[nH]1,C19H23N3OS,341.48,3.96,48.99,1,3,6,3,3,0.316,24,0,0,none,0.954,1.0,0.9724,T27812,Rosiglitazone,PPAR-gamma,TZD 类 PPAR-gamma 全激动剂，改善胰岛素抵抗与肝内脂肪蓄积,0.165,无明确优势骨架命中,,,0.0,0.1646,O=S(Cc1ccccc1)c1nc2ccccc2[nH]1,0.5685
1771,T31981,1698901-76-6,CCN(Cc1cc(=O)n2c3c(sc2n1)CCC3)c1ccc(F)cc1,C18H18FN3OS,343.43,3.41,37.61,0,4,4,3,4,0.333,24,1,0,none,0.9538,1.0,0.9723,T31981,Atorvastatin,HMGCR,HMG-CoA 还原酶抑制，降低胆固醇合成并上调 LDLR,0.176,无明确优势骨架命中,,,0.0,0.1758,O=c1cc(CNc2ccccc2)nc2sc3c(n12)CCC3,0.5741
1772,T0157,93793-83-0,CC(=O)OCC(=O)NCCCOc1cccc(CN2CCCCC2)c1,C19H28N2O4,348.44,2.12,67.87,1,5,9,1,2,0.579,25,0,0,none,0.9538,1.0,0.9723,T0157,Etomoxir,CPT1a (抑制剂/阴性对照),CPT1 不可逆抑制剂，作为脂肪酸氧化通路机制阴性对照,0.25,无明确优势骨架命中,,,0.0,0.25,c1ccc(CN2CCCCC2)cc1,0.6112
1773,TN1730,31575-93-6,CC(C)(O)[C@H](O)COc1c2occc2cc2ccc(=O)oc12,C16H16O6,304.3,2.05,93.04,2,6,4,3,3,0.312,22,0,0,none,0.9537,1.0,0.9722,TN1730,Gemfibrozil,PPAR-alpha,苯氧戊酸类 PPAR-alpha 激动剂，抑制肝脏 VLDL-TG 分泌,0.185,无明确优势骨架命中,,,0.0,0.1846,O=c1ccc2cc3ccoc3cc2o1,0.5784
1774,T1703,86639-52-3,CCc1c2c(nc3ccc(O)cc13)-c1cc3c(c(=O)n1C2)COC(=O)[C@]3(O)CC,C22H20N2O5,392.41,2.35,101.65,2,6,2,3,5,0.318,29,0,0,none,0.9536,1.0,0.9722,T1703,GW4064,FXR,非甾体高效 FXR 激动剂工具化合物，抑制 DNL 相关转录程序,0.165,无明确优势骨架命中,,,0.0,0.165,O=C1Cc2cc3n(c(=O)c2CO1)Cc1cc2ccccc2nc1-3,0.5686
1775,T5808,133164-11-1,CC(C)(O)C(O)COc1c2ccoc2cc2oc(=O)ccc12,C16H16O6,304.3,2.05,93.04,2,6,4,3,3,0.312,22,0,0,none,0.9537,1.0,0.9722,T5808,Gemfibrozil,PPAR-alpha,苯氧戊酸类 PPAR-alpha 激动剂，抑制肝脏 VLDL-TG 分泌,0.185,无明确优势骨架命中,,,0.0,0.1846,O=c1ccc2cc3ccoc3cc2o1,0.5784
1776,T4114,436-32-8,COc1cc(C)c(C(=O)Oc2cc(C)c(C(=O)O)c(O)c2C)c(OC)c1C,C20H22O7,374.39,3.56,102.29,2,6,5,2,2,0.3,27,0,0,none,0.9536,1.0,0.9722,T4114,Gemfibrozil,PPAR-alpha,苯氧戊酸类 PPAR-alpha 激动剂，抑制肝脏 VLDL-TG 分泌,0.203,无明确优势骨架命中,,,0.0,0.2034,O=C(Oc1ccccc1)c1ccccc1,0.5878
1777,T6S0078,2643-85-8,CC(C)(O)[C@H](O)COc1c2ccoc2cc2oc(=O)ccc12,C16H16O6,304.3,2.05,93.04,2,6,4,3,3,0.312,22,0,0,none,0.9537,1.0,0.9722,T6S0078,Gemfibrozil,PPAR-alpha,苯氧戊酸类 PPAR-alpha 激动剂，抑制肝脏 VLDL-TG 分泌,0.185,无明确优势骨架命中,,,0.0,0.1846,O=c1ccc2cc3ccoc3cc2o1,0.5784
1778,TN2460,119577-28-5,CCc1ccc(O)c2cc3c(nc12)-c1cc2c(c(=O)n1C3)COC(=O)[C@]2(O)CC,C22H20N2O5,392.41,2.35,101.65,2,6,2,3,5,0.318,29,0,0,none,0.9536,1.0,0.9722,TN2460,ACC inhibitor chemotype (firsocostat-like proxy),ACC1/ACC2,变构抑制乙酰辅酶A羧化酶，降低丙二酰辅酶A、阻断新发脂质合成(DNL)并解除 CPT1 抑制,0.137,无明确优势骨架命中,,,0.0,0.1368,O=C1Cc2cc3n(c(=O)c2CO1)Cc1cc2ccccc2nc1-3,0.5545
1779,T19446,105838-14-0,Cc1ccc(S(=O)(=O)ONC(=O)OC(C)(C)C)cc1,C12H17NO5S,287.34,2.14,81.7,1,5,3,1,1,0.417,19,0,0,none,0.9718,0.9725,0.9721,T19446,Gemfibrozil,PPAR-alpha,苯氧戊酸类 PPAR-alpha 激动剂，抑制肝脏 VLDL-TG 分泌,0.245,无明确优势骨架命中,,,0.0,0.2453,c1ccccc1,0.6087
1780,T67804,1097628-00-6,CCn1c(C(=O)c2cc(C)cc(C#N)c2)c(C(C)C)c(=O)[nH]c1=O,C18H19N3O3,325.37,2.09,95.72,1,4,4,2,2,0.333,24,0,0,none,0.9536,1.0,0.9721,T67804,Resmetirom (MGL-3196),THR-beta,肝脏选择性甲状腺激素受体 beta 激动；上调 CPT1A/线粒体 beta-氧化与脂噬，降低肝内甘油三酯,0.237,无明确优势骨架命中,,,0.0,0.2375,O=C(c1ccccc1)c1cc(=O)[nH]c(=O)[nH]1,0.6048
1781,T1724,14892-97-8,O=c1[nH]c(=S)[nH]c2nc(-c3ccccc3)c(-c3ccccc3)nc12,C18H12N4OS,332.39,3.71,74.43,2,4,2,4,4,0.0,24,0,0,none,0.9607,0.9893,0.9721,T1724,A-769662,"AMPK (direct, beta1)",直接变构激活 AMPK beta1 亚基，磷酸化 ACC1/2 抑制 DNL,0.177,无明确优势骨架命中,,,0.0,0.1774,O=c1[nH]c(=S)[nH]c2nc(-c3ccccc3)c(-c3ccccc3)nc12,0.5748
1782,T39849,2312-35-8,C#CCOS(=O)OC1CCCCC1Oc1ccc(C(C)(C)C)cc1,C19H26O4S,350.48,3.92,44.76,0,4,6,1,2,0.579,24,0,0,none,0.9535,1.0,0.9721,T39849,Ervogastat (PF-06865571),DGAT2,口服 DGAT2 抑制剂，降低肝内甘油三酯合成与 VLDL 分泌,0.197,无明确优势骨架命中,,,0.0,0.1974,c1ccc(OC2CCCCC2)cc1,0.5848
1783,T6615,99614-02-5,Cc1nccn1CC1CCc2c(c3ccccc3n2C)C1=O,C18H19N3O,293.37,3.13,39.82,0,2,2,3,4,0.333,22,0,0,none,0.9682,0.978,0.9721,T6615;T6616,Fluvastatin,HMGCR,全合成 HMGCR 抑制剂,0.181,无明确优势骨架命中,,,0.0,0.1807,O=C1c2c([nH]c3ccccc23)CCC1Cn1ccnc1,0.5764
1784,T6565,116209-55-3,CC(C)NC[C@H](O)COc1ccc(CCOCC2CC2)cc1,C18H29NO3,307.43,2.39,50.72,2,4,11,1,2,0.667,22,0,0,none,0.9533,1.0,0.972,T6565,Pioglitazone,PPAR-gamma,噻唑烷二酮胰岛素增敏剂，促进脂肪组织脂质再分布、降低肝细胞脂毒性,0.222,无明确优势骨架命中,,,0.0,0.2222,c1ccc(CCOCC2CC2)cc1,0.5971
1785,TN7097,5234-70-8,COc1cc(CC(CO)c2cc(CCCO)cc(OC)c2O)ccc1O,C20H26O6,362.42,2.36,99.38,4,6,9,2,2,0.4,26,0,0,none,0.9534,1.0,0.972,TN7097,VK2809 active acid (MB07344),THR-beta,肝靶向 THR-beta 激动剂活性代谢物；促进脂肪酸氧化与 LDL-C 清除,0.174,无明确优势骨架命中,,,0.0,0.1739,c1ccc(CCc2ccccc2)cc1,0.573
1786,T0226,63659-19-8,CC(C)NCC(O)COc1ccc(CCOCC2CC2)cc1,C18H29NO3,307.43,2.39,50.72,2,4,11,1,2,0.667,22,0,0,none,0.9533,1.0,0.972,T0226;T6408,Pioglitazone,PPAR-gamma,噻唑烷二酮胰岛素增敏剂，促进脂肪组织脂质再分布、降低肝细胞脂毒性,0.222,无明确优势骨架命中,,,0.0,0.2222,c1ccc(CCOCC2CC2)cc1,0.5971
1787,T15787,1252362-53-0,Nc1nc(Cl)cc(N(Cc2cccs2)C2CC2)n1,C12H13ClN4S,280.78,2.94,55.04,1,5,4,2,3,0.333,18,1,0,none,1.0,0.9301,0.972,T15787,GW501516,PPAR-delta,PPAR-delta 选择性激动，提升肝与骨骼肌脂肪酸氧化,0.131,无明确优势骨架命中,,,0.0,0.131,c1csc(CN(c2ccncn2)C2CC2)c1,0.5515
1788,T70086,1887195-17-6,O=C(NC1CN(Cc2cnn(Cc3ccc(Cl)cc3)c2)C1)c1cn(C2CC2)nn1,C20H22ClN7O,411.9,2.13,80.87,1,5,7,3,5,0.4,29,1,0,none,0.9695,0.9754,0.9719,T70086,Bezafibrate,PPAR pan,泛 PPAR 弱激动剂，降低血浆与肝内甘油三酯,0.25,无明确优势骨架命中,,,0.0,0.25,O=C(NC1CN(Cc2cnn(Cc3ccccc3)c2)C1)c1cn(C2CC2)nn1,0.611
1789,T8146,55750-06-6,O=C(Nc1cccc(C2=NCCN2)c1)Nc1cccc(C2=NCCN2)c1,C19H20N6O,348.41,2.03,89.91,4,5,4,2,4,0.211,26,0,0,none,0.953,1.0,0.9718,T8146,Nicotinic acid (Niacin),HCAR2 / DGAT2,抑制脂肪组织脂解并弱抑制 DGAT2，减少肝内 VLDL 底物供应,0.196,无明确优势骨架命中,,,0.0,0.1957,O=C(Nc1cccc(C2=NCCN2)c1)Nc1cccc(C2=NCCN2)c1,0.5838
1790,T6945,1383716-40-2,Nc1ncc(-c2ccnc(Nc3ccncc3)n2)c(CC2CC2)n1,C17H17N7,319.37,2.61,102.5,2,7,5,3,4,0.235,24,0,0,none,0.953,1.0,0.9718,T6945,Ervogastat (PF-06865571),DGAT2,口服 DGAT2 抑制剂，降低肝内甘油三酯合成与 VLDL 分泌,0.179,无明确优势骨架命中,,,0.0,0.1795,c1cc(Nc2nccc(-c3cncnc3CC3CC3)n2)ccn1,0.5756
1791,T24656,927691-21-2,COc1cc2ncnc(N3CC[C@@H](Oc4cnc5ccccc5n4)C3)c2cc1OC,C22H21N5O3,403.44,3.25,82.49,0,8,5,4,5,0.273,30,0,0,none,0.9705,0.9738,0.9718,T24656,Ervogastat (PF-06865571),DGAT2,口服 DGAT2 抑制剂，降低肝内甘油三酯合成与 VLDL 分泌,0.19,无明确优势骨架命中,,,0.0,0.1905,c1ccc2nc(OC3CCN(c4ncnc5ccccc45)C3)cnc2c1,0.5812
1792,T7521,24853-80-3,CN1CCN(c2cc3c(nn2)Oc2ccccc2N3C)CC1,C16H19N5O,297.36,2.1,44.73,0,6,1,2,4,0.375,22,0,0,none,0.9529,1.0,0.9717,T61741;T7521,TVB-2640 (Denifanstat),FASN,脂肪酸合酶 beta-酮脂酰还原酶结构域抑制剂，直接阻断棕榈酸从头合成,0.141,无明确优势骨架命中,,,0.0,0.1412,c1ccc2c(c1)Nc1cc(N3CCNCC3)nnc1O2,0.5564
1793,T7362,1261289-04-6,O=C(Nc1nc(=O)n(Cc2ccc(Cl)cc2)s1)c1ccc(Cl)cc1,C16H11Cl2N3O2S,380.26,3.91,63.99,1,4,4,3,3,0.062,24,2,0,none,0.9633,0.9843,0.9717,T7362,Bezafibrate,PPAR pan,泛 PPAR 弱激动剂，降低血浆与肝内甘油三酯,0.322,无明确优势骨架命中,,,0.0,0.322,O=C(Nc1nc(=O)n(Cc2ccccc2)s1)c1ccccc1,0.6468
1794,T64326,3479-47-8,O=C(C[C@H](NC(=O)OCc1ccccc1)C(=O)O)OCc1ccccc1,C19H19NO6,357.36,2.5,101.93,2,5,8,2,2,0.211,26,0,0,none,0.9529,1.0,0.9717,T64326,Salicylate,"AMPK (direct, beta1)",直接结合 AMPK beta1 变构位点，抑制脂肪生成,0.214,无明确优势骨架命中,,,0.0,0.2143,O=C(CCNC(=O)OCc1ccccc1)OCc1ccccc1,0.593
1795,T3452,945526-43-2,CC(C)(C)c1ccc(S(=O)(=O)Nc2ccc(-n3ccnc3)cc2)cc1,C19H21N3O2S,355.46,3.97,63.99,1,3,4,3,3,0.211,25,0,0,none,0.9528,1.0,0.9717,T3452,Ervogastat (PF-06865571),DGAT2,口服 DGAT2 抑制剂，降低肝内甘油三酯合成与 VLDL 分泌,0.16,无明确优势骨架命中,,,0.0,0.16,O=S(=O)(Nc1ccc(-n2ccnc2)cc1)c1ccccc1,0.5658
1796,T6811,1884712-47-3,C[C@@H]1CC(=O)Nc2cccc(-c3ccc4c(c3)c(-c3cnn(C)c3)nn4C)c2N1,C22H22N6O,386.46,3.78,76.77,2,4,2,4,5,0.227,29,0,0,none,0.9528,1.0,0.9717,T6811,ACC inhibitor chemotype (firsocostat-like proxy),ACC1/ACC2,变构抑制乙酰辅酶A羧化酶，降低丙二酰辅酶A、阻断新发脂质合成(DNL)并解除 CPT1 抑制,0.163,无明确优势骨架命中,,,0.0,0.163,O=C1CCNc2c(cccc2-c2ccc3[nH]nc(-c4cn[nH]c4)c3c2)N1,0.5674
1797,T17278,708991-09-7,C=CCOc1c(CNn2cn[nH]c2=S)cccc1OC,C13H16N4O2S,292.36,2.26,64.1,2,5,7,2,2,0.231,20,0,0,none,0.987,0.9488,0.9717,T17278,Trimetazidine,3-KAT (长链硫解酶),部分脂肪酸氧化抑制剂，代谢调节剂,0.215,无明确优势骨架命中,,,0.0,0.2154,S=c1[nH]ncn1NCc1ccccc1,0.5936
1798,T5158,6104-71-8,Clc1ccc2c(c1)N=C(N1CCNCC1)c1ccccc1N2,C17H17ClN4,312.8,3.38,39.66,2,4,0,2,4,0.235,22,1,0,none,0.9523,1.0,0.9714,T5158,Trimetazidine,3-KAT (长链硫解酶),部分脂肪酸氧化抑制剂，代谢调节剂,0.183,无明确优势骨架命中,,,0.0,0.1833,c1ccc2c(c1)N=C(N1CCNCC1)c1ccccc1N2,0.5774
1799,T11826,796888-12-5,COc1cccc(Nc2nc(NCC3CCCO3)c3ccccc3n2)c1,C20H22N4O2,350.42,3.97,68.3,2,6,6,3,4,0.3,26,0,0,none,0.9524,1.0,0.9714,T11826,GW4064,FXR,非甾体高效 FXR 激动剂工具化合物，抑制 DNL 相关转录程序,0.172,无明确优势骨架命中,,,0.0,0.1717,c1ccc(Nc2nc(NCC3CCCO3)c3ccccc3n2)cc1,0.5716
1800,T68730,767334-89-4,CCCCS(=O)(=O)Nc1ccccc1C(=O)N[C@H](CC)c1ccc(OC)nc1,C20H27N3O4S,405.52,3.51,97.39,2,5,10,2,2,0.4,28,0,0,none,0.9534,0.9985,0.9714,T68730,Ranolazine,pFOX / 晚钠电流,部分脂肪酸氧化抑制，改善代谢底物利用,0.184,无明确优势骨架命中,,,0.0,0.1839,O=C(NCc1cccnc1)c1ccccc1,0.5776
1801,T8786,1313491-22-3,COc1ccc(Nc2cc(NC3CCCCC3)ncn2)cc1,C17H22N4O,298.39,3.97,59.07,2,5,5,2,3,0.412,22,0,0,none,0.9523,1.0,0.9714,T8786,TVB-2640 (Denifanstat),FASN,脂肪酸合酶 beta-酮脂酰还原酶结构域抑制剂，直接阻断棕榈酸从头合成,0.169,无明确优势骨架命中,,,0.0,0.1687,c1ccc(Nc2cc(NC3CCCCC3)ncn2)cc1,0.5701
1802,T80626,1204296-79-6,FC(F)(F)Oc1ccc2nc(N3CCNCC3)sc2c1,C12H12F3N3OS,303.31,2.6,37.39,1,5,2,2,3,0.417,20,3,0,none,0.9522,1.0,0.9713,T80626,TVB-2640 (Denifanstat),FASN,脂肪酸合酶 beta-酮脂酰还原酶结构域抑制剂，直接阻断棕榈酸从头合成,0.237,无明确优势骨架命中,,,0.0,0.2375,c1ccc2sc(N3CCNCC3)nc2c1,0.6044
1803,T41255,931314-31-7,COc1ccc(OC)c(-n2nnc(S(=O)(=O)c3ccc(C(C)(C)C)cc3)c2C)c1,C21H25N3O4S,415.52,3.72,83.31,0,6,5,3,3,0.333,29,0,0,none,0.9889,0.9449,0.9713,T41255,Trimetazidine,3-KAT (长链硫解酶),部分脂肪酸氧化抑制剂，代谢调节剂,0.164,无明确优势骨架命中,,,0.0,0.1642,O=S(=O)(c1ccccc1)c1cn(-c2ccccc2)nn1,0.5678
1804,TN2356,42123-27-3,COc1cc(-c2c3c(c(O)c4cc5c(cc24)OCO5)COC3=O)cc(OC)c1OC,C22H18O8,410.38,3.64,92.68,1,8,4,3,5,0.227,30,0,0,none,0.9935,0.9379,0.9713,TN2356,Berberine,AMPK / PCSK9 / LDLR,原小檗碱型生物碱，激活 AMPK 并稳定 LDLR mRNA，HepG2 经典降脂阳性对照,0.286,无明确优势骨架命中,,,0.0,0.2857,O=C1OCc2cc3cc4c(cc3c(-c3ccccc3)c21)OCO4,0.6285
1805,T7894,118292-41-4,CC1(C)CCSc2ccc(C#Cc3ccc(C(=O)O)cn3)cc21,C19H17NO2S,323.42,3.95,50.19,1,3,1,2,3,0.263,23,0,0,none,0.9521,1.0,0.9712,T7894,Nicotinic acid (Niacin),HCAR2 / DGAT2,抑制脂肪组织脂解并弱抑制 DGAT2，减少肝内 VLDL 底物供应,0.236,无明确优势骨架命中,,,0.0,0.2364,C(#Cc1ccccn1)c1ccc2c(c1)CCCS2,0.6038
1806,T12533,2531-04-6,CCc1c(-c2ccccc2)[nH]n(C2CCN(C)CC2)c1=O,C17H23N3O,285.39,2.67,41.03,1,2,3,2,3,0.471,21,0,0,none,0.9751,0.9651,0.9711,T12533,Trimetazidine,3-KAT (长链硫解酶),部分脂肪酸氧化抑制剂，代谢调节剂,0.167,无明确优势骨架命中,,,0.0,0.1667,O=c1cc(-c2ccccc2)[nH]n1C1CCNCC1,0.5689
1807,T8661,345987-16-8,N#CC(c1ccnc(NCCc2cccnc2)n1)c1nc2ccccc2s1,C20H16N6S,372.46,3.79,87.38,1,7,6,4,4,0.15,27,0,0,none,0.9518,1.0,0.9711,T2343;T8661,Nicotinic acid (Niacin),HCAR2 / DGAT2,抑制脂肪组织脂解并弱抑制 DGAT2，减少肝内 VLDL 底物供应,0.172,无明确优势骨架命中,,,0.0,0.1719,c1cncc(CCNc2nccc(Cc3nc4ccccc4s3)n2)c1,0.5715
1808,T29166,1286862-52-9,CC(=O)Nc1ccc(S(=O)(=O)Oc2ccc3c(C)cc(=O)oc3c2)cc1,C18H15NO6S,373.39,2.83,102.68,1,6,4,3,3,0.111,26,0,0,none,0.9517,1.0,0.971,T29166,Lanifibranor,PPAR pan (alpha/delta/gamma),泛 PPAR 激动，促进 beta-氧化、抑制脂肪生成与炎症纤维化,0.184,无明确优势骨架命中,,,0.0,0.1842,O=c1ccc2ccc(OS(=O)(=O)c3ccccc3)cc2o1,0.5776
1809,T5S0896,119425-89-7,COc1ccc(CCC(=O)c2ccc(O)cc2)c(OC)c1,C17H18O4,286.33,3.22,55.76,1,4,6,2,2,0.235,21,0,0,none,1.0,0.9275,0.971,T5S0896,Fenofibric acid,PPAR-alpha,激活 PPAR-alpha 上调 CPT1/ACOX1，增强线粒体与过氧化物酶体脂肪酸氧化,0.226,无明确优势骨架命中,,,0.0,0.2264,O=C(CCc1ccccc1)c1ccccc1,0.5987
1810,T17697,2448414-48-8,COc1cc(-c2cn(C)c(=O)c3cnccc23)cc(OC)c1CN1CCNCC1,C22H26N4O3,394.48,2.02,68.62,1,6,5,3,4,0.364,29,0,0,none,0.9516,1.0,0.971,T17697,Trimetazidine,3-KAT (长链硫解酶),部分脂肪酸氧化抑制剂，代谢调节剂,0.414,无明确优势骨架命中,,,0.0,0.4138,O=c1[nH]cc(-c2ccc(CN3CCNCC3)cc2)c2ccncc12,0.6924
1811,TN1517,221696-69-1,COc1cccc(OC)c1C(=O)CCc1ccc(O)cc1,C17H18O4,286.33,3.22,55.76,1,4,6,2,2,0.235,21,0,0,none,1.0,0.9275,0.971,TN1517,Ranolazine,pFOX / 晚钠电流,部分脂肪酸氧化抑制，改善代谢底物利用,0.246,无明确优势骨架命中,,,0.0,0.2462,O=C(CCc1ccccc1)c1ccccc1,0.6086
1812,TN1517L,1057666-04-2,COc1cccc(OC)c1CCC(=O)c1ccc(O)cc1,C17H18O4,286.33,3.22,55.76,1,4,6,2,2,0.235,21,0,0,none,1.0,0.9275,0.971,TN1517L,Ranolazine,pFOX / 晚钠电流,部分脂肪酸氧化抑制，改善代谢底物利用,0.246,无明确优势骨架命中,,,0.0,0.2462,O=C(CCc1ccccc1)c1ccccc1,0.6086
1813,T12126,1269055-85-7,CCc1cc(O)c(Oc2ccc(C(N)=O)cc2F)cc1F,C15H13F2NO3,293.27,3.12,72.55,2,3,4,2,2,0.133,21,2,0,none,1.0,0.9276,0.971,T12126,Gemfibrozil,PPAR-alpha,苯氧戊酸类 PPAR-alpha 激动剂，抑制肝脏 VLDL-TG 分泌,0.18,无明确优势骨架命中,,,0.0,0.1803,c1ccc(Oc2ccccc2)cc1,0.5756
1814,T22638,856702-40-4,CCS(=O)(=O)N(Cc1cccnc1)c1cccc(-c2ccc(C#N)cc2)c1,C21H19N3O2S,377.47,3.98,74.06,0,4,6,3,3,0.143,27,0,0,none,0.9517,1.0,0.971,T22638,Nicotinic acid (Niacin),HCAR2 / DGAT2,抑制脂肪组织脂解并弱抑制 DGAT2，减少肝内 VLDL 底物供应,0.211,无明确优势骨架命中,,,0.0,0.2105,c1ccc(-c2cccc(NCc3cccnc3)c2)cc1,0.5908
1815,T23248,302841-89-0,CCCCOC(=O)NC(=O)C1c2ccccc2Oc2ccccc21,C19H19NO4,325.36,3.98,64.63,1,4,4,2,3,0.263,24,0,0,none,0.9516,1.0,0.971,T23248,Etomoxir,CPT1a (抑制剂/阴性对照),CPT1 不可逆抑制剂，作为脂肪酸氧化通路机制阴性对照,0.25,无明确优势骨架命中,,,0.0,0.25,c1ccc2c(c1)Cc1ccccc1O2,0.6105
1816,T9377,2541792-70-3,CC(C)n1cnnc1-c1cccc(NC(=O)c2cc3ccc(F)cc3[nH]2)n1,C19H17FN6O,364.38,3.79,88.49,2,4,4,4,4,0.158,27,1,0,none,0.9515,1.0,0.9709,T9377,Atorvastatin,HMGCR,HMG-CoA 还原酶抑制，降低胆固醇合成并上调 LDLR,0.191,无明确优势骨架命中,,,0.0,0.1915,O=C(Nc1cccc(-c2nnc[nH]2)n1)c1cc2ccccc2[nH]1,0.5812
1817,TN1162,84-74-2,CCCCOC(=O)c1ccccc1C(=O)OCCCC,C16H22O4,278.35,3.6,52.6,0,4,8,1,1,0.5,20,0,0,none,0.9937,0.9367,0.9709,TN1162,Salicylate,"AMPK (direct, beta1)",直接结合 AMPK beta1 变构位点，抑制脂肪生成,0.303,无明确优势骨架命中,,,0.0,0.303,c1ccccc1,0.637
1818,T10626,1412418-47-3,Nc1ncnc2c1c(-c1ccc(Oc3ccccc3)cc1)nn2C1CCCNC1,C22H22N6O,386.46,3.79,90.88,2,6,4,4,5,0.227,29,0,0,none,0.9514,1.0,0.9709,T10626,Rosiglitazone,PPAR-gamma,TZD 类 PPAR-gamma 全激动剂，改善胰岛素抵抗与肝内脂肪蓄积,0.136,无明确优势骨架命中,,,0.0,0.1364,c1ccc(Oc2ccc(-c3nn(C4CCCNC4)c4ncncc34)cc2)cc1,0.5536
1819,T11411,1445847-37-9,O=c1nc(OC[C@@H]2COCCO2)cc2n1CCc1cc(C#CC3CC3)ccc1-2,C22H22N2O4,378.43,2.02,62.58,0,5,3,2,5,0.455,28,0,0,none,0.9514,1.0,0.9709,T11411,TVB-2640 (Denifanstat),FASN,脂肪酸合酶 beta-酮脂酰还原酶结构域抑制剂，直接阻断棕榈酸从头合成,0.188,无明确优势骨架命中,,,0.0,0.1881,O=c1nc(OCC2COCCO2)cc2n1CCc1cc(C#CC3CC3)ccc1-2,0.5795
1820,TN1610,41689-51-4,COc1ccc([C@H]2OC[C@H]3[C@@H]2CO[C@@H]3c2cc(OC)c(OC)c(OC)c2)cc1OC,C23H28O7,416.47,3.8,64.61,0,7,7,2,4,0.478,30,0,0,none,0.9796,0.9578,0.9709,T3857;TN1610,Trimetazidine,3-KAT (长链硫解酶),部分脂肪酸氧化抑制剂，代谢调节剂,0.255,无明确优势骨架命中,,,0.0,0.2549,c1ccc(C2OCC3C(c4ccccc4)OCC23)cc1,0.6129
1821,T10625,1022150-12-4,Nc1ncnc2c1c(-c1ccc(Oc3ccccc3)cc1)nn2[C@@H]1CCCNC1,C22H22N6O,386.46,3.79,90.88,2,6,4,4,5,0.227,29,0,0,none,0.9514,1.0,0.9709,T10625,Rosiglitazone,PPAR-gamma,TZD 类 PPAR-gamma 全激动剂，改善胰岛素抵抗与肝内脂肪蓄积,0.136,无明确优势骨架命中,,,0.0,0.1364,c1ccc(Oc2ccc(-c3nn(C4CCCNC4)c4ncncc34)cc2)cc1,0.5536
1822,T13774,2029049-79-2,O=C(CCNC(=O)c1ccc(OC(F)(F)F)cc1)N[C@@H]1CCCc2ccccc21,C21H21F3N2O3,406.4,3.9,67.43,2,3,6,2,3,0.333,29,3,0,none,0.9656,0.9788,0.9709,T13774,Bezafibrate,PPAR pan,泛 PPAR 弱激动剂，降低血浆与肝内甘油三酯,0.31,无明确优势骨架命中,,,0.0,0.3099,O=C(CCNC(=O)c1ccccc1)NC1CCCc2ccccc21,0.6404
1823,T16789,40034-42-2,CCn1cc(C(=O)O)c(=O)c2ccc(-c3ccncc3)cc21,C17H14N2O3,294.31,2.78,72.19,1,3,3,3,3,0.118,22,0,0,none,1.0,0.9273,0.9709,T16789,Telmisartan,PPAR-gamma partial / AT1R,AT1 受体拮抗兼 PPAR-gamma 部分激动，文献报道减轻肝细胞脂肪变,0.217,无明确优势骨架命中,,,0.0,0.2169,O=c1cc[nH]c2cc(-c3ccncc3)ccc12,0.5939
1824,T64351,301326-41-0,O=C(N/N=C/c1ccc(-c2ccccc2)cc1)c1ccc(O)cc1,C20H16N2O2,316.36,3.82,61.69,2,3,4,3,3,0.0,24,0,0,none,0.9771,0.9615,0.9709,T64351,Salicylate,"AMPK (direct, beta1)",直接结合 AMPK beta1 变构位点，抑制脂肪生成,0.238,无明确优势骨架命中,,,0.0,0.2381,O=C(NN=Cc1ccc(-c2ccccc2)cc1)c1ccccc1,0.6045
1825,T12152,2231747-18-3,Nc1ncnc2c1c(-c1ccc(Oc3ccccc3)cc1)nn2C1CCNCC1,C22H22N6O,386.46,3.79,90.88,2,6,4,4,5,0.227,29,0,0,none,0.9514,1.0,0.9709,T12152;T9408,Trimetazidine,3-KAT (长链硫解酶),部分脂肪酸氧化抑制剂，代谢调节剂,0.145,无明确优势骨架命中,,,0.0,0.1449,c1ccc(Oc2ccc(-c3nn(C4CCNCC4)c4ncncc34)cc2)cc1,0.5579
1826,T29214,1643947-30-1,CNc1nc2ncc(-c3c(C)noc3C)cc2n1Cc1ccccc1,C19H19N5O,333.4,3.79,68.77,1,5,4,4,4,0.211,25,0,0,none,0.9516,1.0,0.9709,T29214,Telmisartan,PPAR-gamma partial / AT1R,AT1 受体拮抗兼 PPAR-gamma 部分激动，文献报道减轻肝细胞脂肪变,0.239,无明确优势骨架命中,,,0.0,0.2386,c1ccc(Cn2cnc3ncc(-c4cnoc4)cc32)cc1,0.6048
1827,T16343,936446-61-6,C#Cc1cccc(Nc2ncnc3cc(OC)c(OCCCN4CCOCC4)cc23)c1,C24H26N4O3,418.5,3.46,68.74,1,7,8,3,4,0.333,31,0,0,none,0.9959,0.933,0.9708,T16343,Ranolazine,pFOX / 晚钠电流,部分脂肪酸氧化抑制，改善代谢底物利用,0.196,无明确优势骨架命中,,,0.0,0.1957,c1ccc(Nc2ncnc3ccc(OCCCN4CCOCC4)cc23)cc1,0.5833
1828,T10547,1268863-35-9,CC(C)N(C)c1nc2cc(C(=O)O)ccc2nc1-c1ccc(F)cc1,C19H18FN3O2,339.37,3.98,66.32,1,4,4,3,3,0.211,25,1,0,none,0.9513,1.0,0.9708,T10547,Rosuvastatin,HMGCR,亲水性强效 HMGCR 抑制剂，肝选择性摄取(OATP1B1),0.316,无明确优势骨架命中,,,0.0,0.3158,c1ccc(-c2cnc3ccccc3n2)cc1,0.6433
1829,T7137,1690172-25-8,CC(C)(C)c1cc(-c2ccc(F)cc2)nn2cc(C(=O)N3CCNC(=O)C3(C)C)nc12,C23H26FN5O2,423.49,3.18,79.6,1,4,2,3,4,0.391,31,1,0,none,1.0,0.9268,0.9707,T7137,Rosuvastatin,HMGCR,亲水性强效 HMGCR 抑制剂，肝选择性摄取(OATP1B1),0.198,哌嗪/哌啶杂芳基甲酰胺,SCD1 / DGAT2,脂质酶抑制剂常见的环胺-酰胺连接模式，倾向作用于 SCD1/DGAT2 等内质网膜结合型脂质合成酶,0.55,0.4454,O=C1CN(C(=O)c2cn3nc(-c4ccccc4)ccc3n2)CCN1,0.7081
1830,T0980,2139-47-1,Cc1c(NC(=O)c2cccnc2)c(=O)n(-c2ccccc2)n1C,C17H16N4O2,308.34,2.13,68.92,1,3,3,3,3,0.118,23,0,0,none,0.9705,0.9709,0.9707,T0980,Nicotinic acid (Niacin),HCAR2 / DGAT2,抑制脂肪组织脂解并弱抑制 DGAT2，减少肝内 VLDL 底物供应,0.391,无明确优势骨架命中,,,0.0,0.3913,O=C(Nc1c[nH]n(-c2ccccc2)c1=O)c1cccnc1,0.681
1831,T1321,2444-46-4,CCCCCCCCC(=O)NCc1ccc(O)c(OC)c1,C17H27NO3,293.41,3.77,58.56,2,3,10,1,1,0.588,21,0,0,none,0.9547,0.9948,0.9707,T1321,Aramchol,SCD1,胆汁酸-脂肪酸偶联物，下调 SCD1，降低单不饱和脂肪酸与甘油三酯合成,0.207,无明确优势骨架命中,,,0.0,0.2073,c1ccccc1,0.589
1832,T61211,55040-82-9,O=C(c1ccccc1)c1sc(N2CCOCC2)nc1-c1ccccc1,C20H18N2O2S,350.44,3.88,42.43,0,5,4,3,4,0.2,25,0,0,none,0.9511,1.0,0.9707,T61211,PF-06424439 (DGAT2i),DGAT2,二酰甘油酰基转移酶2 抑制剂，直接阻断甘油三酯酯化终末步骤,0.262,无明确优势骨架命中,,,0.0,0.2615,O=C(c1ccccc1)c1sc(N2CCOCC2)nc1-c1ccccc1,0.6161
1833,T14497,210302-17-3,Fc1ccccc1Nc1nc2nonc2nc1Nc1ccccc1F,C16H10F2N6O,340.29,3.78,88.76,2,7,4,4,4,0.0,25,2,0,none,0.9534,0.9967,0.9707,T14497,Salicylate,"AMPK (direct, beta1)",直接结合 AMPK beta1 变构位点，抑制脂肪生成,0.15,无明确优势骨架命中,,,0.0,0.15,c1ccc(Nc2nc3nonc3nc2Nc2ccccc2)cc1,0.5604
1834,T15055,544678-85-5,Cc1cc(CNC(=O)c2cc(C(=O)NCc3ccc(F)c(C)c3)ncn2)ccc1F,C22H20F2N4O2,410.42,3.23,83.98,2,4,6,3,3,0.182,30,2,0,none,1.0,0.9264,0.9706,T15055,Bezafibrate,PPAR pan,泛 PPAR 弱激动剂，降低血浆与肝内甘油三酯,0.222,无明确优势骨架命中,,,0.0,0.2222,O=C(NCc1ccccc1)c1cc(C(=O)NCc2ccccc2)ncn1,0.5964
1835,T8508,1018673-42-1,O=C(CCc1ccc(CN[C@H](C(=O)OC2CCCC2)C2CCCCC2)cn1)NO,C22H33N3O4,403.52,3.04,100.55,3,6,9,1,3,0.682,29,0,0,none,0.951,1.0,0.9706,T8508,Pioglitazone,PPAR-gamma,噻唑烷二酮胰岛素增敏剂，促进脂肪组织脂质再分布、降低肝细胞脂毒性,0.244,无明确优势骨架命中,,,0.0,0.2436,O=C(OC1CCCC1)C(NCc1cccnc1)C1CCCCC1,0.6071
1836,T3927,2543-94-4,COc1c2ccoc2c(OCC=C(C)C)c2oc(=O)ccc12,C17H16O5,300.31,3.89,61.81,0,5,4,3,3,0.235,22,0,0,none,0.9666,0.9767,0.9706,T3927,Trimetazidine,3-KAT (长链硫解酶),部分脂肪酸氧化抑制剂，代谢调节剂,0.159,无明确优势骨架命中,,,0.0,0.1587,O=c1ccc2cc3ccoc3cc2o1,0.5646
1837,TN1048,14348-22-2,COc1c2occc2c(OCC=C(C)C)c2ccc(=O)oc12,C17H16O5,300.31,3.89,61.81,0,5,4,3,3,0.235,22,0,0,none,0.9666,0.9767,0.9706,TN1048,Trimetazidine,3-KAT (长链硫解酶),部分脂肪酸氧化抑制剂，代谢调节剂,0.159,无明确优势骨架命中,,,0.0,0.1587,O=c1ccc2cc3ccoc3cc2o1,0.5646
1838,T5489,57105-53-0,O=C(Cc1c[nH]c2ccccc12)N[C@@H](Cc1c[nH]c2ccccc12)C(=O)O,C21H19N3O3,361.4,3.0,97.98,4,2,6,4,4,0.143,27,0,0,none,0.9506,1.0,0.9704,T5489,Salicylate,"AMPK (direct, beta1)",直接结合 AMPK beta1 变构位点，抑制脂肪生成,0.217,无明确优势骨架命中,,,0.0,0.2174,O=C(Cc1c[nH]c2ccccc12)NCCc1c[nH]c2ccccc12,0.5939
1839,T7724,103475-41-8,COc1ccc(-n2nc(CCC(=O)N(C)O)cc2-c2ccc(Cl)cc2)cc1,C20H20ClN3O3,385.85,3.98,67.59,1,4,6,3,3,0.2,27,1,0,none,0.9507,1.0,0.9704,T7724,Fenofibric acid,PPAR-alpha,激活 PPAR-alpha 上调 CPT1/ACOX1，增强线粒体与过氧化物酶体脂肪酸氧化,0.238,无明确优势骨架命中,,,0.0,0.2381,c1ccc(-c2ccnn2-c2ccccc2)cc1,0.6043
1840,T37428,667427-75-0,COc1cc2c(cc1OC)C(c1cc3ccccc3oc1=O)=NC(C)(C)C2,C22H21NO4,363.41,3.98,61.03,0,5,3,3,4,0.273,27,0,0,none,0.9506,1.0,0.9704,T37428,Berberine,AMPK / PCSK9 / LDLR,原小檗碱型生物碱，激活 AMPK 并稳定 LDLR mRNA，HepG2 经典降脂阳性对照,0.195,无明确优势骨架命中,,,0.0,0.1948,O=c1oc2ccccc2cc1C1=NCCc2ccccc21,0.5826
1841,T67755,354544-70-0,CC1CCc2c(sc(NC(=O)C3CC3)c2C(N)=O)C1,C14H18N2O2S,278.38,2.32,72.19,2,3,3,1,3,0.571,19,0,0,none,0.9928,0.9368,0.9704,T67755,PF-06424439 (DGAT2i),DGAT2,二酰甘油酰基转移酶2 抑制剂，直接阻断甘油三酯酯化终末步骤,0.125,无明确优势骨架命中,,,0.0,0.125,O=C(Nc1cc2c(s1)CCCC2)C1CC1,0.5477
1842,T68142,115313-22-9,COC(=O)c1c2n(c3ccccc13)Cc1ccccc1N1CCN(C)CC21,C22H23N3O2,361.45,3.28,37.71,0,4,1,3,5,0.318,27,0,0,none,0.9504,1.0,0.9703,T68142,Ranolazine,pFOX / 晚钠电流,部分脂肪酸氧化抑制，改善代谢底物利用,0.195,无明确优势骨架命中,,,0.0,0.1951,c1ccc2c(c1)Cn1c(cc3ccccc31)C1CNCCN21,0.5827
1843,T37177,60696-62-0,C[C@H](CC(=O)O)[C@H]1CC[C@H]2[C@@H]3[C@H](O)C[C@@H]4C[C@H](O)CC[C@]4(C)[C@H]3C[C@H](O)[C@]12C,C23H38O5,394.55,3.06,97.99,4,4,3,0,4,0.957,28,0,0,none,0.9506,1.0,0.9703,T37177,Chenodeoxycholic acid,FXR,内源性 FXR 配体，调控胆汁酸稳态并抑制肝脏脂肪生成,0.621,胆汁酸甾核 + C24 羧酸,FXR,甾体胆汁酸骨架激动核受体 FXR，经 SHP 抑制 SREBP-1c/ChREBP 转录程序，并经 FGF19 轴抑制 CYP7A1，降低肝内脂质与胆汁酸负荷,0.9,0.955,C1CCC2C(C1)CCC1C3CCCC3CCC21,0.9626
1844,T6941,1401223-22-0,CCCc1ccc(OCC(=O)N(Cc2nc(-c3cccnc3)no2)C(C)C)cc1,C22H26N4O3,394.48,3.9,81.35,0,6,9,3,3,0.364,29,0,0,none,0.9504,1.0,0.9703,T6941,Etomoxir,CPT1a (抑制剂/阴性对照),CPT1 不可逆抑制剂，作为脂肪酸氧化通路机制阴性对照,0.237,无明确优势骨架命中,,,0.0,0.2375,O=C(COc1ccccc1)NCc1nc(-c2cccnc2)no1,0.6039
1845,T5347,934828-12-3,Cc1nn(C)cc1CN1CCC(c2ccc(C(=O)Nc3ccccc3N)cc2)CC1,C24H29N5O,403.53,3.94,76.18,2,4,5,3,4,0.333,30,0,0,none,0.958,0.9886,0.9703,T5347,TVB-2640 (Denifanstat),FASN,脂肪酸合酶 beta-酮脂酰还原酶结构域抑制剂，直接阻断棕榈酸从头合成,0.267,无明确优势骨架命中,,,0.0,0.2667,O=C(Nc1ccccc1)c1ccc(C2CCN(Cc3cn[nH]c3)CC2)cc1,0.6185
1846,T61051,407587-01-3,CC(C)(C)C(=O)Nc1sc2c(c1C(N)=O)CCC(C(C)(C)C)C2,C18H28N2O2S,336.5,3.98,72.19,2,3,2,1,2,0.667,23,0,0,none,0.9505,1.0,0.9703,T61051,Ciprofibrate,PPAR-alpha,长效贝特类，诱导过氧化物酶体增殖与脂肪酸 beta-氧化,0.156,无明确优势骨架命中,,,0.0,0.1562,c1cc2c(s1)CCCC2,0.5632
1847,T6S2140,38226-86-7,COc1ccc(-c2oc3c4c(cc(O)c3c(=O)c2O)OC(C)(C)CC4)cc1,C21H20O6,368.39,3.98,89.13,2,6,2,3,4,0.286,27,0,0,none,0.9504,1.0,0.9702,T6S2140,ACC inhibitor chemotype (firsocostat-like proxy),ACC1/ACC2,变构抑制乙酰辅酶A羧化酶，降低丙二酰辅酶A、阻断新发脂质合成(DNL)并解除 CPT1 抑制,0.205,黄酮/黄烷酮母核,AMPK / SREBP-1c,黄酮类多酚激活 AMPK-SIRT1 轴，抑制 SREBP-1c/FAS/ACC 表达并促进脂噬,0.6,0.4748,O=c1cc(-c2ccccc2)oc2c3c(ccc12)OCCC3,0.7225
1848,T61194,384376-42-5,CCc1c(C)c(C#N)c2nc3ccccc3n2c1NCCN(CC)CC,C21H27N5,349.48,3.98,56.36,1,4,7,3,3,0.429,26,0,0,none,0.9503,1.0,0.9702,T61194,Telmisartan,PPAR-gamma partial / AT1R,AT1 受体拮抗兼 PPAR-gamma 部分激动，文献报道减轻肝细胞脂肪变,0.222,无明确优势骨架命中,,,0.0,0.2222,c1ccc2c(c1)nc1ccccn12,0.5962
1849,T12728,1398053-50-3,COc1cc2nccc(Nc3n[nH]c(C)c3C)c2cc1S(=O)(=O)C(C)(C)C,C19H24N4O3S,388.49,3.9,96.97,2,6,4,3,3,0.368,27,0,0,none,0.9503,1.0,0.9702,T12728,Gemfibrozil,PPAR-alpha,苯氧戊酸类 PPAR-alpha 激动剂，抑制肝脏 VLDL-TG 分泌,0.167,无明确优势骨架命中,,,0.0,0.1667,c1ccc2c(Nc3cc[nH]n3)ccnc2c1,0.5684
1850,T72180,179343-23-8,Nc1ncc2cc(-c3c(Br)cccc3Br)c(N)nc2n1,C13H9Br2N5,395.06,3.38,90.71,2,5,1,3,3,0.0,20,2,0,none,0.9958,0.9319,0.9702,T72180,Nicotinic acid (Niacin),HCAR2 / DGAT2,抑制脂肪组织脂解并弱抑制 DGAT2，减少肝内 VLDL 底物供应,0.125,无明确优势骨架命中,,,0.0,0.125,c1ccc(-c2cnc3ncncc3c2)cc1,0.5476
1851,T85313,423749-25-1,NCCC(=O)N1c2ccccc2Sc2ccc(Cl)cc21,C15H13ClN2OS,304.8,3.82,46.33,1,3,2,2,3,0.133,20,1,0,none,0.9735,0.9649,0.9701,T85313,Fenofibric acid,PPAR-alpha,激活 PPAR-alpha 上调 CPT1/ACOX1，增强线粒体与过氧化物酶体脂肪酸氧化,0.175,无明确优势骨架命中,,,0.0,0.1754,c1ccc2c(c1)Nc1ccccc1S2,0.5728
1852,T2131,23964-57-0,CCCNC(C)C(=O)Nc1c(C)csc1C(=O)OC,C13H20N2O3S,284.38,2.17,67.43,2,5,6,1,1,0.538,19,0,0,none,0.9761,0.9611,0.9701,T2131,Ranolazine,pFOX / 晚钠电流,部分脂肪酸氧化抑制，改善代谢底物利用,0.222,无明确优势骨架命中,,,0.0,0.2222,c1ccsc1,0.5962
1853,T34268,128232-14-4,CC(=O)Oc1c(C)c(C)c2c(c1C)CC(CC(=O)O)O2,C15H18O5,278.3,2.32,72.83,1,4,3,1,2,0.467,20,0,0,none,0.9924,0.9365,0.9701,T34268,Lanifibranor,PPAR pan (alpha/delta/gamma),泛 PPAR 激动，促进 beta-氧化、抑制脂肪生成与炎症纤维化,0.191,无明确优势骨架命中,,,0.0,0.1912,c1ccc2c(c1)CCO2,0.5806
1854,T6050,426219-18-3,CNC(=O)c1ccc2cc(C3(O)CCn4cncc43)ccc2c1,C18H17N3O2,307.35,2.04,67.15,2,3,2,3,4,0.222,23,0,0,none,0.954,0.9944,0.9701,T6050,Ervogastat (PF-06865571),DGAT2,口服 DGAT2 抑制剂，降低肝内甘油三酯合成与 VLDL 分泌,0.19,无明确优势骨架命中,,,0.0,0.1899,c1ccc2cc(C3CCn4cncc43)ccc2c1,0.58
1855,T27462,720691-69-0,O=C1CCCN1c1ccc(Oc2ccc3c(c2)CCN(C2CCC2)CC3)nc1,C23H27N3O2,377.49,3.95,45.67,0,4,4,2,5,0.478,28,0,0,none,0.95,1.0,0.97,T27462,Lanifibranor,PPAR pan (alpha/delta/gamma),泛 PPAR 激动，促进 beta-氧化、抑制脂肪生成与炎症纤维化,0.208,无明确优势骨架命中,,,0.0,0.2078,O=C1CCCN1c1ccc(Oc2ccc3c(c2)CCN(C2CCC2)CC3)nc1,0.5889
1856,T28886,1477482-50-0,Cc1ccc(/C=N/NC(=O)c2n[nH]c3c2CCCC3)cc1,C16H18N4O,282.35,2.36,70.14,2,3,3,2,3,0.312,21,0,0,none,0.9957,0.9312,0.9699,T28886,Gemfibrozil,PPAR-alpha,苯氧戊酸类 PPAR-alpha 激动剂，抑制肝脏 VLDL-TG 分泌,0.167,无明确优势骨架命中,,,0.0,0.1667,O=C(NN=Cc1ccccc1)c1n[nH]c2c1CCCC2,0.5683
1857,T12437,2248666-66-0,CCN(CC)Cc1ccc(C(=O)N(CCc2ccccc2OC)[C@@H]2CCNC2)cc1,C25H35N3O2,409.57,3.58,44.81,1,4,10,2,3,0.48,30,0,0,none,0.9604,0.9841,0.9699,T12437,Ranolazine,pFOX / 晚钠电流,部分脂肪酸氧化抑制，改善代谢底物利用,0.209,无明确优势骨架命中,,,0.0,0.2093,O=C(c1ccccc1)N(CCc1ccccc1)C1CCNC1,0.5896
1858,T15821,425671-29-0,Cc1ccc(Cn2nc(CCCc3ccc(OC(C)(C)C(=O)O)cc3)[nH]c2=O)cc1,C23H27N3O4,409.49,3.35,97.21,2,4,9,3,3,0.348,30,0,0,none,0.9688,0.9713,0.9698,T15821,Bezafibrate,PPAR pan,泛 PPAR 弱激动剂，降低血浆与肝内甘油三酯,0.4,芳氧基异丁酸 (贝特类头基),PPAR-alpha,贝特类酸性头基激动 PPAR-alpha，转录上调 CPT1A/ACOX1/FGF21，增强线粒体与过氧化物酶体脂肪酸 beta-氧化，降低肝内 TG,0.9,0.805,O=c1[nH]c(CCCc2ccccc2)nn1Cc1ccccc1,0.8874
1859,T69644,2414373-42-3,NC(=O)c1ccc(-c2cnn3ccc(NCc4ccncc4)nc23)cc1,C19H16N6O,344.38,2.5,98.2,2,5,5,4,4,0.053,26,0,0,none,0.9495,1.0,0.9697,T69644,Nicotinic acid (Niacin),HCAR2 / DGAT2,抑制脂肪组织脂解并弱抑制 DGAT2，减少肝内 VLDL 底物供应,0.19,无明确优势骨架命中,,,0.0,0.1897,c1ccc(-c2cnn3ccc(NCc4ccncc4)nc23)cc1,0.5797
1860,T8467,2414909-94-5,NC(=O)c1ccc(-c2cnn3ccc(NCc4cccnc4)nc23)cc1,C19H16N6O,344.38,2.5,98.2,2,5,5,4,4,0.053,26,0,0,none,0.9495,1.0,0.9697,T8467,Nicotinic acid (Niacin),HCAR2 / DGAT2,抑制脂肪组织脂解并弱抑制 DGAT2，减少肝内 VLDL 底物供应,0.263,无明确优势骨架命中,,,0.0,0.2632,c1ccc(-c2cnn3ccc(NCc4cccnc4)nc23)cc1,0.6164
1861,T62381,1562338-39-9,CC1(C)CC(Oc2ccc(-c3ccc(-c4cn[nH]c4)cc3O)nn2)CC(C)(C)N1,C22H27N5O2,393.49,3.93,95.95,3,6,4,3,4,0.409,29,0,0,none,0.9496,1.0,0.9697,T4641;T62381,Ervogastat (PF-06865571),DGAT2,口服 DGAT2 抑制剂，降低肝内甘油三酯合成与 VLDL 分泌,0.157,无明确优势骨架命中,,,0.0,0.1566,c1cc(-c2ccc(OC3CCNCC3)nn2)ccc1-c1cn[nH]c1,0.5632
1862,T26539,870888-46-3,N#Cc1ccc(N2[C@@H]3CC[C@H]2C[C@@H](O)C3)c2ccccc12,C18H18N2O,278.36,3.2,47.26,1,3,1,2,4,0.389,21,0,0,none,0.9936,0.934,0.9697,T26539,A-769662,"AMPK (direct, beta1)",直接变构激活 AMPK beta1 亚基，磷酸化 ACC1/2 抑制 DNL,0.149,无明确优势骨架命中,,,0.0,0.1493,c1ccc2c(N3C4CCCC3CC4)cccc2c1,0.5595
1863,T13568L,,N=C(N)c1cc2ccc(OC(=O)c3cccs3)cc2s1,C14H10N2O2S2,302.38,3.47,76.17,2,5,3,3,3,0.0,20,0,0,none,1.0,0.9243,0.9697,T13568L,Pioglitazone,PPAR-gamma,噻唑烷二酮胰岛素增敏剂，促进脂肪组织脂质再分布、降低肝细胞脂毒性,0.147,无明确优势骨架命中,,,0.0,0.1467,O=C(Oc1ccc2ccsc2c1)c1cccs1,0.5582
1864,TN1864,66056-30-2,CC1(C)C=Cc2c(ccc(-c3coc4cc(O)cc(O)c4c3=O)c2O)O1,C20H16O6,352.34,3.76,100.13,3,6,1,3,4,0.15,26,0,0,none,0.9494,1.0,0.9696,TN1864,Naringenin,PPAR-alpha / SREBP,柑橘黄烷酮，抑制脂肪生成基因并促进脂肪酸氧化,0.227,无明确优势骨架命中,,,0.0,0.2273,O=c1c(-c2ccc3c(c2)C=CCO3)coc2ccccc12,0.5984
1865,T6118,934343-74-5,COc1cccc(-c2cc(F)ccc2[C@H]2Cc3nc(N)nc(C)c3C(=O)N2)n1,C20H18FN5O2,379.4,2.6,103.02,2,6,3,3,4,0.2,28,1,0,none,0.9493,1.0,0.9696,T6118,Ranolazine,pFOX / 晚钠电流,部分脂肪酸氧化抑制，改善代谢底物利用,0.157,哌嗪/哌啶杂芳基甲酰胺,SCD1 / DGAT2,脂质酶抑制剂常见的环胺-酰胺连接模式，倾向作用于 SCD1/DGAT2 等内质网膜结合型脂质合成酶,0.55,0.4048,O=C1NC(c2ccccc2-c2ccccn2)Cc2ncncc21,0.6872
1866,T22338,1258292-64-6,O=C(Nc1ccnc(NC(=O)C2CC2)c1)c1c(Cl)cccc1Cl,C16H13Cl2N3O2,350.21,3.99,71.09,2,3,4,2,3,0.188,23,2,0,none,0.9493,1.0,0.9696,T22338,Ervogastat (PF-06865571),DGAT2,口服 DGAT2 抑制剂，降低肝内甘油三酯合成与 VLDL 分泌,0.208,无明确优势骨架命中,,,0.0,0.2083,O=C(Nc1ccnc(NC(=O)C2CC2)c1)c1ccccc1,0.589
1867,T15437,1622849-43-7,O=C(N[C@H]1CCc2cc(F)cc(F)c2NC1=O)c1n[nH]c(Cc2ccccc2)n1,C20H17F2N5O2,397.39,2.36,99.77,3,4,4,3,4,0.2,29,2,0,none,0.966,0.975,0.9696,T15437,GW501516,PPAR-delta,PPAR-delta 选择性激动，提升肝与骨骼肌脂肪酸氧化,0.179,无明确优势骨架命中,,,0.0,0.1789,O=C(NC1CCc2ccccc2NC1=O)c1n[nH]c(Cc2ccccc2)n1,0.5742
1868,T5952,83657-24-3,CC(C)(C)C(O)/C(=C\c1ccc(Cl)cc1Cl)n1cncn1,C15H17Cl2N3O,326.23,3.99,50.94,1,3,3,2,2,0.333,21,2,0,none,0.9491,1.0,0.9695,T5952,Fenofibric acid,PPAR-alpha,激活 PPAR-alpha 上调 CPT1/ACOX1，增强线粒体与过氧化物酶体脂肪酸氧化,0.2,无明确优势骨架命中,,,0.0,0.2,C(=Cn1cncn1)c1ccccc1,0.5848
1869,T8215,2089227-65-4,O=C(O)CNC(=O)C1(Nc2ccccc2)CCN(Cc2cccc3ccccc23)CC1,C25H27N3O3,417.51,3.49,81.67,3,4,7,3,4,0.28,31,0,0,none,1.0,0.9236,0.9695,T8215,Ranolazine,pFOX / 晚钠电流,部分脂肪酸氧化抑制，改善代谢底物利用,0.185,无明确优势骨架命中,,,0.0,0.1852,c1ccc(NC2CCN(Cc3cccc4ccccc34)CC2)cc1,0.5774
1870,T2415,1092788-83-4,Nc1ncnc2c1c(-c1cnc3[nH]ccc3c1)nn2C1CCCC1,C17H17N7,319.37,3.07,98.3,2,5,2,4,5,0.294,24,0,0,none,0.949,1.0,0.9694,T2415,Ervogastat (PF-06865571),DGAT2,口服 DGAT2 抑制剂，降低肝内甘油三酯合成与 VLDL 分泌,0.128,无明确优势骨架命中,,,0.0,0.1279,c1ncc2c(-c3cnc4[nH]ccc4c3)nn(C3CCCC3)c2n1,0.5487
1871,T0150,3168-01-2,CC(O)c1ccc(S(=O)(=O)NC(=O)NC2CCCCC2)cc1,C15H22N2O4S,326.42,2.06,95.5,3,4,4,1,2,0.533,22,0,0,none,0.949,1.0,0.9694,T0150,Lanifibranor,PPAR pan (alpha/delta/gamma),泛 PPAR 激动，促进 beta-氧化、抑制脂肪生成与炎症纤维化,0.171,无明确优势骨架命中,,,0.0,0.1714,O=C(NC1CCCCC1)NS(=O)(=O)c1ccccc1,0.5704
1872,T29126,1310012-12-4,O=C(NC1CCC1)c1ccc(C#Cc2cccc(F)c2)nc1,C18H15FN2O,294.33,2.9,41.99,1,2,2,2,3,0.222,22,1,0,none,0.98,0.9535,0.9694,T29126,TVB-2640 (Denifanstat),FASN,脂肪酸合酶 beta-酮脂酰还原酶结构域抑制剂，直接阻断棕榈酸从头合成,0.221,无明确优势骨架命中,,,0.0,0.2209,O=C(NC1CCC1)c1ccc(C#Cc2ccccc2)nc1,0.5952
1873,T3347,900510-03-4,COCc1nnc(N2CC(Oc3ccc(F)cc3Cl)C2)n1-c1ccc(OC)nc1,C19H19ClFN5O3,419.84,2.88,74.53,0,7,7,3,4,0.316,29,2,0,none,1.0,0.9231,0.9693,T3347,Ezetimibe,NPC1L1,抑制胆固醇再摄取，降低肝内胆固醇酯负荷,0.174,无明确优势骨架命中,,,0.0,0.1744,c1ccc(OC2CN(c3nncn3-c3cccnc3)C2)cc1,0.5718
1874,TN2345,119425-91-1,COc1cc(O)cc(O)c1CCC(=O)c1ccc(O)cc1,C16H16O5,288.3,2.63,86.99,3,5,5,2,2,0.188,21,0,0,none,1.0,0.9231,0.9692,TN2345,Naringenin,PPAR-alpha / SREBP,柑橘黄烷酮，抑制脂肪生成基因并促进脂肪酸氧化,0.236,无明确优势骨架命中,,,0.0,0.2364,O=C(CCc1ccccc1)c1ccccc1,0.6028
1875,T23115,1429129-68-9,Cc1noc(C)c1-c1cc(O)cc(C(O)c2ccccc2)c1,C18H17NO3,295.34,3.75,66.49,2,4,3,3,3,0.167,22,0,0,none,0.9866,0.9431,0.9692,T23115,GW4064,FXR,非甾体高效 FXR 激动剂工具化合物，抑制 DNL 相关转录程序,0.205,无明确优势骨架命中,,,0.0,0.2048,c1ccc(Cc2cccc(-c3cnoc3)c2)cc1,0.587
1876,T17228,1332881-26-1,COc1cc(C(=O)c2cnc(-c3c[nH]c4ccccc34)[nH]2)cc(OC)c1OC,C21H19N3O4,377.4,3.81,89.23,2,5,6,4,4,0.143,28,0,0,none,0.9487,1.0,0.9692,T17228,Ranolazine,pFOX / 晚钠电流,部分脂肪酸氧化抑制，改善代谢底物利用,0.183,无明确优势骨架命中,,,0.0,0.1829,O=C(c1ccccc1)c1cnc(-c2c[nH]c3ccccc23)[nH]1,0.576
1877,TN7056,2743-14-8,COc1cc(C=Cc2ccc(OC)c(OC)c2)oc(=O)c1,C16H16O5,288.3,2.84,57.9,0,5,5,2,2,0.188,21,0,0,none,1.0,0.9231,0.9692,TN7056,ACC inhibitor chemotype (firsocostat-like proxy),ACC1/ACC2,变构抑制乙酰辅酶A羧化酶，降低丙二酰辅酶A、阻断新发脂质合成(DNL)并解除 CPT1 抑制,0.183,无明确优势骨架命中,,,0.0,0.1831,O=c1cccc(C=Cc2ccccc2)o1,0.5761
1878,T32568,85073-19-4,Cc1cc(C)c(C(=O)P(=O)(O)c2ccccc2)c(C)c1,C16H17O3P,288.28,3.35,54.37,1,2,3,2,2,0.188,20,0,0,none,1.0,0.923,0.9692,T32568,Salicylate,"AMPK (direct, beta1)",直接结合 AMPK beta1 变构位点，抑制脂肪生成,0.237,无明确优势骨架命中,,,0.0,0.2368,O=C(c1ccccc1)[PH](=O)c1ccccc1,0.603
1879,T7127,346692-04-4,CCCCc1ccc(NS(=O)(=O)c2ccc(F)cc2)cc1,C16H18FNO2S,307.39,3.97,46.17,1,2,6,2,2,0.25,21,1,0,none,0.9484,1.0,0.9691,T7127,Lanifibranor,PPAR pan (alpha/delta/gamma),泛 PPAR 激动，促进 beta-氧化、抑制脂肪生成与炎症纤维化,0.182,无明确优势骨架命中,,,0.0,0.1818,O=S(=O)(Nc1ccccc1)c1ccccc1,0.5754
1880,T0504,456-59-7,CC1CC(OC(=O)C(O)c2ccccc2)CC(C)(C)C1,C17H24O3,276.38,3.48,46.53,1,3,3,1,2,0.588,20,0,0,none,0.9962,0.9284,0.9691,T0504,Ciprofibrate,PPAR-alpha,长效贝特类，诱导过氧化物酶体增殖与脂肪酸 beta-氧化,0.224,无明确优势骨架命中,,,0.0,0.2241,O=C(Cc1ccccc1)OC1CCCCC1,0.5966
1881,T22301,1213669-91-0,[2H]C([2H])([2H])C(c1cc2nnc(-c3cc(F)ccc3F)n2nc1OCc1ncnn1C)(C([2H])([2H])[2H])C([2H])([2H])[2H],C19H19F2N7O,408.46,3.07,83.02,0,6,4,4,4,0.316,29,2,0,none,0.9705,0.9671,0.9691,T22301,GW501516,PPAR-delta,PPAR-delta 选择性激动，提升肝与骨骼肌脂肪酸氧化,0.133,无明确优势骨架命中,,,0.0,0.1327,c1ccc(-c2nnc3ccc(OCc4ncn[nH]4)nn23)cc1,0.5509
1882,T3547,1018899-04-1,CCOc1ccc(Cc2cc([C@@H]3O[C@H](SC)[C@@H](O)[C@H](O)[C@H]3O)ccc2Cl)cc1,C21H25ClO5S,424.95,3.17,79.15,3,6,6,2,3,0.429,28,1,0,none,1.0,0.9228,0.9691,T3547,Etomoxir,CPT1a (抑制剂/阴性对照),CPT1 不可逆抑制剂，作为脂肪酸氧化通路机制阴性对照,0.216,无明确优势骨架命中,,,0.0,0.2162,c1ccc(Cc2cccc(C3CCCCO3)c2)cc1,0.5926
1883,T5478,1832686-44-8,CC1CN(CC2CCN(Cc3ccccc3)CC2)C(=O)N(c2cccc(C(=N)N)c2)C1,C25H33N5O,419.57,3.76,76.66,2,3,6,2,4,0.44,31,0,0,none,0.9849,0.9453,0.9691,T5478,Ranolazine,pFOX / 晚钠电流,部分脂肪酸氧化抑制，改善代谢底物利用,0.18,无明确优势骨架命中,,,0.0,0.1798,O=C1N(CC2CCN(Cc3ccccc3)CC2)CCCN1c1ccccc1,0.5744
1884,T5786,23434-88-0,O=C(CCCCc1ccc2c(c1)OCO2)N1CCCCC1,C17H23NO3,289.38,3.14,38.77,0,3,5,1,3,0.588,21,0,0,none,0.9616,0.9802,0.969,T5786,Lanifibranor,PPAR pan (alpha/delta/gamma),泛 PPAR 激动，促进 beta-氧化、抑制脂肪生成与炎症纤维化,0.186,无明确优势骨架命中,,,0.0,0.1857,O=C(CCCCc1ccc2c(c1)OCO2)N1CCCCC1,0.5774
1885,T204404,721964-48-3,CCOc1ccc(-c2nnc3ccc(SC)nn23)cc1,C14H14N4OS,286.36,2.91,52.31,0,5,4,3,3,0.214,20,0,0,none,1.0,0.9224,0.969,T204404,Etomoxir,CPT1a (抑制剂/阴性对照),CPT1 不可逆抑制剂，作为脂肪酸氧化通路机制阴性对照,0.197,无明确优势骨架命中,,,0.0,0.197,c1ccc(-c2nnc3cccnn23)cc1,0.583
1886,T68052,16401-80-2,Cc1c(CC(=O)O)c2ccccc2n1C(=O)c1ccccc1,C18H15NO3,293.32,3.27,59.3,1,2,3,3,3,0.111,22,0,0,none,1.0,0.9222,0.9689,T68052,Fluvastatin,HMGCR,全合成 HMGCR 抑制剂,0.269,无明确优势骨架命中,,,0.0,0.2687,O=C(c1ccccc1)n1ccc2ccccc21,0.6188
1887,T3992,897657-95-3,c1cnc(NCc2ccc(CNc3ncccn3)cc2)nc1,C16H16N6,292.35,2.49,75.62,2,6,6,3,3,0.125,22,0,0,none,1.0,0.9222,0.9689,T3992,Rosiglitazone,PPAR-gamma,TZD 类 PPAR-gamma 全激动剂，改善胰岛素抵抗与肝内脂肪蓄积,0.196,无明确优势骨架命中,,,0.0,0.1964,c1cnc(NCc2ccc(CNc3ncccn3)cc2)nc1,0.5826
1888,T72023,30408-07-2,C/C(=N\Cc1ccccc1)c1c(O)c2ccccc2oc1=O,C18H15NO3,293.32,3.51,62.8,1,4,3,3,3,0.111,22,0,0,none,1.0,0.9222,0.9689,T72023,Salicylate,"AMPK (direct, beta1)",直接结合 AMPK beta1 变构位点，抑制脂肪生成,0.191,无明确优势骨架命中,,,0.0,0.1915,O=c1oc2ccccc2cc1C=NCc1ccccc1,0.5802
1889,T2371,226954-04-7,CCN(Cc1ccccc1)C(=O)Cn1c(=O)n(C)c2cnc(-c3ccccc3)nc21,C23H23N5O2,401.47,2.85,73.02,0,4,6,4,4,0.217,30,0,0,none,0.9705,0.9665,0.9689,T2371,Pentoxifylline,PDE / TNF-alpha,非选择性磷酸二酯酶抑制剂，降低肝脏炎症与脂质沉积,0.254,无明确优势骨架命中,,,0.0,0.2535,O=C(Cn1c(=O)[nH]c2cnc(-c3ccccc3)nc21)NCc1ccccc1,0.6112
1890,T1760,634616-95-8,Cc1ccccc1CN1CCC(N2CCC(n3c(=O)[nH]c4ccccc43)CC2)CC1,C25H32N4O,404.56,3.94,44.27,1,3,4,3,5,0.48,30,0,0,none,0.9482,1.0,0.9689,T1760,Ranolazine,pFOX / 晚钠电流,部分脂肪酸氧化抑制，改善代谢底物利用,0.188,无明确优势骨架命中,,,0.0,0.1875,O=c1[nH]c2ccccc2n1C1CCN(C2CCN(Cc3ccccc3)CC2)CC1,0.5782
1891,T1734,117977-21-6,COCCCOc1ccnc(CSc2nc3ccccc3[nH]2)c1C,C18H21N3O2S,343.45,3.97,60.03,1,5,8,3,3,0.333,24,0,0,none,0.9481,1.0,0.9689,T1734,Gemfibrozil,PPAR-alpha,苯氧戊酸类 PPAR-alpha 激动剂，抑制肝脏 VLDL-TG 分泌,0.174,无明确优势骨架命中,,,0.0,0.1739,c1ccc(CSc2nc3ccccc3[nH]2)nc1,0.5714
1892,T0031L2,146939-27-7,O=C1Cc2cc(CCN3CCN(c4nsc5ccccc45)CC3)c(Cl)cc2N1,C21H21ClN4OS,412.95,3.81,48.47,1,5,4,3,5,0.333,28,1,0,none,0.9783,0.9548,0.9689,T0031;T0031L;T0031L2,Fluvastatin,HMGCR,全合成 HMGCR 抑制剂,0.152,无明确优势骨架命中,,,0.0,0.1522,O=C1Cc2cc(CCN3CCN(c4nsc5ccccc45)CC3)ccc2N1,0.5606
1893,TN3847,63807-90-9,CC1(C)CCc2c(cc3occ(-c4ccc(O)cc4)c(=O)c3c2O)O1,C20H18O5,338.36,3.97,79.9,2,5,1,3,4,0.25,25,0,0,none,0.948,1.0,0.9688,TN3847,Naringenin,PPAR-alpha / SREBP,柑橘黄烷酮，抑制脂肪生成基因并促进脂肪酸氧化,0.212,无明确优势骨架命中,,,0.0,0.2121,O=c1c(-c2ccccc2)coc2cc3c(cc12)CCCO3,0.5904
1894,T5535,1888305-96-1,O=C(Nc1cccnc1)c1cc(C(=O)c2c(F)cccc2Br)c[nH]1,C17H11BrFN3O2,388.2,3.79,74.85,2,3,4,3,3,0.0,24,2,0,none,0.9809,0.9506,0.9688,T5535,Nicotinic acid (Niacin),HCAR2 / DGAT2,抑制脂肪组织脂解并弱抑制 DGAT2，减少肝内 VLDL 底物供应,0.278,无明确优势骨架命中,,,0.0,0.2778,O=C(c1ccccc1)c1c[nH]c(C(=O)Nc2cccnc2)c1,0.6233
1895,T67696,426242-86-6,COc1ccccc1-c1nnc(NC(=O)Nc2ccccc2F)s1,C16H13FN4O2S,344.37,4.0,76.14,2,5,4,3,3,0.062,24,1,0,none,0.9478,1.0,0.9687,T67696,Ranolazine,pFOX / 晚钠电流,部分脂肪酸氧化抑制，改善代谢底物利用,0.227,无明确优势骨架命中,,,0.0,0.2267,O=C(Nc1ccccc1)Nc1nnc(-c2ccccc2)s1,0.5977
1896,T5093,1093222-27-5,N#Cc1ccc(-c2cnc3[nH]cc(NC(=O)c4cccnc4)c3c2)cc1,C20H13N5O,339.36,3.75,94.46,2,4,3,4,4,0.0,26,0,0,none,0.9505,0.9961,0.9687,T5093,Nicotinic acid (Niacin),HCAR2 / DGAT2,抑制脂肪组织脂解并弱抑制 DGAT2，减少肝内 VLDL 底物供应,0.315,无明确优势骨架命中,,,0.0,0.3148,O=C(Nc1c[nH]c2ncc(-c3ccccc3)cc12)c1cccnc1,0.6418
1897,T62893,99899-45-3,COc1cc2nc(N3CCN(C(=O)C4CC5C=CC4CC5)CC3)nc(N)c2cc1OC,C23H29N5O3,423.52,2.48,93.81,1,7,4,2,6,0.522,31,0,0,none,0.9953,0.9289,0.9687,T62893,TVB-2640 (Denifanstat),FASN,脂肪酸合酶 beta-酮脂酰还原酶结构域抑制剂，直接阻断棕榈酸从头合成,0.213,无明确优势骨架命中,,,0.0,0.2128,O=C(C1CC2C=CC1CC2)N1CCN(c2ncc3ccccc3n2)CC1,0.5908
1898,T60976,1616385-51-3,Cc1[nH]nc(C(=O)Nc2cnc3[nH]c(-c4ccccc4)cc3c2)c1C,C19H17N5O,331.38,3.82,86.46,3,3,3,4,4,0.105,25,0,0,none,0.9477,1.0,0.9686,T60976,Atorvastatin,HMGCR,HMG-CoA 还原酶抑制，降低胆固醇合成并上调 LDLR,0.224,无明确优势骨架命中,,,0.0,0.2235,O=C(Nc1cnc2[nH]c(-c3ccccc3)cc2c1)c1cc[nH]n1,0.596
1899,T15023,205187-53-7,O=S1(=O)c2ccc(F)cc2Oc2cc(OCC(F)(F)F)ccc21,C14H8F4O4S,348.27,3.71,52.6,0,4,2,2,3,0.143,23,4,0,none,0.9906,0.9356,0.9686,T15023,GW501516,PPAR-delta,PPAR-delta 选择性激动，提升肝与骨骼肌脂肪酸氧化,0.167,无明确优势骨架命中,,,0.0,0.1667,O=S1(=O)c2ccccc2Oc2ccccc21,0.5676
1900,T4616,364-62-5,CCN(CC)CCNC(=O)c1cc(Cl)c(N)cc1OC,C14H22ClN3O2,299.8,2.0,67.59,2,4,7,1,1,0.5,20,1,0,none,0.9476,1.0,0.9686,T1069;T4616;T8385,Bezafibrate,PPAR pan,泛 PPAR 弱激动剂，降低血浆与肝内甘油三酯,0.242,无明确优势骨架命中,,,0.0,0.2424,c1ccccc1,0.6055
1901,T10243,1275582-97-2,O=c1nc(NCc2ccc(Cl)c(Cl)c2)[nH]c2ncn(CCN3CCOCC3)c12,C18H20Cl2N6O2,423.3,2.37,88.07,2,6,6,3,4,0.389,28,2,0,none,0.9963,0.927,0.9686,T10243;T60171,Lanifibranor,PPAR pan (alpha/delta/gamma),泛 PPAR 激动，促进 beta-氧化、抑制脂肪生成与炎症纤维化,0.183,无明确优势骨架命中,,,0.0,0.1829,O=c1nc(NCc2ccccc2)[nH]c2ncn(CCN3CCOCC3)c12,0.5758
1902,T6061,1418033-25-6,Cc1cc(C)cc(C(=O)NOCCCCCC(=O)NO)c1,C15H22N2O4,294.35,2.03,87.66,3,4,8,1,1,0.467,21,0,0,none,0.949,0.9981,0.9686,T6061,Gemfibrozil,PPAR-alpha,苯氧戊酸类 PPAR-alpha 激动剂，抑制肝脏 VLDL-TG 分泌,0.228,无明确优势骨架命中,,,0.0,0.2281,c1ccccc1,0.5984
1903,T60644,945189-68-4,CC(C)Cc1cc(C(=O)Nc2ccc(F)c(Cl)c2)no1,C14H14ClFN2O2,296.73,3.92,55.13,1,3,4,2,2,0.286,20,2,0,none,0.9624,0.9776,0.9685,T60644,GW4064,FXR,非甾体高效 FXR 激动剂工具化合物，抑制 DNL 相关转录程序,0.209,无明确优势骨架命中,,,0.0,0.2093,O=C(Nc1ccccc1)c1ccon1,0.5889
1904,T6196,172889-26-8,Cc1ccc(-c2nn(C(C)(C)C)c3ncnc(N)c23)cc1,C16H19N5,281.36,3.14,69.62,1,4,1,3,3,0.312,21,0,0,none,0.9959,0.9272,0.9685,T6196,Gemfibrozil,PPAR-alpha,苯氧戊酸类 PPAR-alpha 激动剂，抑制肝脏 VLDL-TG 分泌,0.167,无明确优势骨架命中,,,0.0,0.1667,c1ccc(-c2n[nH]c3ncncc23)cc1,0.5676
1905,T67957,55837-21-3,OCCOCCOCCN1CCC(=C(c2ccccc2)c2ccccc2)CC1,C24H31NO3,381.52,3.61,41.93,1,4,10,2,3,0.417,28,0,0,none,0.9475,1.0,0.9685,T67957,Ranolazine,pFOX / 晚钠电流,部分脂肪酸氧化抑制，改善代谢底物利用,0.183,无明确优势骨架命中,,,0.0,0.1831,c1ccc(C(=C2CCNCC2)c2ccccc2)cc1,0.5758
1906,T2058,540769-28-6,Cc1cc(NC(=O)NCCN2CCC(O)(Cc3ccccc3)CC2)c2ccccc2n1,C25H30N4O2,418.54,3.73,77.49,3,4,6,3,4,0.36,31,0,0,none,0.9878,0.9395,0.9685,T2058,Ranolazine,pFOX / 晚钠电流,部分脂肪酸氧化抑制，改善代谢底物利用,0.212,无明确优势骨架命中,,,0.0,0.2118,O=C(NCCN1CCC(Cc2ccccc2)CC1)Nc1ccnc2ccccc12,0.5901
1907,T6649,85416-73-5,COc1ccc([C@H]2CNC(=O)C2)cc1OC1CCCC1,C16H21NO3,275.35,2.62,47.56,1,3,4,1,3,0.562,20,0,0,none,0.9981,0.9241,0.9685,T13448;T6649,Trimetazidine,3-KAT (长链硫解酶),部分脂肪酸氧化抑制剂，代谢调节剂,0.203,无明确优势骨架命中,,,0.0,0.2034,O=C1CC(c2cccc(OC3CCCC3)c2)CN1,0.586
1908,T6644,61413-54-5,COc1ccc(C2CNC(=O)C2)cc1OC1CCCC1,C16H21NO3,275.35,2.62,47.56,1,3,4,1,3,0.562,20,0,0,none,0.9981,0.9241,0.9685,T6644,Trimetazidine,3-KAT (长链硫解酶),部分脂肪酸氧化抑制剂，代谢调节剂,0.203,无明确优势骨架命中,,,0.0,0.2034,O=C1CC(c2cccc(OC3CCCC3)c2)CN1,0.586
1909,T15174,1233231-30-5,C[C@@H](NCc1nc2ccc(Oc3cc(F)c(F)c(F)c3)nc2n1C1CCC1)C(N)=O,C20H20F3N5O2,419.41,3.33,95.06,2,5,7,3,4,0.35,30,3,0,none,0.9919,0.9335,0.9685,T15174,TVB-2640 (Denifanstat),FASN,脂肪酸合酶 beta-酮脂酰还原酶结构域抑制剂，直接阻断棕榈酸从头合成,0.168,无明确优势骨架命中,,,0.0,0.1683,c1ccc(Oc2ccc3ncn(C4CCC4)c3n2)cc1,0.5684
1910,T8477,312538-03-7,O=C(ON=C1c2ccccc2-c2nc3ccccc3nc21)c1ccco1,C20H11N3O3,341.33,3.81,77.58,0,6,2,4,5,0.0,26,0,0,none,0.949,0.9974,0.9684,T8477,Telmisartan,PPAR-gamma partial / AT1R,AT1 受体拮抗兼 PPAR-gamma 部分激动，文献报道减轻肝细胞脂肪变,0.19,无明确优势骨架命中,,,0.0,0.1905,O=C(ON=C1c2ccccc2-c2nc3ccccc3nc21)c1ccco1,0.5794
1911,T77627,2231294-96-3,CS(=O)(=O)N1CCC(COc2coc(CN3Cc4ccccc4C3)cc2=O)CC1,C21H26N2O5S,418.52,2.21,80.06,0,6,6,2,4,0.476,29,0,0,none,0.981,0.9496,0.9684,T77627,Lanifibranor,PPAR pan (alpha/delta/gamma),泛 PPAR 激动，促进 beta-氧化、抑制脂肪生成与炎症纤维化,0.185,无明确优势骨架命中,,,0.0,0.1852,O=c1cc(CN2Cc3ccccc3C2)occ1OCC1CCNCC1,0.5768
1912,T77557,55804-65-4,O=C(O)c1cc2cc3c4c(c2oc1=O)CCCN4CCC3,C16H15NO4,285.3,2.19,70.75,1,4,1,2,4,0.375,21,0,0,none,0.9748,0.9585,0.9683,T77557,ACC inhibitor chemotype (firsocostat-like proxy),ACC1/ACC2,变构抑制乙酰辅酶A羧化酶，降低丙二酰辅酶A、阻断新发脂质合成(DNL)并解除 CPT1 抑制,0.219,无明确优势骨架命中,,,0.0,0.2192,O=c1ccc2cc3c4c(c2o1)CCCN4CCC3,0.5938
1913,T13066,1820812-16-5,Cc1c(Cc2ccc(-n3cccn3)cc2)cc2c(c1F)CN([C@H]1COCC[C@@H]1O)C2=O,C24H24FN3O3,421.47,3.02,67.59,1,4,4,3,5,0.333,31,1,0,none,1.0,0.9208,0.9683,T13066,TVB-2640 (Denifanstat),FASN,脂肪酸合酶 beta-酮脂酰还原酶结构域抑制剂，直接阻断棕榈酸从头合成,0.17,哌嗪/哌啶杂芳基甲酰胺,SCD1 / DGAT2,脂质酶抑制剂常见的环胺-酰胺连接模式，倾向作用于 SCD1/DGAT2 等内质网膜结合型脂质合成酶,0.55,0.4173,O=C1c2cc(Cc3ccc(-n4cccn4)cc3)ccc2CN1C1CCCOC1,0.6928
1914,T19533,158353-15-2,C#CCN(C)c1c(C#N)cnn1-c1nn2c(c1Cl)CCCC2,C15H15ClN6,314.78,2.0,62.67,0,4,3,2,3,0.4,22,1,0,none,0.947,1.0,0.9682,T19533,Resmetirom (MGL-3196),THR-beta,肝脏选择性甲状腺激素受体 beta 激动；上调 CPT1A/线粒体 beta-氧化与脂噬，降低肝内甘油三酯,0.144,无明确优势骨架命中,,,0.0,0.1444,c1cnn(-c2cc3n(n2)CCCC3)c1,0.5563
1915,T67884,1015859-04-7,Cc1oc(-c2ccc(Cl)cc2)nc1CS(=O)CC(=O)NC1CCCCC1,C19H23ClN2O3S,394.92,4.0,72.2,1,4,6,2,3,0.474,26,1,0,none,0.9469,1.0,0.9682,T67884,Etomoxir,CPT1a (抑制剂/阴性对照),CPT1 不可逆抑制剂，作为脂肪酸氧化通路机制阴性对照,0.211,无明确优势骨架命中,,,0.0,0.2105,O=C(CS(=O)Cc1coc(-c2ccccc2)n1)NC1CCCCC1,0.5893
1916,T29221,2089389-15-9,CN(C)[C@@H]1CCN(c2cc(-c3ccccc3)nc3ccnn23)C1,C18H21N5,307.4,2.54,36.67,0,4,3,3,4,0.333,23,0,0,none,0.947,1.0,0.9682,T29221,PF-06424439 (DGAT2i),DGAT2,二酰甘油酰基转移酶2 抑制剂，直接阻断甘油三酯酯化终末步骤,0.176,无明确优势骨架命中,,,0.0,0.1757,c1ccc(-c2cc(N3CCCC3)n3nccc3n2)cc1,0.572
1917,T16378,1309198-71-7,Nc1nc(NCc2ccccc2)nc(-c2ccccc2CO)n1,C17H17N5O,307.36,2.23,96.95,3,6,5,3,3,0.118,23,0,0,none,0.9682,0.9682,0.9682,T16378,Telmisartan,PPAR-gamma partial / AT1R,AT1 受体拮抗兼 PPAR-gamma 部分激动，文献报道减轻肝细胞脂肪变,0.169,无明确优势骨架命中,,,0.0,0.1687,c1ccc(CNc2ncnc(-c3ccccc3)n2)cc1,0.5684
1918,T0640,85-68-7,CCCCOC(=O)c1ccccc1C(=O)OCc1ccccc1,C19H20O4,312.36,4.0,52.6,0,4,7,2,2,0.263,23,0,0,none,0.947,1.0,0.9682,T0640,Salicylate,"AMPK (direct, beta1)",直接结合 AMPK beta1 变构位点，抑制脂肪生成,0.282,无明确优势骨架命中,,,0.0,0.2821,O=C(OCc1ccccc1)c1ccccc1,0.6252
1919,T2436,1619994-68-1,CCCOc1ccn2c(C(C)=O)cc(-c3ccccc3S(C)(=O)=O)c2c1,C20H21NO4S,371.46,4.0,64.85,0,4,6,3,3,0.25,26,0,0,none,0.9469,1.0,0.9681,T2436,Etomoxir,CPT1a (抑制剂/阴性对照),CPT1 不可逆抑制剂，作为脂肪酸氧化通路机制阴性对照,0.205,无明确优势骨架命中,,,0.0,0.2055,c1ccc(-c2ccn3ccccc23)cc1,0.5868
1920,T5058,1446261-44-4,C[C@]12CCCN1CC1=NNC(=O)c3cc(F)cc4[nH]c2c1c34,C16H15FN4O,298.32,2.08,60.49,2,3,0,2,5,0.375,22,1,0,none,0.9469,1.0,0.9681,T5058,ACC inhibitor chemotype (firsocostat-like proxy),ACC1/ACC2,变构抑制乙酰辅酶A羧化酶，降低丙二酰辅酶A、阻断新发脂质合成(DNL)并解除 CPT1 抑制,0.136,哌嗪/哌啶杂芳基甲酰胺,SCD1 / DGAT2,脂质酶抑制剂常见的环胺-酰胺连接模式，倾向作用于 SCD1/DGAT2 等内质网膜结合型脂质合成酶,0.55,0.3839,O=C1NN=C2CN3CCCC3c3[nH]c4cccc1c4c32,0.676
1921,T60060,2332820-04-7,COC(=O)c1cccc(N2N=C(C)C(C(=O)Nc3cccc(C(C)(F)F)c3)C2=O)c1,C21H19F2N3O4,415.4,3.56,88.07,1,5,5,2,3,0.238,30,2,0,none,0.9991,0.9215,0.9681,T60060,Ervogastat (PF-06865571),DGAT2,口服 DGAT2 抑制剂，降低肝内甘油三酯合成与 VLDL 分泌,0.186,无明确优势骨架命中,,,0.0,0.186,O=C(Nc1ccccc1)C1C=NN(c2ccccc2)C1=O,0.577
1922,T38654,1258833-31-6,C[C@@H]1CNCCCCN1S(=O)(=O)c1ccc2cnccc2c1,C16H21N3O2S,319.43,2.0,62.3,1,4,2,2,3,0.438,22,0,0,none,0.9466,1.0,0.968,T38654,Lanifibranor,PPAR pan (alpha/delta/gamma),泛 PPAR 激动，促进 beta-氧化、抑制脂肪生成与炎症纤维化,0.216,无明确优势骨架命中,,,0.0,0.2162,O=S(=O)(c1ccc2cnccc2c1)N1CCCCNCC1,0.5921
1923,T10221,1902954-87-3,CNCc1cn(S(=O)(=O)c2cccc(F)c2)c(-c2ccc(F)cc2F)c1OC,C19H17F3N2O3S,410.42,3.54,60.33,1,4,6,3,3,0.158,28,3,0,none,0.9997,0.9204,0.968,T10221,Berberine,AMPK / PCSK9 / LDLR,原小檗碱型生物碱，激活 AMPK 并稳定 LDLR mRNA，HepG2 经典降脂阳性对照,0.171,无明确优势骨架命中,,,0.0,0.1707,O=S(=O)(c1ccccc1)n1cccc1-c1ccccc1,0.5694
1924,T9741,2640567-43-5,COc1nc(C(C)C)ccc1-c1cnc2sc(N3CCC(O)(CN)CC3)nn12,C19H26N6O2S,402.52,2.27,101.8,2,8,5,3,4,0.526,28,0,0,none,0.9466,1.0,0.9679,T9741,ACC inhibitor chemotype (firsocostat-like proxy),ACC1/ACC2,变构抑制乙酰辅酶A羧化酶，降低丙二酰辅酶A、阻断新发脂质合成(DNL)并解除 CPT1 抑制,0.174,无明确优势骨架命中,,,0.0,0.1739,c1cncc(-c2cnc3sc(N4CCCCC4)nn23)c1,0.5709
1925,T9032,896657-58-2,O=C(CSc1ncn[nH]1)Nc1ccc(C23CC4CC(CC(C4)C2)C3)cc1,C20H24N4OS,368.51,4.0,70.67,2,4,5,2,6,0.55,26,0,0,none,0.9465,1.0,0.9679,T9032,Ciprofibrate,PPAR-alpha,长效贝特类，诱导过氧化物酶体增殖与脂肪酸 beta-氧化,0.162,无明确优势骨架命中,,,0.0,0.1618,O=C(CSc1ncn[nH]1)Nc1ccc(C23CC4CC(CC(C4)C2)C3)cc1,0.5648
1926,T3478,298690-60-5,Cc1ccc(S(=O)(=O)N2CCC[C@H]2c2ccc(F)cc2)cc1,C17H18FNO2S,319.4,3.66,37.38,0,2,3,2,3,0.294,22,1,0,none,0.9464,1.0,0.9679,T3478,Lanifibranor,PPAR pan (alpha/delta/gamma),泛 PPAR 激动，促进 beta-氧化、抑制脂肪生成与炎症纤维化,0.209,无明确优势骨架命中,,,0.0,0.209,O=S(=O)(c1ccccc1)N1CCCC1c1ccccc1,0.5884
1927,T3958,440122-66-7,Oc1ccc(-c2nc3cc(O)cc(Br)c3o2)cc1,C13H8BrNO3,306.12,3.67,66.49,2,4,1,3,3,0.0,18,1,0,none,0.9896,0.9353,0.9679,T3958,Naringenin,PPAR-alpha / SREBP,柑橘黄烷酮，抑制脂肪生成基因并促进脂肪酸氧化,0.204,无明确优势骨架命中,,,0.0,0.2037,c1ccc(-c2nc3ccccc3o2)cc1,0.5858
1928,T2018,541550-19-0,Cc1cccc(/C=N/Nc2cc(N3CCOCC3)nc(OCCc3ccccn3)n2)c1,C23H26N6O2,418.5,3.08,84.76,1,8,8,3,4,0.304,31,0,0,none,0.9959,0.9257,0.9679,T2018;T3533;T68485,TVB-2640 (Denifanstat),FASN,脂肪酸合酶 beta-酮脂酰还原酶结构域抑制剂，直接阻断棕榈酸从头合成,0.178,无明确优势骨架命中,,,0.0,0.1782,C(=NNc1cc(N2CCOCC2)nc(OCCc2ccccn2)n1)c1ccccc1,0.573
1929,T23444,185391-33-7,O=C(NCc1ccc(F)cc1)C(=O)c1c[nH]c2ccccc12,C17H13FN2O2,296.3,2.81,61.96,2,2,4,3,3,0.059,22,1,0,none,1.0,0.9194,0.9678,T23444,Fluvastatin,HMGCR,全合成 HMGCR 抑制剂,0.219,无明确优势骨架命中,,,0.0,0.2192,O=C(NCc1ccccc1)C(=O)c1c[nH]c2ccccc12,0.5935
1930,T4473,1401090-53-6,CC(C)(NC(=O)O[C@@H]1CN2CCC1CC2)c1csc(-c2ccc(F)cc2)n1,C20H24FN3O2S,389.5,4.0,54.46,1,5,4,2,5,0.5,27,1,0,none,0.9462,1.0,0.9677,T11599;T4473,Fluvastatin,HMGCR,全合成 HMGCR 抑制剂,0.207,无明确优势骨架命中,,,0.0,0.2069,O=C(NCc1csc(-c2ccccc2)n1)OC1CN2CCC1CC2,0.5873
1931,T22518,768404-03-1,O=C1CN=C(c2cccc(Br)c2)c2oc3ccccc3c2N1,C17H11BrN2O2,355.19,3.98,54.6,1,3,1,3,4,0.059,22,1,0,none,0.9461,1.0,0.9676,T22518,Rosiglitazone,PPAR-gamma,TZD 类 PPAR-gamma 全激动剂，改善胰岛素抵抗与肝内脂肪蓄积,0.136,无明确优势骨架命中,,,0.0,0.1358,O=C1CN=C(c2ccccc2)c2oc3ccccc3c2N1,0.5517
1932,T21164,122836-35-5,Cc1nn(-c2cc(NS(C)(=O)=O)c(Cl)cc2Cl)c(=O)n1C(F)F,C11H10Cl2F2N4O3S,387.2,2.42,85.99,1,4,4,2,2,0.273,23,4,0,none,0.9984,0.9213,0.9676,T21164,Resmetirom (MGL-3196),THR-beta,肝脏选择性甲状腺激素受体 beta 激动；上调 CPT1A/线粒体 beta-氧化与脂噬，降低肝内甘油三酯,0.173,无明确优势骨架命中,,,0.0,0.1728,O=c1[nH]cnn1-c1ccccc1,0.5702
1933,T1392,2321-07-5,O=C(O)c1ccccc1-c1c2ccc(=O)cc-2oc2cc(O)ccc12,C20H12O5,332.31,3.97,87.74,2,4,2,2,4,0.0,25,0,0,none,0.9532,0.9892,0.9676,T1392,Salicylate,"AMPK (direct, beta1)",直接结合 AMPK beta1 变构位点，抑制脂肪生成,0.304,无明确优势骨架命中,,,0.0,0.3043,O=c1ccc2c(-c3ccccc3)c3ccccc3oc-2c1,0.636
1934,T77624,852367-46-5,Cc1ccc(CNC(=O)C(=O)c2c[nH]c3ccccc23)cc1,C18H16N2O2,292.34,2.98,61.96,2,2,4,3,3,0.111,22,0,0,none,1.0,0.9187,0.9675,T77624,Salicylate,"AMPK (direct, beta1)",直接结合 AMPK beta1 变构位点，抑制脂肪生成,0.191,无明确优势骨架命中,,,0.0,0.1915,O=C(NCc1ccccc1)C(=O)c1c[nH]c2ccccc12,0.5795
1935,T2621,156722-18-8,C[C@]12CC[C@H](O)C[C@H]1CC[C@@H]1[C@@H]2CC[C@]2(C)[C@@](O)(c3ccoc3)CC[C@]12O,C23H34O4,374.52,3.99,73.83,3,4,1,1,5,0.826,27,0,0,none,0.9459,1.0,0.9675,T2621,Chenodeoxycholic acid,FXR,内源性 FXR 配体，调控胆汁酸稳态并抑制肝脏脂肪生成,0.292,无明确优势骨架命中,,,0.0,0.2917,c1cc(C2CCC3C2CCC2C4CCCCC4CCC23)co1,0.6296
1936,T16428,186953-56-0,CONC(=N)c1ccc(-c2ccc(-c3ccc(C(=N)NOC)cc3)o2)cc1,C20H20N4O3,364.41,3.57,103.36,4,5,6,3,3,0.1,27,0,0,none,0.9458,1.0,0.9675,T16428,Fenofibric acid,PPAR-alpha,激活 PPAR-alpha 上调 CPT1/ACOX1，增强线粒体与过氧化物酶体脂肪酸氧化,0.16,无明确优势骨架命中,,,0.0,0.16,c1ccc(-c2ccc(-c3ccccc3)o2)cc1,0.5638
1937,TN7126,58493-47-3,CCCCCCCC(=O)NCc1ccc(O)c(OC)c1,C16H25NO3,279.38,3.38,58.56,2,3,9,1,1,0.562,20,0,0,none,0.9851,0.941,0.9674,TN7126,Aramchol,SCD1,胆汁酸-脂肪酸偶联物，下调 SCD1，降低单不饱和脂肪酸与甘油三酯合成,0.207,无明确优势骨架命中,,,0.0,0.2073,c1ccccc1,0.5874
1938,T1242,156053-89-3,C[C@H]1CN(C[C@H](Cc2ccccc2)C(=O)NCC(=O)O)CC[C@@]1(C)c1cccc(O)c1,C25H32N2O4,424.54,3.05,89.87,3,4,8,2,3,0.44,31,0,0,none,0.9959,0.9245,0.9674,T1242,Ranolazine,pFOX / 晚钠电流,部分脂肪酸氧化抑制，改善代谢底物利用,0.216,无明确优势骨架命中,,,0.0,0.2159,c1ccc(CCCN2CCC(c3ccccc3)CC2)cc1,0.5916
1939,T12761,189744-94-3,Cc1ncc(CN2CC=C(c3ccccc3)CC2)c(N)n1,C17H20N4,280.37,2.66,55.04,1,4,3,2,3,0.294,21,0,0,none,1.0,0.9186,0.9674,T12761,Ranolazine,pFOX / 晚钠电流,部分脂肪酸氧化抑制，改善代谢底物利用,0.167,无明确优势骨架命中,,,0.0,0.1667,C1=C(c2ccccc2)CCN(Cc2cncnc2)C1,0.5671
1940,T11986L,,CCN(CCCC(=O)O)C(C)Cc1ccc(OC)cc1,C16H25NO3,279.38,2.81,49.77,1,3,9,1,1,0.562,20,0,0,none,0.985,0.941,0.9674,T11986L,EPA (Eicosapentaenoic acid),PPAR-alpha / SREBP-1c,omega-3 多不饱和脂肪酸，激活 PPAR-alpha 并抑制 SREBP-1c 成熟,0.26,无明确优势骨架命中,,,0.0,0.26,c1ccccc1,0.6137
1941,T8926,203787-91-1,O=C(O)CCCCCCCNC(=O)c1ccccc1O,C15H21NO4,279.34,2.55,86.63,3,3,9,1,1,0.467,20,0,0,none,0.9851,0.9408,0.9674,T8926,Salicylate,"AMPK (direct, beta1)",直接结合 AMPK beta1 变构位点，抑制脂肪生成,0.429,无明确优势骨架命中,,,0.0,0.4286,c1ccccc1,0.698
1942,T4663,1798331-92-6,CC(=O)Nc1ccc(C2=Nc3ccc(Cl)cc3OC2)cc1,C16H13ClN2O2,300.75,3.81,50.69,1,3,2,2,3,0.125,21,1,0,none,0.9787,0.9505,0.9674,T4663,Etomoxir,CPT1a (抑制剂/阴性对照),CPT1 不可逆抑制剂，作为脂肪酸氧化通路机制阴性对照,0.203,无明确优势骨架命中,,,0.0,0.2029,c1ccc(C2=Nc3ccccc3OC2)cc1,0.5852
1943,T35716,161696-76-0,Cc1cc2c(s1)Nc1ccccc1N=C2N1CCNCC1,C16H18N4S,298.42,3.1,39.66,2,5,0,2,4,0.312,21,0,0,none,0.9523,0.9899,0.9673,T35716,Trimetazidine,3-KAT (长链硫解酶),部分脂肪酸氧化抑制剂，代谢调节剂,0.197,无明确优势骨架命中,,,0.0,0.1967,c1ccc2c(c1)N=C(N1CCNCC1)c1ccsc1N2,0.582
1944,T21995,196928-50-4,O=c1c(Oc2ccc(I)cc2)coc2cc(O)ccc12,C15H9IO4,380.14,3.9,59.67,1,4,2,3,3,0.0,20,1,0,none,0.9661,0.969,0.9673,T21995,Naringenin,PPAR-alpha / SREBP,柑橘黄烷酮，抑制脂肪生成基因并促进脂肪酸氧化,0.183,无明确优势骨架命中,,,0.0,0.1833,O=c1c(Oc2ccccc2)coc2ccccc12,0.5753
1945,T77609,852902-81-9,CN(C)S(=O)(=O)c1ccc(Cl)c(NC(=O)CNC23CC4CC(CC(C4)C2)C3)c1,C20H28ClN3O3S,425.98,3.09,78.51,2,4,6,1,5,0.65,28,1,0,none,1.0,0.9184,0.9673,T77609,Lanifibranor,PPAR pan (alpha/delta/gamma),泛 PPAR 激动，促进 beta-氧化、抑制脂肪生成与炎症纤维化,0.227,无明确优势骨架命中,,,0.0,0.2267,O=C(CNC12CC3CC(CC(C3)C1)C2)Nc1ccccc1,0.597
1946,T6817,522-17-8,COc1cc2c(cc1OC)[C@@H]1C(=O)c3ccc4c(c3O[C@@H]1CO2)C=CC(C)(C)O4,C23H22O6,394.42,4.01,63.22,0,6,2,2,5,0.348,29,0,0,none,0.9455,1.0,0.9673,T6817,Berberine,AMPK / PCSK9 / LDLR,原小檗碱型生物碱，激活 AMPK 并稳定 LDLR mRNA，HepG2 经典降脂阳性对照,0.21,无明确优势骨架命中,,,0.0,0.2099,O=C1c2ccc3c(c2OC2COc4ccccc4C12)C=CCO3,0.5886
1947,T28036,1454920-20-7,CC1(C)CN=C(N2CCN(c3ncnc4sc(CC(F)(F)F)cc34)CC2)S1,C17H20F3N5S2,415.51,3.8,44.62,0,7,2,2,4,0.588,27,3,0,none,0.9711,0.9616,0.9673,T28036,Ervogastat (PF-06865571),DGAT2,口服 DGAT2 抑制剂，降低肝内甘油三酯合成与 VLDL 分泌,0.155,无明确优势骨架命中,,,0.0,0.1548,c1nc(N2CCN(C3=NCCS3)CC2)c2ccsc2n1,0.5611
1948,T16472,2622-26-6,N#Cc1ccc2c(c1)N(CCCN1CCC(O)CC1)c1ccccc1S2,C21H23N3OS,365.5,4.01,50.5,1,5,4,2,4,0.381,26,0,0,none,0.9456,1.0,0.9673,T16472,Rosiglitazone,PPAR-gamma,TZD 类 PPAR-gamma 全激动剂，改善胰岛素抵抗与肝内脂肪蓄积,0.145,无明确优势骨架命中,,,0.0,0.1446,c1ccc2c(c1)Sc1ccccc1N2CCCN1CCCCC1,0.556
1949,T4603,6266-66-6,O=C(CC(C(=O)O)c1c[nH]c2ccccc12)c1ccccc1,C18H15NO3,293.32,3.61,70.16,2,2,5,3,3,0.111,22,0,0,none,0.9973,0.9222,0.9673,T4603,Nicotinic acid (Niacin),HCAR2 / DGAT2,抑制脂肪组织脂解并弱抑制 DGAT2，减少肝内 VLDL 底物供应,0.217,无明确优势骨架命中,,,0.0,0.2174,O=C(CCc1c[nH]c2ccccc12)c1ccccc1,0.5924
1950,T68508,865318-97-4,CCCCCCCCc1c(CC)nc2ncnn2c1N,C15H25N5,275.4,3.17,69.1,1,4,8,2,2,0.667,20,0,0,none,0.9959,0.9243,0.9673,T68508,C75,FASN,alpha-亚甲基-gamma-丁内酯类 FASN 抑制剂，同时升高丙二酰辅酶A,0.148,无明确优势骨架命中,,,0.0,0.1475,c1cnc2ncnn2c1,0.5574
1951,T6398,1649-18-9,O=C(CCCN1CCN(c2ccccn2)CC1)c1ccc(F)cc1,C19H22FN3O,327.4,3.01,36.44,0,4,6,2,3,0.368,24,1,0,none,0.9453,1.0,0.9672,T6398,Ranolazine,pFOX / 晚钠电流,部分脂肪酸氧化抑制，改善代谢底物利用,0.211,无明确优势骨架命中,,,0.0,0.2105,O=C(CCCN1CCN(c2ccccn2)CC1)c1ccccc1,0.5888
1952,T64372,433735-90-1,c1ccc2[nH]c(-c3ccc(-c4ccc(C5=NCCN5)cc4)o3)nc2c1,C20H16N4O,328.38,3.84,66.21,2,4,3,4,5,0.1,25,0,0,none,0.9453,1.0,0.9672,T23966;T64372,A-769662,"AMPK (direct, beta1)",直接变构激活 AMPK beta1 亚基，磷酸化 ACC1/2 抑制 DNL,0.137,无明确优势骨架命中,,,0.0,0.137,c1ccc2[nH]c(-c3ccc(-c4ccc(C5=NCCN5)cc4)o3)nc2c1,0.5521
1953,T2252,1314241-44-5,O=C(c1cncc(Br)c1)N1CCC(N2CCCC2)CC1,C15H20BrN3O,338.25,2.54,36.44,0,3,2,1,3,0.6,20,1,0,none,0.9453,1.0,0.9672,T2252,PF-06424439 (DGAT2i),DGAT2,二酰甘油酰基转移酶2 抑制剂，直接阻断甘油三酯酯化终末步骤,0.295,哌嗪/哌啶杂芳基甲酰胺,SCD1 / DGAT2,脂质酶抑制剂常见的环胺-酰胺连接模式，倾向作用于 SCD1/DGAT2 等内质网膜结合型脂质合成酶,0.55,0.5426,O=C(c1cccnc1)N1CCC(N2CCCC2)CC1,0.7549
1954,T29097,869853-70-3,c1ccc(Cn2nnc3c(Sc4ncco4)ncnc32)cc1,C14H10N6OS,310.34,2.41,82.52,0,7,4,4,4,0.071,22,0,0,none,0.9686,0.9647,0.9671,T29097,Telmisartan,PPAR-gamma partial / AT1R,AT1 受体拮抗兼 PPAR-gamma 部分激动，文献报道减轻肝细胞脂肪变,0.156,无明确优势骨架命中,,,0.0,0.1556,c1ccc(Cn2nnc3c(Sc4ncco4)ncnc32)cc1,0.5614
1955,T3S1227,13395-02-3,COc1cccc2c1cc1c3c(cc4c(c32)OCO4)C(=O)N1,C17H11NO4,293.28,3.3,56.79,1,4,1,3,5,0.118,22,0,0,none,0.9959,0.9237,0.9671,T3S1227,Berberine,AMPK / PCSK9 / LDLR,原小檗碱型生物碱，激活 AMPK 并稳定 LDLR mRNA，HepG2 经典降脂阳性对照,0.282,哌嗪/哌啶杂芳基甲酰胺,SCD1 / DGAT2,脂质酶抑制剂常见的环胺-酰胺连接模式，倾向作用于 SCD1/DGAT2 等内质网膜结合型脂质合成酶,0.55,0.5292,O=C1Nc2cc3ccccc3c3c4c(cc1c23)OCO4,0.7482
1956,T11394,2304549-73-1,O=C1CN(c2cn[nH]c(=O)c2Cl)CCN1Cc1ccccc1C(F)(F)F,C16H14ClF3N4O2,386.76,2.29,69.3,1,4,3,2,3,0.312,26,4,0,none,0.9903,0.9323,0.9671,T11394,Ervogastat (PF-06865571),DGAT2,口服 DGAT2 抑制剂，降低肝内甘油三酯合成与 VLDL 分泌,0.153,无明确优势骨架命中,,,0.0,0.1529,O=C1CN(c2cn[nH]c(=O)c2)CCN1Cc1ccccc1,0.56
1957,T202605,935685-90-8,Cc1nc(C#Cc2ccc(-c3cc(F)cc(C#N)c3)nc2)cs1,C18H10FN3S,319.36,3.92,49.57,0,4,1,3,3,0.056,23,1,0,none,0.9572,0.9818,0.967,T202605,A-769662,"AMPK (direct, beta1)",直接变构激活 AMPK beta1 亚基，磷酸化 ACC1/2 抑制 DNL,0.145,无明确优势骨架命中,,,0.0,0.1447,C(#Cc1cscn1)c1ccc(-c2ccccc2)nc1,0.5558
1958,T28112,1197196-63-6,COc1cc2nc(N3CCOCC3)nc(NC3CCN(C)CC3)c2cc1OC,C20H29N5O3,387.48,1.99,71.98,1,8,5,2,4,0.6,28,0,0,none,0.9451,1.0,0.967,T28112,TVB-2640 (Denifanstat),FASN,脂肪酸合酶 beta-酮脂酰还原酶结构域抑制剂，直接阻断棕榈酸从头合成,0.262,无明确优势骨架命中,,,0.0,0.2619,c1ccc2c(NC3CCNCC3)nc(N3CCOCC3)nc2c1,0.6144
1959,T8815,64748-79-4,O=C1CN(/N=C/c2ncc(-c3ccc(Br)cc3)o2)C(=O)N1,C13H9BrN4O3,349.14,1.99,87.8,1,5,3,2,3,0.077,21,1,0,none,0.9451,1.0,0.967,T8815,Pioglitazone,PPAR-gamma,噻唑烷二酮胰岛素增敏剂，促进脂肪组织脂质再分布、降低肝细胞脂毒性,0.145,无明确优势骨架命中,,,0.0,0.1447,O=C1CN(N=Cc2ncc(-c3ccccc3)o2)C(=O)N1,0.5558
1960,T6140,792173-99-0,Cc1nc2ccc(NC(=O)Nc3ccnc4cccnc34)cc2o1,C17H13N5O2,319.32,3.72,92.94,2,5,2,4,4,0.059,24,0,0,none,0.9566,0.9826,0.967,T6140,Nicotinic acid (Niacin),HCAR2 / DGAT2,抑制脂肪组织脂解并弱抑制 DGAT2，减少肝内 VLDL 底物供应,0.172,无明确优势骨架命中,,,0.0,0.1724,O=C(Nc1ccc2ncoc2c1)Nc1ccnc2cccnc12,0.5697
1961,T4S1335,2034-69-7,COc1cc2cc(Oc3ccc4ccc(=O)oc4c3)c(=O)oc2cc1O,C19H12O7,352.3,3.41,99.11,1,7,3,4,4,0.053,26,0,0,none,0.9448,1.0,0.9669,T4S1335,ACC inhibitor chemotype (firsocostat-like proxy),ACC1/ACC2,变构抑制乙酰辅酶A羧化酶，降低丙二酰辅酶A、阻断新发脂质合成(DNL)并解除 CPT1 抑制,0.182,无明确优势骨架命中,,,0.0,0.1818,O=c1ccc2ccc(Oc3cc4ccccc4oc3=O)cc2o1,0.5744
1962,T1155,31431-39-7,COC(=O)Nc1nc2cc(C(=O)c3ccccc3)ccc2[nH]1,C16H13N3O3,295.3,2.97,84.08,2,4,3,3,3,0.062,22,0,0,none,1.0,0.9169,0.9668,T1155,Fenofibric acid,PPAR-alpha,激活 PPAR-alpha 上调 CPT1/ACOX1，增强线粒体与过氧化物酶体脂肪酸氧化,0.25,无明确优势骨架命中,,,0.0,0.25,O=C(c1ccccc1)c1ccc2[nH]cnc2c1,0.6084
1963,T64323,144120-53-6,C=CCOC(=O)[C@H](CC(=O)O)NC(=O)OCC1c2ccccc2-c2ccccc21,C22H21NO6,395.41,3.1,101.93,2,5,8,2,3,0.227,29,0,0,none,0.9529,0.9877,0.9668,T64323,Atorvastatin,HMGCR,HMG-CoA 还原酶抑制，降低胆固醇合成并上调 LDLR,0.2,无明确优势骨架命中,,,0.0,0.2,c1ccc2c(c1)Cc1ccccc1-2,0.5834
1964,T4548,81262-93-3,CC[C@@H](NC(C)C)[C@@H](O)c1ccc(O)c2[nH]c(=O)ccc12,C16H22N2O3,290.36,2.04,85.35,4,4,5,2,2,0.438,21,0,0,none,0.9555,0.9838,0.9668,T4548,VK2809 active acid (MB07344),THR-beta,肝靶向 THR-beta 激动剂活性代谢物；促进脂肪酸氧化与 LDL-C 清除,0.143,无明确优势骨架命中,,,0.0,0.1429,O=c1ccc2ccccc2[nH]1,0.5548
1965,T27800,851371-22-7,c1cncc(Nc2ncc(-c3ccncn3)c(-c3ccco3)n2)c1,C17H12N6O,316.32,3.33,89.62,1,7,4,4,4,0.0,24,0,0,none,0.9705,0.9614,0.9668,T27800,Nicotinic acid (Niacin),HCAR2 / DGAT2,抑制脂肪组织脂解并弱抑制 DGAT2，减少肝内 VLDL 底物供应,0.2,无明确优势骨架命中,,,0.0,0.2,c1cncc(Nc2ncc(-c3ccncn3)c(-c3ccco3)n2)c1,0.5834
1966,T79659,352659-40-6,N#CSCC(=O)N1c2ccccc2CCc2ccccc21,C17H14N2OS,294.38,3.66,44.1,0,3,2,2,3,0.176,21,0,0,none,0.983,0.9423,0.9667,T79659,Salicylate,"AMPK (direct, beta1)",直接结合 AMPK beta1 变构位点，抑制脂肪生成,0.214,无明确优势骨架命中,,,0.0,0.2143,c1ccc2c(c1)CCc1ccccc1N2,0.5905
1967,T29131,712325-30-9,O=C(COc1ccc2ccccc2c1Br)Nc1cccnc1,C17H13BrN2O2,357.21,4.01,51.22,1,3,4,3,3,0.059,22,1,0,none,0.9442,1.0,0.9665,T29131,Nicotinic acid (Niacin),HCAR2 / DGAT2,抑制脂肪组织脂解并弱抑制 DGAT2，减少肝内 VLDL 底物供应,0.275,无明确优势骨架命中,,,0.0,0.2745,O=C(COc1ccc2ccccc2c1)Nc1cccnc1,0.6205
1968,T0076,144598-75-4,Cc1nc2n(c(=O)c1CCN1CCC(c3noc4cc(F)ccc34)CC1)CCCC2O,C23H27FN4O3,426.49,3.08,84.39,1,6,4,3,5,0.522,31,1,0,none,1.0,0.9161,0.9665,T0076,TVB-2640 (Denifanstat),FASN,脂肪酸合酶 beta-酮脂酰还原酶结构域抑制剂，直接阻断棕榈酸从头合成,0.184,无明确优势骨架命中,,,0.0,0.1845,O=c1c(CCN2CCC(c3noc4ccccc34)CC2)cnc2n1CCCC2,0.5755
1969,T1671,223673-61-8,Nc1nc(CC(=O)Nc2ccc(CCNC[C@H](O)c3ccccc3)cc2)cs1,C21H24N4O2S,396.52,2.77,100.27,4,6,9,3,3,0.238,28,0,0,none,0.9527,0.9871,0.9665,T1671,Bezafibrate,PPAR pan,泛 PPAR 弱激动剂，降低血浆与肝内甘油三酯,0.192,无明确优势骨架命中,,,0.0,0.1923,O=C(Cc1cscn1)Nc1ccc(CCNCCc2ccccc2)cc1,0.5794
1970,T72165,651769-78-7,O=C(Nc1ccc(Cl)cc1)c1ccc(-c2nnn[nH]2)cc1,C14H10ClN5O,299.72,2.77,83.56,2,4,3,3,3,0.0,21,1,0,none,1.0,0.916,0.9664,T72165,Bezafibrate,PPAR pan,泛 PPAR 弱激动剂，降低血浆与肝内甘油三酯,0.258,无明确优势骨架命中,,,0.0,0.2581,O=C(Nc1ccccc1)c1ccc(-c2nnn[nH]2)cc1,0.6122
1971,T4551,87848-99-5,Cc1ccc(/C(=C\CN2CCCC2)c2cccc(/C=C/C(=O)O)n2)cc1,C22H24N2O2,348.45,4.02,53.43,1,3,6,2,3,0.273,26,0,0,none,0.944,1.0,0.9664,T4551,Ranolazine,pFOX / 晚钠电流,部分脂肪酸氧化抑制，改善代谢底物利用,0.198,无明确优势骨架命中,,,0.0,0.1975,C(CN1CCCC1)=C(c1ccccc1)c1ccccn1,0.582
1972,T84321,2888704-84-3,FC(F)Oc1cc(Nc2cnc3cnn(CC4CCOCC4)c3n2)n[nH]1,C15H17F2N7O2,365.34,2.32,102.77,2,7,6,3,4,0.467,26,2,0,none,0.9439,1.0,0.9664,T84321,TVB-2640 (Denifanstat),FASN,脂肪酸合酶 beta-酮脂酰还原酶结构域抑制剂，直接阻断棕榈酸从头合成,0.188,无明确优势骨架命中,,,0.0,0.1875,c1cc(Nc2cnc3cnn(CC4CCOCC4)c3n2)n[nH]1,0.577
1973,T3180,1193383-09-3,O=C(O)c1cnn(-c2nc3cc(OC(F)(F)F)c(Cl)cc3[nH]2)c1,C12H6ClF3N4O3,346.65,3.0,93.03,2,4,3,3,3,0.083,23,4,0,none,0.9971,0.9204,0.9664,T3180,GW4064,FXR,非甾体高效 FXR 激动剂工具化合物，抑制 DNL 相关转录程序,0.196,无明确优势骨架命中,,,0.0,0.1957,c1ccc2[nH]c(-n3cccn3)nc2c1,0.5811
1974,T8136,129273-38-7,O=C1C2CCCCC2C(=O)N1CCCCN1CCN(c2nsc3ccccc23)CC1,C23H30N4O2S,426.59,3.37,56.75,0,6,6,2,5,0.609,30,0,0,none,1.0,0.9157,0.9663,T8136,Ranolazine,pFOX / 晚钠电流,部分脂肪酸氧化抑制，改善代谢底物利用,0.143,无明确优势骨架命中,,,0.0,0.1429,O=C1C2CCCCC2C(=O)N1CCCCN1CCN(c2nsc3ccccc23)CC1,0.5546
1975,TN2283,139122-81-9,C[C@]12CCC[C@@]3(COC1=O)[C@@H]1CC[C@@H]4C[C@@]1(CC[C@@H]32)C[C@@]4(C)O,C20H30O3,318.46,3.69,46.53,1,3,0,0,5,0.95,23,0,0,none,0.9439,1.0,0.9663,TN2283,Chenodeoxycholic acid,FXR,内源性 FXR 配体，调控胆汁酸稳态并抑制肝脏脂肪生成,0.139,无明确优势骨架命中,,,0.0,0.1392,O=C1OCC23CCCC1C2CCC12CCC(CCC13)C2,0.5528
1976,T7187,529488-28-6,CNCCn1c(=O)c2cc(OC)c(OC)cc2c2cnc3cc4c(cc3c21)OCO4,C22H21N3O5,407.43,2.67,83.84,1,7,5,4,5,0.273,30,0,0,none,0.9705,0.96,0.9663,T7187,Berberine,AMPK / PCSK9 / LDLR,原小檗碱型生物碱，激活 AMPK 并稳定 LDLR mRNA，HepG2 经典降脂阳性对照,0.228,无明确优势骨架命中,,,0.0,0.2278,O=c1[nH]c2c3cc4c(cc3ncc2c2ccccc12)OCO4,0.5971
1977,T31081L,519052-02-9,CC[C@]1(c2cccc(NS(C)(=O)=O)c2)[C@@H]2CN(CC3(O)Cc4ccccc4C3)C[C@@H]21,C24H30N2O3S,426.58,2.8,69.64,2,4,6,2,5,0.5,30,0,0,none,1.0,0.9158,0.9663,T31081L,Lanifibranor,PPAR pan (alpha/delta/gamma),泛 PPAR 激动，促进 beta-氧化、抑制脂肪生成与炎症纤维化,0.173,无明确优势骨架命中,,,0.0,0.1728,c1ccc(C2C3CN(CC4Cc5ccccc5C4)CC32)cc1,0.5696
1978,T4576,150915-41-6,O=C1[C@H]2CCCC[C@H]2C(=O)N1CCCCN1CCN(c2nsc3ccccc23)CC1,C23H30N4O2S,426.59,3.37,56.75,0,6,6,2,5,0.609,30,0,0,none,1.0,0.9157,0.9663,T4576,Ranolazine,pFOX / 晚钠电流,部分脂肪酸氧化抑制，改善代谢底物利用,0.143,无明确优势骨架命中,,,0.0,0.1429,O=C1C2CCCCC2C(=O)N1CCCCN1CCN(c2nsc3ccccc23)CC1,0.5546
1979,T28628,1044871-04-6,COc1cc(OC)c2c(=O)[nH]c(-c3cc(C)c(OCCN4CCCC4)c(C)c3)nc2c1,C24H29N3O4,423.51,3.7,76.68,1,6,7,3,4,0.417,31,0,0,none,0.9912,0.9289,0.9663,T28628,Trimetazidine,3-KAT (长链硫解酶),部分脂肪酸氧化抑制剂，代谢调节剂,0.214,无明确优势骨架命中,,,0.0,0.2143,O=c1[nH]c(-c2ccc(OCCN3CCCC3)cc2)nc2ccccc12,0.5903
1980,T21715,1404562-17-9,Nc1ccc(-c2ccncc2)cc1NC(=O)N1CCCC1,C16H18N4O,282.35,2.96,71.25,2,3,2,2,3,0.25,21,0,0,none,1.0,0.9156,0.9662,T21715,Ervogastat (PF-06865571),DGAT2,口服 DGAT2 抑制剂，降低肝内甘油三酯合成与 VLDL 分泌,0.303,杂芳基脲 (DGAT2/SCD1 型),DGAT2 / SCD1,杂芳基脲连接的哌啶醚母核，抑制 DGAT2 或 SCD1，减少甘油三酯与单不饱和脂肪酸生成，降低脂滴体积,0.68,0.609,O=C(Nc1cccc(-c2ccncc2)c1)N1CCCC1,0.7876
1981,T37792,443103-97-7,Nc1nc(-c2ccco2)c2cnn(Cc3ccccc3F)c2n1,C16H12FN5O,309.3,2.86,82.76,1,5,3,4,4,0.062,23,1,0,none,0.9705,0.9597,0.9662,T37792,Fluvastatin,HMGCR,全合成 HMGCR 抑制剂,0.115,无明确优势骨架命中,,,0.0,0.1149,c1ccc(Cn2ncc3c(-c4ccco4)ncnc32)cc1,0.5406
1982,T5S0229,480-43-3,COc1ccc([C@@H]2CC(=O)c3c(O)cc(O)cc3O2)cc1,C16H14O5,286.28,2.81,75.99,2,5,2,2,3,0.188,21,0,0,none,1.0,0.9154,0.9662,T5S0229,Naringenin,PPAR-alpha / SREBP,柑橘黄烷酮，抑制脂肪生成基因并促进脂肪酸氧化,0.762,黄酮/黄烷酮母核,AMPK / SREBP-1c,黄酮类多酚激活 AMPK-SIRT1 轴，抑制 SREBP-1c/FAS/ACC 表达并促进脂噬,0.6,0.82,O=C1CC(c2ccccc2)Oc2ccccc21,0.8931
1983,TN11272,520-29-6,COc1cc(O)c2c(c1)OC(c1ccc(O)cc1)CC2=O,C16H14O5,286.28,2.81,75.99,2,5,2,2,3,0.188,21,0,0,none,1.0,0.9154,0.9662,TN11272,Naringenin,PPAR-alpha / SREBP,柑橘黄烷酮，抑制脂肪生成基因并促进脂肪酸氧化,0.738,黄酮/黄烷酮母核,AMPK / SREBP-1c,黄酮类多酚激活 AMPK-SIRT1 轴，抑制 SREBP-1c/FAS/ACC 表达并促进脂噬,0.6,0.82,O=C1CC(c2ccccc2)Oc2ccccc21,0.8931
1984,TN1126,2957-21-3,COc1cc(O)c2c(c1)O[C@H](c1ccc(O)cc1)CC2=O,C16H14O5,286.28,2.81,75.99,2,5,2,2,3,0.188,21,0,0,none,1.0,0.9154,0.9662,TN1126,Naringenin,PPAR-alpha / SREBP,柑橘黄烷酮，抑制脂肪生成基因并促进脂肪酸氧化,0.738,黄酮/黄烷酮母核,AMPK / SREBP-1c,黄酮类多酚激活 AMPK-SIRT1 轴，抑制 SREBP-1c/FAS/ACC 表达并促进脂噬,0.6,0.82,O=C1CC(c2ccccc2)Oc2ccccc21,0.8931
1985,T7939,162359-55-9,CCCCCCCCc1ccc(CCC(N)(CO)CO)cc1,C19H33NO2,307.48,3.2,66.48,3,3,12,1,1,0.684,22,0,0,none,0.9437,1.0,0.9662,T2539;T7939,Bezafibrate,PPAR pan,泛 PPAR 弱激动剂，降低血浆与肝内甘油三酯,0.207,无明确优势骨架命中,,,0.0,0.2069,c1ccccc1,0.5866
1986,TN2041,33783-80-1,C=C(C)[C@@H](O)COc1c2ccoc2cc2oc(=O)ccc12,C16H14O5,286.28,2.86,72.81,1,5,4,3,3,0.188,21,0,0,none,1.0,0.9154,0.9662,TN2041,Etomoxir,CPT1a (抑制剂/阴性对照),CPT1 不可逆抑制剂，作为脂肪酸氧化通路机制阴性对照,0.151,无明确优势骨架命中,,,0.0,0.1507,O=c1ccc2cc3ccoc3cc2o1,0.5584
1987,T9894,160969-03-9,CS(=O)(=O)OCCOc1ccccc1OCC(F)(F)F,C11H13F3O5S,314.28,1.98,61.83,0,5,7,1,1,0.455,20,3,0,none,0.9436,1.0,0.9662,T9894,Gemfibrozil,PPAR-alpha,苯氧戊酸类 PPAR-alpha 激动剂，抑制肝脏 VLDL-TG 分泌,0.222,无明确优势骨架命中,,,0.0,0.2222,c1ccccc1,0.5942
1988,T7315,1402608-02-9,NC(=O)c1ccc2nc(-c3ccc(C4(N)CCC4)cc3)c(-c3ccccc3)n2n1,C23H21N5O,383.46,3.5,99.3,2,4,4,4,5,0.174,29,0,0,none,0.9437,1.0,0.9662,T7315,Atorvastatin,HMGCR,HMG-CoA 还原酶抑制，降低胆固醇合成并上调 LDLR,0.167,无明确优势骨架命中,,,0.0,0.1667,c1ccc(-c2c(-c3ccc(C4CCC4)cc3)nc3cccnn23)cc1,0.5664
1989,TN1116,98619-25-1,COc1cc2c(cc1O)C(=O)[C@@H](C)[C@@H](C)[C@@H]2c1ccc(OC)c(OC)c1,C21H24O5,356.42,4.02,64.99,1,5,4,2,3,0.381,26,0,0,none,0.9434,1.0,0.9661,TN1116,Naringenin,PPAR-alpha / SREBP,柑橘黄烷酮，抑制脂肪生成基因并促进脂肪酸氧化,0.194,无明确优势骨架命中,,,0.0,0.1935,O=C1CCC(c2ccccc2)c2ccccc21,0.5798
1990,T1317,485-71-2,C=C[C@H]1C[N@]2CC[C@H]1C[C@H]2[C@H](O)c1ccnc2ccccc12,C19H22N2O,294.4,3.16,36.36,1,3,3,2,5,0.421,22,0,0,none,0.9447,0.9982,0.9661,T1317,Ervogastat (PF-06865571),DGAT2,口服 DGAT2 抑制剂，降低肝内甘油三酯合成与 VLDL 分泌,0.145,无明确优势骨架命中,,,0.0,0.1446,c1ccc2c(CC3CC4CCN3CC4)ccnc2c1,0.5554
1991,T0012,118-10-5,C=C[C@H]1C[N@]2CC[C@H]1C[C@@H]2[C@@H](O)c1ccnc2ccccc12,C19H22N2O,294.4,3.16,36.36,1,3,3,2,5,0.421,22,0,0,none,0.9447,0.9982,0.9661,T0012,Ervogastat (PF-06865571),DGAT2,口服 DGAT2 抑制剂，降低肝内甘油三酯合成与 VLDL 分泌,0.145,无明确优势骨架命中,,,0.0,0.1446,c1ccc2c(CC3CC4CCN3CC4)ccnc2c1,0.5554
1992,T72501,502654-40-2,Cc1ncsc1CCOc1ccc(-c2cc[nH]n2)cc1,C15H15N3OS,285.37,3.46,50.8,1,4,5,3,3,0.2,20,0,0,none,1.0,0.915,0.966,T72501,Pioglitazone,PPAR-gamma,噻唑烷二酮胰岛素增敏剂，促进脂肪组织脂质再分布、降低肝细胞脂毒性,0.258,无明确优势骨架命中,,,0.0,0.2576,c1cc(-c2ccc(OCCc3cncs3)cc2)n[nH]1,0.6118
1993,TN1146,53846-50-7,CC(C)=CCc1c(O)cc(O)c2c1O[C@H](c1ccc(O)cc1)CC2=O,C20H20O5,340.38,4.02,86.99,3,5,3,2,3,0.25,25,0,0,none,0.9434,1.0,0.966,TN1146,Naringenin,PPAR-alpha / SREBP,柑橘黄烷酮，抑制脂肪生成基因并促进脂肪酸氧化,0.529,黄酮/黄烷酮母核,AMPK / SREBP-1c,黄酮类多酚激活 AMPK-SIRT1 轴，抑制 SREBP-1c/FAS/ACC 表达并促进脂噬,0.6,0.7994,O=C1CC(c2ccccc2)Oc2ccccc21,0.8827
1994,T11029,2029049-77-0,O=C(CCNC(=O)c1ccc(C(F)(F)F)cc1)N[C@@H]1CCCc2ccccc21,C21H21F3N2O2,390.41,4.02,58.2,2,2,5,2,3,0.333,28,3,0,none,0.9433,1.0,0.966,T11029,Bezafibrate,PPAR pan,泛 PPAR 弱激动剂，降低血浆与肝内甘油三酯,0.236,无明确优势骨架命中,,,0.0,0.2361,O=C(CCNC(=O)c1ccccc1)NC1CCCc2ccccc21,0.601
1995,TN1325,68236-13-5,CC(C)=CCc1c(O)cc2c(c1O)C(=O)C[C@@H](c1ccc(O)cc1)O2,C20H20O5,340.38,4.02,86.99,3,5,3,2,3,0.25,25,0,0,none,0.9434,1.0,0.966,TN1325,Naringenin,PPAR-alpha / SREBP,柑橘黄烷酮，抑制脂肪生成基因并促进脂肪酸氧化,0.569,黄酮/黄烷酮母核,AMPK / SREBP-1c,黄酮类多酚激活 AMPK-SIRT1 轴，抑制 SREBP-1c/FAS/ACC 表达并促进脂噬,0.6,0.82,O=C1CC(c2ccccc2)Oc2ccccc21,0.893
1996,T3S1692,36062-07-4,COc1cc(CCC(O)CC(O)CCc2ccc(O)c(OC)c2)ccc1O,C21H28O6,376.45,2.79,99.38,4,6,10,2,2,0.429,27,0,0,none,0.9433,1.0,0.966,T3S1692,Ranolazine,pFOX / 晚钠电流,部分脂肪酸氧化抑制，改善代谢底物利用,0.212,无明确优势骨架命中,,,0.0,0.2121,c1ccc(CCCCCCCc2ccccc2)cc1,0.589
1997,T27679,953428-73-4,CN(C)C(=O)CCn1nc(Nc2ccc3c(c2)OC(F)(F)O3)nc1-c1ccncc1,C19H18F2N6O3,416.39,2.88,94.4,1,7,6,3,4,0.263,30,2,0,none,0.9939,0.9239,0.9659,T27679,Fenretinide (4-HPR),DES1 / RBP4,视黄酰胺，抑制二氢神经酰胺去饱和酶，改善肝脂肪变,0.174,无明确优势骨架命中,,,0.0,0.1739,c1cc(-c2nc(Nc3ccc4c(c3)OCO4)n[nH]2)ccn1,0.5699
1998,T8384,121577-32-0,COc1c(N2CCNC(C)C2)c(F)cc2c(=O)c(C(=O)O)cn(C3CC3)c12,C19H22FN3O4,375.4,1.98,83.8,2,5,4,2,4,0.474,27,1,0,none,0.9432,1.0,0.9659,T1293;T8384,Trimetazidine,3-KAT (长链硫解酶),部分脂肪酸氧化抑制剂，代谢调节剂,0.176,无明确优势骨架命中,,,0.0,0.1757,O=c1ccn(C2CC2)c2cc(N3CCNCC3)ccc12,0.5708
1999,T5405,2163056-91-3,CN(C)C(=O)Cn1cc(-c2ccc(-c3cncc4ccccc34)cc2)cn1,C22H20N4O,356.43,3.85,51.02,0,3,4,4,4,0.136,27,0,0,none,0.9432,1.0,0.9659,T5405,Telmisartan,PPAR-gamma partial / AT1R,AT1 受体拮抗兼 PPAR-gamma 部分激动，文献报道减轻肝细胞脂肪变,0.193,无明确优势骨架命中,,,0.0,0.1932,c1ccc2c(-c3ccc(-c4cn[nH]c4)cc3)cncc2c1,0.5796
2000,T77709,851396-73-1,O=C(CSc1nnc(-c2ccncc2)n1-c1ccc(F)cc1)c1ccc[nH]1,C19H14FN5OS,379.42,3.77,76.46,1,5,6,4,4,0.053,27,1,0,none,0.9542,0.9836,0.9659,T77709,Ezetimibe,NPC1L1,抑制胆固醇再摄取，降低肝内胆固醇酯负荷,0.177,无明确优势骨架命中,,,0.0,0.1772,O=C(CSc1nnc(-c2ccncc2)n1-c1ccccc1)c1ccc[nH]1,0.5716
2001,T8331,16082-64-7,Nc1ccccc1S(=O)(=O)Nc1cccc2cccnc12,C15H13N3O2S,299.36,2.62,85.08,2,4,3,3,3,0.0,21,0,0,none,1.0,0.9148,0.9659,T8331,Nicotinic acid (Niacin),HCAR2 / DGAT2,抑制脂肪组织脂解并弱抑制 DGAT2，减少肝内 VLDL 底物供应,0.163,无明确优势骨架命中,,,0.0,0.1633,O=S(=O)(Nc1cccc2cccnc12)c1ccccc1,0.5646
2002,T3403,59870-68-7,CC1(C)C=Cc2c(ccc3c2OC[C@@H](c2ccc(O)cc2O)C3)O1,C20H20O4,324.38,4.0,58.92,2,4,1,2,4,0.3,24,0,0,none,0.9429,1.0,0.9658,T3403,Naringenin,PPAR-alpha / SREBP,柑橘黄烷酮，抑制脂肪生成基因并促进脂肪酸氧化,0.246,无明确优势骨架命中,,,0.0,0.2462,C1=Cc2c(ccc3c2OCC(c2ccccc2)C3)OC1,0.606
2003,T8535,319492-82-5,COc1cc2nccc(Nc3cc(OC)c(OC)c(OC)c3)c2cc1OC,C20H22N2O5,370.41,4.02,71.07,1,7,7,3,3,0.25,27,0,0,none,0.9428,1.0,0.9657,T8535,Trimetazidine,3-KAT (长链硫解酶),部分脂肪酸氧化抑制剂，代谢调节剂,0.2,无明确优势骨架命中,,,0.0,0.2,c1ccc(Nc2ccnc3ccccc23)cc1,0.5828
2004,T23840,23000-46-6,c1ccc(-n2ncc3c(N4CCCCC4)ncnc32)cc1,C16H17N5,279.35,2.81,46.84,0,4,2,3,4,0.312,21,0,0,none,0.9968,0.919,0.9657,T23840,Nicotinic acid (Niacin),HCAR2 / DGAT2,抑制脂肪组织脂解并弱抑制 DGAT2，减少肝内 VLDL 底物供应,0.14,无明确优势骨架命中,,,0.0,0.14,c1ccc(-n2ncc3c(N4CCCCC4)ncnc32)cc1,0.5529
2005,T4562,132036-88-5,Cn1cc(C(=O)[C@@H]2CCc3nc[nH]c3C2)c2ccccc21,C17H17N3O,279.34,2.89,50.68,1,2,2,3,4,0.294,21,0,0,none,1.0,0.9144,0.9657,T4562;T4562L,Telmisartan,PPAR-gamma partial / AT1R,AT1 受体拮抗兼 PPAR-gamma 部分激动，文献报道减轻肝细胞脂肪变,0.176,无明确优势骨架命中,,,0.0,0.1758,O=C(c1c[nH]c2ccccc12)C1CCc2nc[nH]c2C1,0.5708
2006,T12877L,1293281-49-8,Cc1cc(C)nc(N2CC3CN(C(=O)c4c(F)cccc4-n4nccn4)CC3C2)n1,C21H22FN7O,407.45,2.02,80.04,0,6,3,3,5,0.381,30,1,0,none,0.9513,0.9869,0.9656,T12877L,PF-06424439 (DGAT2i),DGAT2,二酰甘油酰基转移酶2 抑制剂，直接阻断甘油三酯酯化终末步骤,0.182,哌嗪/哌啶杂芳基甲酰胺,SCD1 / DGAT2,脂质酶抑制剂常见的环胺-酰胺连接模式，倾向作用于 SCD1/DGAT2 等内质网膜结合型脂质合成酶,0.55,0.4293,O=C(c1ccccc1-n1nccn1)N1CC2CN(c3ncccn3)CC2C1,0.6974
2007,T1645,87333-19-5,CCOC(=O)[C@H](CCc1ccccc1)N[C@@H](C)C(=O)N1[C@H](C(=O)O)C[C@@H]2CCC[C@@H]21,C23H32N2O5,416.52,2.38,95.94,2,5,9,1,3,0.609,30,0,0,none,0.9709,0.9576,0.9656,T1645,Ranolazine,pFOX / 晚钠电流,部分脂肪酸氧化抑制，改善代谢底物利用,0.198,无明确优势骨架命中,,,0.0,0.1977,O=C(CNCCCc1ccccc1)N1CCC2CCCC21,0.5816
2008,T68171,83059-56-7,CCOC(=O)[C@H](CCc1ccccc1)N[C@@H](C)C(=O)N1C2CCC(CC2)[C@H]1C(=O)O,C23H32N2O5,416.52,2.38,95.94,2,5,9,1,4,0.609,30,0,0,none,0.9709,0.9576,0.9656,T68171;T68171L,Ranolazine,pFOX / 晚钠电流,部分脂肪酸氧化抑制，改善代谢底物利用,0.205,无明确优势骨架命中,,,0.0,0.2048,O=C(CNCCCc1ccccc1)N1CC2CCC1CC2,0.5852
2009,T32237,82558-50-7,CCC(C)(CC)c1cc(NC(=O)c2c(OC)cccc2OC)on1,C18H24N2O4,332.4,4.02,73.59,1,5,7,2,2,0.444,24,0,0,none,0.9427,1.0,0.9656,T32237,Ranolazine,pFOX / 晚钠电流,部分脂肪酸氧化抑制，改善代谢底物利用,0.26,无明确优势骨架命中,,,0.0,0.2603,O=C(Nc1ccno1)c1ccccc1,0.613
2010,T12514,5947-49-9,C[C@]1(C(=O)O)CCC[C@]2(C)c3cc(O)ccc3CC[C@@H]12,C17H22O3,274.36,3.49,57.53,2,2,1,1,3,0.588,20,0,0,none,0.9959,0.9198,0.9655,T12514,Fenretinide (4-HPR),DES1 / RBP4,视黄酰胺，抑制二氢神经酰胺去饱和酶，改善肝脂肪变,0.233,无明确优势骨架命中,,,0.0,0.2329,c1ccc2c(c1)CCC1CCCCC21,0.5992
2011,T19794,108319-06-8,CC1CN(c2cc3c(cc2F)c(=O)c(C(=O)O)cn3-c2ccc(F)cc2F)CCN1,C21H18F3N3O3,417.39,2.9,74.57,2,4,3,3,4,0.238,30,3,0,none,1.0,0.9137,0.9655,T19794,Fluvastatin,HMGCR,全合成 HMGCR 抑制剂,0.167,无明确优势骨架命中,,,0.0,0.1667,O=c1ccn(-c2ccccc2)c2cc(N3CCNCC3)ccc12,0.5661
2012,T19189,2464-18-8,C[C@H](CCC(=O)O)[C@H]1CC[C@H]2[C@@H]3[C@H](O)C[C@H]4C[C@H](O)CC[C@]4(C)[C@H]3C[C@H](O)[C@]12C,C24H40O5,408.58,3.45,97.99,4,4,4,0,4,0.958,29,0,0,none,0.9506,0.9877,0.9654,T19189,Chenodeoxycholic acid,FXR,内源性 FXR 配体，调控胆汁酸稳态并抑制肝脏脂肪生成,0.778,胆汁酸甾核 + C24 羧酸,FXR,甾体胆汁酸骨架激动核受体 FXR，经 SHP 抑制 SREBP-1c/ChREBP 转录程序，并经 FGF19 轴抑制 CYP7A1，降低肝内脂质与胆汁酸负荷,0.9,0.955,C1CCC2C(C1)CCC1C3CCCC3CCC21,0.9602
2013,T3673,55481-88-4,COC(=O)c1c2c(c3ccccc3c1O)OC(C)(C)C=C2,C17H16O4,284.31,3.52,55.76,1,4,1,2,3,0.235,21,0,0,none,0.9959,0.9197,0.9654,T3673,Salicylate,"AMPK (direct, beta1)",直接结合 AMPK beta1 变构位点，抑制脂肪生成,0.188,无明确优势骨架命中,,,0.0,0.1875,C1=Cc2ccc3ccccc3c2OC1,0.5764
2014,T75427,206986-87-0,C[C@H](CCC(=O)O)[C@H]1CC[C@H]2[C@@H]3[C@H](O)C[C@@H]4C[C@H](O)CC[C@]4(C)[C@H]3C[C@H](O)[C@]12C,C24H40O5,408.58,3.45,97.99,4,4,4,0,4,0.958,29,0,0,none,0.9506,0.9877,0.9654,T2963;T4537;T75427,Chenodeoxycholic acid,FXR,内源性 FXR 配体，调控胆汁酸稳态并抑制肝脏脂肪生成,0.778,胆汁酸甾核 + C24 羧酸,FXR,甾体胆汁酸骨架激动核受体 FXR，经 SHP 抑制 SREBP-1c/ChREBP 转录程序，并经 FGF19 轴抑制 CYP7A1，降低肝内脂质与胆汁酸负荷,0.9,0.955,C1CCC2C(C1)CCC1C3CCCC3CCC21,0.9602
2015,T7331,2955-27-3,C[C@H](CCC(=O)O)[C@H]1CC[C@H]2[C@@H]3[C@@H](O)C[C@@H]4C[C@H](O)CC[C@]4(C)[C@H]3C[C@H](O)[C@]12C,C24H40O5,408.58,3.45,97.99,4,4,4,0,4,0.958,29,0,0,none,0.9506,0.9877,0.9654,T7331,Chenodeoxycholic acid,FXR,内源性 FXR 配体，调控胆汁酸稳态并抑制肝脏脂肪生成,0.778,胆汁酸甾核 + C24 羧酸,FXR,甾体胆汁酸骨架激动核受体 FXR，经 SHP 抑制 SREBP-1c/ChREBP 转录程序，并经 FGF19 轴抑制 CYP7A1，降低肝内脂质与胆汁酸负荷,0.9,0.955,C1CCC2C(C1)CCC1C3CCCC3CCC21,0.9602
2016,T11063,1354790-56-9,Cc1nn(-c2ccccn2)c(O)c1C(=O)Nc1ccccc1,C16H14N4O2,294.31,2.53,80.04,2,4,3,3,3,0.062,22,0,0,none,1.0,0.9135,0.9654,T11063,Atorvastatin,HMGCR,HMG-CoA 还原酶抑制，降低胆固醇合成并上调 LDLR,0.26,无明确优势骨架命中,,,0.0,0.2597,O=C(Nc1ccccc1)c1cnn(-c2ccccn2)c1,0.6126
2017,T12718L,1449598-06-4,CCc1nc(C)cn2nc(-c3cc(=O)n4cc(C5CCN(C)CC5)cc(C)c4n3)cc12,C24H28N6O,416.53,3.39,67.8,0,5,3,4,5,0.417,31,0,0,none,0.9705,0.9575,0.9653,T12718L,TVB-2640 (Denifanstat),FASN,脂肪酸合酶 beta-酮脂酰还原酶结构域抑制剂，直接阻断棕榈酸从头合成,0.173,无明确优势骨架命中,,,0.0,0.1735,O=c1cc(-c2cc3cnccn3n2)nc2ccc(C3CCNCC3)cn12,0.5694
2018,T8638,35661-60-0,CC(C)C[C@H](NC(=O)OCC1c2ccccc2-c2ccccc21)C(=O)O,C21H23NO4,353.42,4.02,75.63,2,3,6,2,3,0.333,26,0,0,none,0.9422,1.0,0.9653,T8638,Orlistat,Lipase / FASN-TE,beta-内酯共价抑制脂肪酶及 FASN 硫酯酶结构域,0.224,无明确优势骨架命中,,,0.0,0.2237,c1ccc2c(c1)Cc1ccccc1-2,0.5945
2019,T9604,7698-93-3,C[C@]12CC[C@@H]3c4ccc(O)cc4CC[C@H]3[C@@H]1CC[C@@H]2OC(=O)CCC(=O)O,C22H28O5,372.46,4.02,83.83,2,4,4,1,4,0.636,27,0,0,none,0.9421,1.0,0.9653,T9604,Chenodeoxycholic acid,FXR,内源性 FXR 配体，调控胆汁酸稳态并抑制肝脏脂肪生成,0.241,长链脂肪酸 / 类脂肪酸,PPAR-alpha / SREBP-1c,内源性脂肪酸配体样分子，直接激动 PPAR-alpha 上调氧化基因，并抑制 SREBP-1c 前体加工，降低脂肪生成,0.72,0.5645,c1ccc2c(c1)CCC1C2CCC2CCCC21,0.7649
2020,T67562,71989-23-6,CC[C@H](C)[C@H](NC(=O)OCC1c2ccccc2-c2ccccc21)C(=O)O,C21H23NO4,353.42,4.02,75.63,2,3,6,2,3,0.333,26,0,0,none,0.9422,1.0,0.9653,T67562,Salicylate,"AMPK (direct, beta1)",直接结合 AMPK beta1 变构位点，抑制脂肪生成,0.18,无明确优势骨架命中,,,0.0,0.18,c1ccc2c(c1)Cc1ccccc1-2,0.5726
2021,T6372,54029-12-8,CCCS(=O)c1ccc2nc(NC(=O)OC)[nH]c2c1,C12H15N3O3S,281.34,2.26,84.08,2,4,4,2,2,0.333,19,0,0,none,0.9871,0.9323,0.9652,T6372,Gemfibrozil,PPAR-alpha,苯氧戊酸类 PPAR-alpha 激动剂，抑制肝脏 VLDL-TG 分泌,0.167,无明确优势骨架命中,,,0.0,0.1667,c1ccc2[nH]cnc2c1,0.5659
2022,T7316,1231220-79-3,Cc1nc(N2CCN(C)CC2)c2nc(-c3ccccc3Cl)n(C3CCOCC3)c2n1,C22H27ClN6O,426.95,3.56,59.31,0,6,3,3,5,0.5,30,1,0,none,0.9992,0.9141,0.9652,T7316,TVB-2640 (Denifanstat),FASN,脂肪酸合酶 beta-酮脂酰还原酶结构域抑制剂，直接阻断棕榈酸从头合成,0.198,无明确优势骨架命中,,,0.0,0.1978,c1ccc(-c2nc3c(N4CCNCC4)ncnc3n2C2CCOCC2)cc1,0.5815
2023,T201919,304888-67-3,Cc1cc(C)cc(NC(=O)C2COc3ccccc3O2)c1,C17H17NO3,283.33,3.08,47.56,1,3,2,2,3,0.235,21,0,0,none,0.9981,0.9158,0.9652,T201919,Gemfibrozil,PPAR-alpha,苯氧戊酸类 PPAR-alpha 激动剂，抑制肝脏 VLDL-TG 分泌,0.183,无明确优势骨架命中,,,0.0,0.1833,O=C(Nc1ccccc1)C1COc2ccccc2O1,0.5742
2024,T12935,1449597-34-5,CCN1CCC(c2cc(C)c3nc(-c4cc5c(C)nc(C)cn5n4)cc(=O)n3c2)CC1,C24H28N6O,416.53,3.53,67.8,0,5,3,4,5,0.417,31,0,0,none,0.9703,0.9575,0.9652,T12935,TVB-2640 (Denifanstat),FASN,脂肪酸合酶 beta-酮脂酰还原酶结构域抑制剂，直接阻断棕榈酸从头合成,0.188,无明确优势骨架命中,,,0.0,0.1875,O=c1cc(-c2cc3cnccn3n2)nc2ccc(C3CCNCC3)cn12,0.5763
2025,T8986,1380716-06-2,C#Cc1ccc(NC(=O)c2cnn3c(C)cc(C)nc23)cc1,C17H14N4O,290.33,2.58,59.29,1,3,2,3,3,0.118,22,0,0,none,1.0,0.9131,0.9652,T8986,TVB-2640 (Denifanstat),FASN,脂肪酸合酶 beta-酮脂酰还原酶结构域抑制剂，直接阻断棕榈酸从头合成,0.17,无明确优势骨架命中,,,0.0,0.1705,O=C(Nc1ccccc1)c1cnn2cccnc12,0.5678
2026,T4304,932986-18-0,CCCC(=O)NCCc1csc(-c2ccc(Cl)cc2)n1,C15H17ClN2OS,308.83,3.92,41.99,1,3,6,2,2,0.333,20,1,0,none,0.9416,1.0,0.965,T4304,Bezafibrate,PPAR pan,泛 PPAR 弱激动剂，降低血浆与肝内甘油三酯,0.297,无明确优势骨架命中,,,0.0,0.2969,c1ccc(-c2nccs2)cc1,0.631
2027,T60485,113411-17-9,CCCCCC(=O)c1c(O)cc(OC)c(Cl)c1O,C13H17ClO4,272.73,3.52,66.76,2,4,6,1,1,0.462,18,1,0,none,0.9999,0.9128,0.965,T60485,Etomoxir,CPT1a (抑制剂/阴性对照),CPT1 不可逆抑制剂，作为脂肪酸氧化通路机制阴性对照,0.222,无明确优势骨架命中,,,0.0,0.2222,c1ccccc1,0.5936
2028,T2463,71203-35-5,COc1ccc(C2CC(c3ccccc3)=NN2c2ccc(S(N)(=O)=O)cc2)cc1,C22H21N3O3S,407.5,3.7,84.99,1,5,5,3,4,0.136,29,0,0,none,0.9912,0.9257,0.965,T2463,Ciprofibrate,PPAR-alpha,长效贝特类，诱导过氧化物酶体增殖与脂肪酸 beta-氧化,0.197,无明确优势骨架命中,,,0.0,0.197,c1ccc(C2=NN(c3ccccc3)C(c3ccccc3)C2)cc1,0.581
2029,TN7236,915315-44-5,COC(=O)c1ccccc1NC(=O)c1c[nH]c2ccccc12,C17H14N2O3,294.31,3.21,71.19,2,3,3,3,3,0.059,22,0,0,none,1.0,0.9126,0.965,TN7236,Salicylate,"AMPK (direct, beta1)",直接结合 AMPK beta1 变构位点，抑制脂肪生成,0.222,无明确优势骨架命中,,,0.0,0.2222,O=C(Nc1ccccc1)c1c[nH]c2ccccc12,0.5936
2030,T18900,51649-83-3,Nc1ccc2c(c1)C1(OC2=O)c2ccc(O)cc2Oc2cc(O)ccc21,C20H13NO5,347.33,3.25,102.01,3,6,0,3,5,0.05,26,0,0,none,0.9415,1.0,0.9649,T18900,Naringenin,PPAR-alpha / SREBP,柑橘黄烷酮，抑制脂肪生成基因并促进脂肪酸氧化,0.224,无明确优势骨架命中,,,0.0,0.2241,O=C1OC2(c3ccccc3Oc3ccccc32)c2ccccc21,0.5945
2031,T78870,1440532-33-1,O[C@H](COc1ccc(C(F)(F)F)cc1)CN1CCC(N2CCCC2)CC1,C19H27F3N2O2,372.43,3.01,35.94,1,4,6,1,3,0.684,26,3,0,none,0.9415,1.0,0.9649,T78870,Ervogastat (PF-06865571),DGAT2,口服 DGAT2 抑制剂，降低肝内甘油三酯合成与 VLDL 分泌,0.282,无明确优势骨架命中,,,0.0,0.2817,c1ccc(OCCCN2CCC(N3CCCC3)CC2)cc1,0.6233
2032,T6197,344458-19-1,CN(C)CC(=O)Nc1ccc2[nH]c(=O)c3ccccc3c2c1,C17H17N3O2,295.34,2.18,65.2,2,3,3,3,3,0.176,22,0,0,none,0.9777,0.9456,0.9649,T2124;T6197,Rosiglitazone,PPAR-gamma,TZD 类 PPAR-gamma 全激动剂，改善胰岛素抵抗与肝内脂肪蓄积,0.173,无明确优势骨架命中,,,0.0,0.1733,O=c1[nH]c2ccccc2c2ccccc12,0.5691
2033,T18889,3326-34-9,Nc1ccc2c(c1)C(=O)OC21c2ccc(O)cc2Oc2cc(O)ccc21,C20H13NO5,347.33,3.25,102.01,3,6,0,3,5,0.05,26,0,0,none,0.9415,1.0,0.9649,T18889;T18892,Naringenin,PPAR-alpha / SREBP,柑橘黄烷酮，抑制脂肪生成基因并促进脂肪酸氧化,0.228,无明确优势骨架命中,,,0.0,0.2281,O=C1OC2(c3ccccc3Oc3ccccc32)c2ccccc21,0.5965
2034,T4377,1629869-44-8,O=C(O)[C@H]1C2CCC(CC2)[C@@H]1Nc1nc(-c2c[nH]c3ncc(F)cc23)ncc1F,C20H19F2N5O2,399.4,3.6,103.79,3,5,4,3,6,0.4,29,2,0,none,0.9413,1.0,0.9648,T4377,TVB-2640 (Denifanstat),FASN,脂肪酸合酶 beta-酮脂酰还原酶结构域抑制剂，直接阻断棕榈酸从头合成,0.156,无明确优势骨架命中,,,0.0,0.1562,c1cnc2[nH]cc(-c3nccc(NC4CC5CCC4CC5)n3)c2c1,0.5605
2035,T3S0128,128397-41-1,C[N+]12CCc3cc4c(cc3C1(O)Cc1ccc3c(c1C2)OCO3)OCO4,C20H20NO5+,354.38,2.05,57.15,1,5,0,2,6,0.4,26,0,0,none,0.9414,1.0,0.9648,T3S0128,Berberine,AMPK / PCSK9 / LDLR,原小檗碱型生物碱，激活 AMPK 并稳定 LDLR mRNA，HepG2 经典降脂阳性对照,0.236,无明确优势骨架命中,,,0.0,0.2361,c1cc2c(c3c1CC1c4cc5c(cc4CC[NH+]1C3)OCO5)OCO2,0.6004
2036,T78392,181530-09-6,CCOC(=O)COc1cc(NS(=O)(=O)c2ccc(C)cc2)c2nc(C)ccc2c1,C21H22N2O5S,414.48,3.59,94.59,1,6,7,3,3,0.238,29,0,0,none,0.9913,0.9251,0.9648,T78392,Etomoxir,CPT1a (抑制剂/阴性对照),CPT1 不可逆抑制剂，作为脂肪酸氧化通路机制阴性对照,0.23,无明确优势骨架命中,,,0.0,0.2297,O=S(=O)(Nc1cccc2cccnc12)c1ccccc1,0.5972
2037,T30503,202822-23-9,O=c1[nH]c(-c2ccccc2C(F)(F)F)nn1-c1cc(Cl)ccc1O,C15H9ClF3N3O2,355.7,3.61,70.91,2,3,2,3,3,0.067,24,4,0,none,0.9975,0.9155,0.9647,T30503,A-769662,"AMPK (direct, beta1)",直接变构激活 AMPK beta1 亚基，磷酸化 ACC1/2 抑制 DNL,0.192,无明确优势骨架命中,,,0.0,0.1918,O=c1[nH]c(-c2ccccc2)nn1-c1ccccc1,0.5782
2038,T60098,1460286-21-8,Cc1ccc2c(=O)[nH]c(-c3ccc(C(C)(C)O)cc3)cn12,C17H18N2O2,282.34,2.83,57.5,2,2,2,3,3,0.235,21,0,0,none,1.0,0.9119,0.9647,T60098,A-769662,"AMPK (direct, beta1)",直接变构激活 AMPK beta1 亚基，磷酸化 ACC1/2 抑制 DNL,0.179,无明确优势骨架命中,,,0.0,0.1791,O=c1[nH]c(-c2ccccc2)cn2cccc12,0.5719
2039,T22789,329691-12-5,COc1cc(C=NNC(=O)c2ccc3c(c2)OCO3)ccc1OCc1ccccc1,C23H20N2O5,404.42,3.77,78.38,1,6,7,3,4,0.13,30,0,0,none,0.9843,0.9349,0.9645,T22789,Ranolazine,pFOX / 晚钠电流,部分脂肪酸氧化抑制，改善代谢底物利用,0.235,无明确优势骨架命中,,,0.0,0.2353,O=C(NN=Cc1ccc(OCc2ccccc2)cc1)c1ccc2c(c1)OCO2,0.5999
2040,T86155,313482-91-6,O=C(O)c1cccc(NC(=O)c2cccc(NC(=O)c3cccs3)c2)c1,C19H14N2O4S,366.4,3.95,95.5,3,4,5,3,3,0.0,26,0,0,none,0.9469,0.9907,0.9644,T86155,Nicotinic acid (Niacin),HCAR2 / DGAT2,抑制脂肪组织脂解并弱抑制 DGAT2，减少肝内 VLDL 底物供应,0.273,无明确优势骨架命中,,,0.0,0.2727,O=C(Nc1ccccc1)c1cccc(NC(=O)c2cccs2)c1,0.6186
2041,T3996,72822-13-0,Cc1ccccc1N1CCN(CCc2nnc3n2CCCC3)CC1,C19H27N5,325.46,2.29,37.19,0,4,4,2,4,0.579,24,0,0,none,0.9407,1.0,0.9644,T3996,Ranolazine,pFOX / 晚钠电流,部分脂肪酸氧化抑制，改善代谢底物利用,0.195,无明确优势骨架命中,,,0.0,0.1948,c1ccc(N2CCN(CCc3nnc4n3CCCC4)CC2)cc1,0.5796
2042,T24051,59973-80-7,CC1=C(CC(=O)O)c2cc(F)ccc2C1=Cc1ccc(S(C)(=O)=O)cc1,C20H17FO4S,372.42,4.03,71.44,1,3,4,2,3,0.15,26,1,0,none,0.9407,1.0,0.9644,T23403;T24051,Lanifibranor,PPAR pan (alpha/delta/gamma),泛 PPAR 激动，促进 beta-氧化、抑制脂肪生成与炎症纤维化,0.257,无明确优势骨架命中,,,0.0,0.2571,C1=Cc2ccccc2C1=Cc1ccccc1,0.6108
2043,T67935,2366260-33-3,Cc1ccc(S(=O)(=O)Nc2cc(C(=O)NCc3ccc(C)nc3)ccc2C)cc1,C22H23N3O3S,409.51,3.74,88.16,2,4,6,3,3,0.182,29,0,0,none,0.9875,0.9297,0.9644,T67935,Lanifibranor,PPAR pan (alpha/delta/gamma),泛 PPAR 激动，促进 beta-氧化、抑制脂肪生成与炎症纤维化,0.24,无明确优势骨架命中,,,0.0,0.24,O=C(NCc1cccnc1)c1cccc(NS(=O)(=O)c2ccccc2)c1,0.6022
2044,T14338,1200493-78-2,C[C@@]1(c2cc(NC(=O)c3ccc(C#N)cn3)ccc2F)C=CSC(N)=N1,C18H14FN5OS,367.41,3.14,104.16,2,6,3,2,3,0.111,26,1,0,none,0.9407,1.0,0.9644,T14338,Pioglitazone,PPAR-gamma,噻唑烷二酮胰岛素增敏剂，促进脂肪组织脂质再分布、降低肝细胞脂毒性,0.174,无明确优势骨架命中,,,0.0,0.1744,O=C(Nc1cccc(C2C=CSC=N2)c1)c1ccccn1,0.5694
2045,T205899,1948-39-6,O=C(O)Cc1cc(I)c(O)c(I)c1,C8H6I2O3,403.94,2.23,57.53,2,2,2,1,1,0.125,13,2,0,none,0.9837,0.9352,0.9643,T205899,Lanifibranor,PPAR pan (alpha/delta/gamma),泛 PPAR 激动，促进 beta-氧化、抑制脂肪生成与炎症纤维化,0.269,无明确优势骨架命中,,,0.0,0.2692,c1ccccc1,0.6168
2046,T73444,895460-70-5,O=C(CCS(=O)(=O)c1ccc(Cl)cc1)Nc1nc(-c2ccncc2)cs1,C17H14ClN3O3S2,407.9,3.66,89.02,1,6,6,3,3,0.118,26,1,0,none,0.9942,0.9195,0.9643,T73444,Bezafibrate,PPAR pan,泛 PPAR 弱激动剂，降低血浆与肝内甘油三酯,0.176,无明确优势骨架命中,,,0.0,0.1757,O=C(CCS(=O)(=O)c1ccccc1)Nc1nc(-c2ccncc2)cs1,0.57
2047,T22021,406208-42-2,N#Cc1c(C2CCNCC2)cc(-c2c(O)cccc2OCC2CC2)nc1N,C21H24N4O2,364.45,3.16,104.19,3,6,5,2,4,0.429,27,0,0,none,0.9405,1.0,0.9643,T10237;T22021,A-769662,"AMPK (direct, beta1)",直接变构激活 AMPK beta1 亚基，磷酸化 ACC1/2 抑制 DNL,0.2,无明确优势骨架命中,,,0.0,0.2,c1ccc(-c2cc(C3CCNCC3)ccn2)c(OCC2CC2)c1,0.5822
2048,T23440,1314140-00-5,c1ccc(Nc2nc3c(s2)CCCc2n[nH]cc2-3)nc1,C14H13N5S,283.36,3.16,66.49,2,5,2,3,4,0.214,20,0,0,none,1.0,0.9107,0.9643,T23440,Rosiglitazone,PPAR-gamma,TZD 类 PPAR-gamma 全激动剂，改善胰岛素抵抗与肝内脂肪蓄积,0.163,无明确优势骨架命中,,,0.0,0.1625,c1ccc(Nc2nc3c(s2)CCCc2n[nH]cc2-3)nc1,0.5634
2049,T23167,250266-51-4,CCCNCCc1ccc(NS(=O)(=O)c2ccc(OC(F)(F)F)cc2)cc1,C18H21F3N2O3S,402.44,3.93,67.43,2,4,9,2,2,0.333,27,3,0,none,0.9457,0.9923,0.9643,T12510;T23167,Bezafibrate,PPAR pan,泛 PPAR 弱激动剂，降低血浆与肝内甘油三酯,0.292,无明确优势骨架命中,,,0.0,0.2923,O=S(=O)(Nc1ccccc1)c1ccccc1,0.6283
2050,TQ0128,121776-33-8,CC1(C)OC(c2ccco2)CN1C(=O)C(Cl)Cl,C11H13Cl2NO3,278.13,2.72,42.68,0,3,2,1,2,0.545,17,2,0,none,0.9832,0.9358,0.9643,TQ0128,Ciprofibrate,PPAR-alpha,长效贝特类，诱导过氧化物酶体增殖与脂肪酸 beta-氧化,0.18,无明确优势骨架命中,,,0.0,0.1803,c1coc(C2CNCO2)c1,0.5723
2051,T1798,213261-59-7,OCc1ccc(-c2ccc(-c3ccc(CO)s3)o2)s1,C14H12O3S2,292.38,3.72,53.6,2,5,4,3,3,0.143,19,0,0,none,0.9891,0.9268,0.9642,T1798,AICAR,AMPK (AMP mimetic),细胞内转化为 ZMP 模拟 AMP 别构激活 AMPK,0.111,无明确优势骨架命中,,,0.0,0.1111,c1csc(-c2ccc(-c3cccs3)o2)c1,0.5376
2052,T86746,513-00-8,CC(C)NP(=O)(NC(C)C)OP(=O)(NC(C)C)NC(C)C,C12H32N4O3P2,342.36,3.21,91.49,4,3,10,0,0,1.0,21,0,0,none,0.9403,1.0,0.9642,T86746,VK2809 active acid (MB07344),THR-beta,肝靶向 THR-beta 激动剂活性代谢物；促进脂肪酸氧化与 LDL-C 清除,0.146,无明确优势骨架命中,,,0.0,0.1458,,0.555
2053,T26969,2126134-01-6,CS(=O)(=O)c1cc(-c2ccccc2)cc(S(=O)(=O)c2ccc(CN)s2)c1,C18H17NO4S3,407.54,3.11,94.3,1,6,5,3,3,0.111,26,0,0,none,0.9941,0.9192,0.9642,T26969,Lanifibranor,PPAR pan (alpha/delta/gamma),泛 PPAR 激动，促进 beta-氧化、抑制脂肪生成与炎症纤维化,0.153,无明确优势骨架命中,,,0.0,0.1528,O=S(=O)(c1cccc(-c2ccccc2)c1)c1cccs1,0.5585
2054,T69726,2252271-93-3,CC(C)(C(=O)N1CCOc2c(C#N)cncc2C1)C(F)F,C14H15F2N3O2,295.29,1.97,66.22,0,4,2,1,2,0.5,21,2,0,none,0.9401,1.0,0.9641,T69726,PF-06424439 (DGAT2i),DGAT2,二酰甘油酰基转移酶2 抑制剂，直接阻断甘油三酯酯化终末步骤,0.203,无明确优势骨架命中,,,0.0,0.2027,c1cc2c(cn1)CNCCO2,0.5834
2055,T13441,851881-59-9,O=C(c1ccc(F)cc1)N1CCC[C@@H](c2nc(-c3ccc(F)cc3)no2)C1,C20H17F2N3O2,369.37,4.03,59.23,0,4,3,3,4,0.25,27,2,0,none,0.9401,1.0,0.964,T13441,PF-06424439 (DGAT2i),DGAT2,二酰甘油酰基转移酶2 抑制剂，直接阻断甘油三酯酯化终末步骤,0.229,哌嗪/哌啶杂芳基甲酰胺,SCD1 / DGAT2,脂质酶抑制剂常见的环胺-酰胺连接模式，倾向作用于 SCD1/DGAT2 等内质网膜结合型脂质合成酶,0.55,0.4761,O=C(c1ccccc1)N1CCCC(c2nc(-c3ccccc3)no2)C1,0.72
2056,T2053,851881-60-2,O=C(c1ccc(F)cc1)N1CCC[C@H](c2nc(-c3ccc(F)cc3)no2)C1,C20H17F2N3O2,369.37,4.03,59.23,0,4,3,3,4,0.25,27,2,0,none,0.9401,1.0,0.964,T2053,PF-06424439 (DGAT2i),DGAT2,二酰甘油酰基转移酶2 抑制剂，直接阻断甘油三酯酯化终末步骤,0.229,哌嗪/哌啶杂芳基甲酰胺,SCD1 / DGAT2,脂质酶抑制剂常见的环胺-酰胺连接模式，倾向作用于 SCD1/DGAT2 等内质网膜结合型脂质合成酶,0.55,0.4761,O=C(c1ccccc1)N1CCCC(c2nc(-c3ccccc3)no2)C1,0.72
2057,T73494,2760481-53-4,Cc1cc(NC(=O)C(=O)N2C[C@@H](C)CC[C@@H]2c2ccc3scnc3c2)cnc1N,C21H23N5O2S,409.52,3.52,101.21,2,6,2,3,4,0.333,29,0,0,none,0.9617,0.9676,0.964,T73494,TVB-2640 (Denifanstat),FASN,脂肪酸合酶 beta-酮脂酰还原酶结构域抑制剂，直接阻断棕榈酸从头合成,0.178,无明确优势骨架命中,,,0.0,0.1782,O=C(Nc1cccnc1)C(=O)N1CCCCC1c1ccc2scnc2c1,0.5711
2058,T61255,2685795-52-0,O=C(NCc1ccc(Cl)c(Cl)c1)c1nnc(-c2cccs2)o1,C14H9Cl2N3O2S,354.22,4.03,68.02,1,5,4,3,3,0.071,22,2,0,none,0.94,1.0,0.964,T61255,Bezafibrate,PPAR pan,泛 PPAR 弱激动剂，降低血浆与肝内甘油三酯,0.192,无明确优势骨架命中,,,0.0,0.1918,O=C(NCc1ccccc1)c1nnc(-c2cccs2)o1,0.5779
2059,T60652,92434-13-4,N=C(N)Nc1nc(-c2ccccc2)c2cc(Cl)ccc2n1,C15H12ClN5,297.75,3.26,87.68,3,3,2,3,3,0.0,21,1,0,none,1.0,0.9096,0.9638,T60652,Fenofibric acid,PPAR-alpha,激活 PPAR-alpha 上调 CPT1/ACOX1，增强线粒体与过氧化物酶体脂肪酸氧化,0.153,无明确优势骨架命中,,,0.0,0.1525,c1ccc(-c2ncnc3ccccc23)cc1,0.5582
2060,T3069,935666-88-9,Cc1cc(Nc2nc(N[C@@H](C)c3ncc(F)cn3)ncc2Cl)n[nH]1,C14H14ClFN8,348.77,3.01,104.3,3,7,5,3,3,0.214,24,2,0,none,0.9396,1.0,0.9638,T3069,Resmetirom (MGL-3196),THR-beta,肝脏选择性甲状腺激素受体 beta 激动；上调 CPT1A/线粒体 beta-氧化与脂噬，降低肝内甘油三酯,0.151,无明确优势骨架命中,,,0.0,0.1512,c1cnc(CNc2nccc(Nc3cc[nH]n3)n2)nc1,0.5575
2061,T0143,104344-23-2,CC(C)NCC(O)COc1ccc(COCCOC(C)C)cc1,C18H31NO4,325.45,2.37,59.95,2,5,12,1,1,0.667,23,0,0,none,0.9397,1.0,0.9638,T0143,Pioglitazone,PPAR-gamma,噻唑烷二酮胰岛素增敏剂，促进脂肪组织脂质再分布、降低肝细胞脂毒性,0.197,无明确优势骨架命中,,,0.0,0.1972,c1ccccc1,0.5805
2062,T5198,2280037-51-4,Nc1nc(=O)n(-c2cccc(-c3ccccc3)c2)cc1Cl,C16H12ClN3O,297.75,3.14,60.91,1,3,2,3,3,0.0,21,1,0,none,1.0,0.9095,0.9638,T5198;T61012,Telmisartan,PPAR-gamma partial / AT1R,AT1 受体拮抗兼 PPAR-gamma 部分激动，文献报道减轻肝细胞脂肪变,0.171,无明确优势骨架命中,,,0.0,0.1707,O=c1ncccn1-c1cccc(-c2ccccc2)c1,0.5672
2063,T60616,2151853-97-1,O=C(NO)c1ccc(CNc2cccc3cccnc23)cc1,C17H15N3O2,293.33,2.97,74.25,3,4,4,3,3,0.059,22,0,0,none,1.0,0.9092,0.9637,T60616,Nicotinic acid (Niacin),HCAR2 / DGAT2,抑制脂肪组织脂解并弱抑制 DGAT2，减少肝内 VLDL 底物供应,0.224,无明确优势骨架命中,,,0.0,0.2245,c1ccc(CNc2cccc3cccnc23)cc1,0.5941
2064,T11942,1811510-58-3,Nc1ncc(-c2cnc(N)c(-c3ccc(Cl)cc3)c2)cn1,C15H12ClN5,297.75,3.02,90.71,2,5,2,3,3,0.0,21,1,0,none,0.9998,0.9096,0.9637,T11942,Fenofibric acid,PPAR-alpha,激活 PPAR-alpha 上调 CPT1/ACOX1，增强线粒体与过氧化物酶体脂肪酸氧化,0.157,无明确优势骨架命中,,,0.0,0.1569,c1ccc(-c2cncc(-c3cncnc3)c2)cc1,0.5603
2065,TN4818,14348-16-4,Cc1c(O)cc2c(c1O)C(=O)CC(c1ccc(O)cc1)O2,C16H14O5,286.28,2.82,86.99,3,5,1,2,3,0.188,21,0,0,none,0.9959,0.9154,0.9637,TN4818,Naringenin,PPAR-alpha / SREBP,柑橘黄烷酮，抑制脂肪生成基因并促进脂肪酸氧化,0.674,黄酮/黄烷酮母核,AMPK / SREBP-1c,黄酮类多酚激活 AMPK-SIRT1 轴，抑制 SREBP-1c/FAS/ACC 表达并促进脂噬,0.6,0.82,O=C1CC(c2ccccc2)Oc2ccccc21,0.8918
2066,T66645,116611-64-4,O=C(N[C@@H](Cc1cnc[nH]1)C(=O)O)OCC1c2ccccc2-c2ccccc21,C21H19N3O4,377.4,2.94,104.31,3,4,6,3,4,0.19,28,0,0,none,0.9396,1.0,0.9637,T66645,Nicotinic acid (Niacin),HCAR2 / DGAT2,抑制脂肪组织脂解并弱抑制 DGAT2，减少肝内 VLDL 底物供应,0.19,无明确优势骨架命中,,,0.0,0.1897,O=C(NCCc1cnc[nH]1)OCC1c2ccccc2-c2ccccc21,0.5767
2067,T5358,1353867-91-0,CC(C)n1cnc2c(NCc3cccc(C(F)(F)F)c3)ncnc21,C16H16F3N5,335.33,4.04,55.63,1,4,4,3,3,0.312,24,3,0,none,0.9393,1.0,0.9636,T5358,GW501516,PPAR-delta,PPAR-delta 选择性激动，提升肝与骨骼肌脂肪酸氧化,0.202,无明确优势骨架命中,,,0.0,0.2024,c1ccc(CNc2ncnc3[nH]cnc23)cc1,0.583
2068,T7311,115-33-3,CC(=O)Oc1ccc(C2(c3ccc(OC(C)=O)cc3)C(=O)Nc3ccccc32)cc1,C24H19NO5,401.42,3.82,81.7,1,5,4,3,4,0.125,30,0,0,none,0.977,0.9435,0.9636,T7311,Ciprofibrate,PPAR-alpha,长效贝特类，诱导过氧化物酶体增殖与脂肪酸 beta-氧化,0.214,无明确优势骨架命中,,,0.0,0.2143,O=C1Nc2ccccc2C1(c1ccccc1)c1ccccc1,0.589
2069,T5833,1438391-30-0,c1cc(OCCN2CCCCC2)cc(-c2n[nH]c3ccc(-c4ncn[nH]4)cc23)c1,C22H24N6O,388.48,3.88,82.72,2,5,6,4,5,0.318,29,0,0,none,0.9392,1.0,0.9635,T5833,Rosiglitazone,PPAR-gamma,TZD 类 PPAR-gamma 全激动剂，改善胰岛素抵抗与肝内脂肪蓄积,0.148,无明确优势骨架命中,,,0.0,0.1477,c1cc(OCCN2CCCCC2)cc(-c2n[nH]c3ccc(-c4ncn[nH]4)cc23)c1,0.5556
2070,T73140,2439277-80-0,Nc1nc(=O)n(-c2ccccc2Cl)c2nc(C(F)(F)F)ccc12,C14H8ClF3N4O,340.69,3.04,73.8,1,4,1,3,3,0.071,23,4,0,none,0.9959,0.9149,0.9635,T73140,Lanifibranor,PPAR pan (alpha/delta/gamma),泛 PPAR 激动，促进 beta-氧化、抑制脂肪生成与炎症纤维化,0.149,无明确优势骨架命中,,,0.0,0.1486,O=c1ncc2cccnc2n1-c1ccccc1,0.556
2071,T22737,515880-75-8,c1ccc(-c2cnn3cc(-c4ccc(OCCN5CCOCC5)cc4)cnc23)cc1,C24H24N4O2,400.48,3.77,51.89,0,5,6,4,5,0.25,30,0,0,none,0.9539,0.9778,0.9635,T22737,PF-06424439 (DGAT2i),DGAT2,二酰甘油酰基转移酶2 抑制剂，直接阻断甘油三酯酯化终末步骤,0.182,无明确优势骨架命中,,,0.0,0.1818,c1ccc(-c2cnn3cc(-c4ccc(OCCN5CCOCC5)cc4)cnc23)cc1,0.5726
2072,T0603,4376-20-9,CCCCC(CC)COC(=O)c1ccccc1C(=O)O,C16H22O4,278.35,3.76,63.6,1,3,8,1,1,0.5,20,0,0,none,0.9812,0.9367,0.9634,T0603,Salicylate,"AMPK (direct, beta1)",直接结合 AMPK beta1 变构位点，抑制脂肪生成,0.317,无明确优势骨架命中,,,0.0,0.3171,c1ccccc1,0.6402
2073,T10320,1338812-36-4,CC1(C)[C@H](NC(=O)c2cnn(CCO)c2)C(C)(C)[C@H]1Oc1ccc(C#N)c(Cl)c1,C21H25ClN4O3,416.91,3.01,100.17,2,5,6,2,3,0.476,29,1,0,none,0.9682,0.956,0.9634,T10320,Bezafibrate,PPAR pan,泛 PPAR 弱激动剂，降低血浆与肝内甘油三酯,0.193,无明确优势骨架命中,,,0.0,0.1928,O=C(NC1CC(Oc2ccccc2)C1)c1cn[nH]c1,0.5781
2074,T24306,99134-29-9,OCc1ccccc1C=CCc1cc2c(cc1O)CCO2,C18H18O3,282.34,3.08,49.69,2,3,4,2,3,0.222,21,0,0,none,1.0,0.9086,0.9634,T24306,Berberine,AMPK / PCSK9 / LDLR,原小檗碱型生物碱，激活 AMPK 并稳定 LDLR mRNA，HepG2 经典降脂阳性对照,0.162,无明确优势骨架命中,,,0.0,0.1622,C(=Cc1ccccc1)Cc1ccc2c(c1)OCC2,0.5628
2075,T77636,692869-98-0,O=C(Cc1ccccc1Cl)Nc1nc(-c2ccncc2)cs1,C16H12ClN3OS,329.81,4.04,54.88,1,4,4,3,3,0.062,22,1,0,none,0.939,1.0,0.9634,T77636,Nicotinic acid (Niacin),HCAR2 / DGAT2,抑制脂肪组织脂解并弱抑制 DGAT2，减少肝内 VLDL 底物供应,0.189,无明确优势骨架命中,,,0.0,0.1887,O=C(Cc1ccccc1)Nc1nc(-c2ccncc2)cs1,0.5761
2076,T0427,80-49-9,C[N+]1(C)[C@@H]2CC[C@H]1C[C@@H](OC(=O)C(O)c1ccccc1)C2,C17H24NO3+,290.38,2.03,46.53,1,3,3,1,3,0.588,21,0,0,none,0.9497,0.9839,0.9634,T0427,Pravastatin,HMGCR,开环羟酸型亲水 HMGCR 抑制剂,0.205,无明确优势骨架命中,,,0.0,0.2051,O=C(Cc1ccccc1)OC1CC2CCC(C1)[NH2+]2,0.5843
2077,T6139,552325-73-2,Cc1n[nH]c2ccc(-c3cncc(OC[C@@H](N)Cc4ccccc4)c3)cc12,C22H22N4O,358.45,3.88,76.82,2,4,6,4,4,0.182,27,0,0,none,0.9388,1.0,0.9633,T4444;T6139;T6139L,GW501516,PPAR-delta,PPAR-delta 选择性激动，提升肝与骨骼肌脂肪酸氧化,0.182,无明确优势骨架命中,,,0.0,0.1818,c1ccc(CCCOc2cncc(-c3ccc4[nH]ncc4c3)c2)cc1,0.5726
2078,T203844,116519-00-7,COc1cc(/C=C/c2ccc(O)cc2)cc(OC)c1OC,C17H18O4,286.33,3.59,47.92,1,4,5,2,2,0.176,21,0,0,none,0.9969,0.9128,0.9632,T203844,Trimetazidine,3-KAT (长链硫解酶),部分脂肪酸氧化抑制剂，代谢调节剂,0.234,无明确优势骨架命中,,,0.0,0.234,C(=Cc1ccccc1)c1ccccc1,0.5986
2079,T1733,86393-33-1,O=C(O)c1cn(C2CC2)c2cc(Cl)c(F)cc2c1=O,C13H9ClFNO3,281.67,2.83,59.3,1,2,2,2,3,0.231,19,2,0,none,1.0,0.908,0.9632,T1733,Salicylate,"AMPK (direct, beta1)",直接结合 AMPK beta1 变构位点，抑制脂肪生成,0.188,无明确优势骨架命中,,,0.0,0.1875,O=c1ccn(C2CC2)c2ccccc12,0.5754
2080,T7765,936339-60-5,Nc1ncccc1-c1cc(Cc2ccc(COc3ccccn3)cc2)no1,C21H18N4O2,358.4,3.88,87.06,1,6,6,4,4,0.095,27,0,0,none,0.9386,1.0,0.9631,T7765,Rosiglitazone,PPAR-gamma,TZD 类 PPAR-gamma 全激动剂，改善胰岛素抵抗与肝内脂肪蓄积,0.192,无明确优势骨架命中,,,0.0,0.1923,c1ccc(OCc2ccc(Cc3cc(-c4cccnc4)on3)cc2)nc1,0.5777
2081,T9285,3682-35-7,c1ccc(-c2nc(-c3ccccn3)nc(-c3ccccn3)n2)nc1,C18H12N6,312.34,3.06,77.34,0,6,3,4,4,0.0,24,0,0,none,0.9705,0.9519,0.9631,T9285,Nicotinic acid (Niacin),HCAR2 / DGAT2,抑制脂肪组织脂解并弱抑制 DGAT2，减少肝内 VLDL 底物供应,0.258,无明确优势骨架命中,,,0.0,0.2581,c1ccc(-c2nc(-c3ccccn3)nc(-c3ccccn3)n2)nc1,0.6106
2082,T11438,2680616-96-8,CC(C)n1ncc2cnc(Nc3cc(C4CCNC4)nc(N4CCC(F)(F)C4)n3)cc21,C21H26F2N8,428.49,3.47,83.79,2,7,5,3,5,0.524,31,2,0,none,1.0,0.9074,0.963,T11438,TVB-2640 (Denifanstat),FASN,脂肪酸合酶 beta-酮脂酰还原酶结构域抑制剂，直接阻断棕榈酸从头合成,0.167,无明确优势骨架命中,,,0.0,0.1667,c1c(Nc2cc3[nH]ncc3cn2)nc(N2CCCC2)nc1C1CCNC1,0.5648
2083,T62209,2767422-72-8,CCCn1c(NC(=O)c2cccc(C(N)=O)c2)nc2ccc(CN3CCCCC3)cc21,C24H29N5O2,419.53,3.78,93.25,2,4,7,3,4,0.375,31,0,0,none,0.9789,0.9392,0.963,T62209,Telmisartan,PPAR-gamma partial / AT1R,AT1 受体拮抗兼 PPAR-gamma 部分激动，文献报道减轻肝细胞脂肪变,0.245,无明确优势骨架命中,,,0.0,0.2447,O=C(Nc1nc2ccc(CN3CCCCC3)cc2[nH]1)c1ccccc1,0.6038
2084,T9889,785705-53-5,Cc1sc2ncnc(N3CCC(C(N)=O)CC3)c2c1C,C14H18N4OS,290.39,2.01,72.11,1,5,2,2,3,0.5,20,0,0,none,0.9491,0.9839,0.963,T9889,PF-06424439 (DGAT2i),DGAT2,二酰甘油酰基转移酶2 抑制剂，直接阻断甘油三酯酯化终末步骤,0.258,无明确优势骨架命中,,,0.0,0.2576,c1nc(N2CCCCC2)c2ccsc2n1,0.6103
2085,T2288,453562-69-1,CC1(C)CNc2cc(NC(=O)c3cccnc3NCc3ccncc3)ccc21,C22H23N5O,373.46,4.04,78.94,3,5,5,3,4,0.227,28,0,0,none,0.9381,1.0,0.9629,T2288;T2288L,Ervogastat (PF-06865571),DGAT2,口服 DGAT2 抑制剂，降低肝内甘油三酯合成与 VLDL 分泌,0.186,无明确优势骨架命中,,,0.0,0.186,O=C(Nc1ccc2c(c1)NCC2)c1cccnc1NCc1ccncc1,0.5744
2086,T26196,1548116-54-6,O=C(N1CCOCC1)N1CCN(c2ccc(Cl)cc2Cl)CC1,C15H19Cl2N3O2,344.24,2.57,36.02,0,3,1,1,3,0.533,22,2,0,none,0.9381,1.0,0.9628,T26196,PF-06424439 (DGAT2i),DGAT2,二酰甘油酰基转移酶2 抑制剂，直接阻断甘油三酯酯化终末步骤,0.246,无明确优势骨架命中,,,0.0,0.2459,O=C(N1CCOCC1)N1CCN(c2ccccc2)CC1,0.6043
2087,T4619,878978-76-8,Cc1ccc(C)c(OCCn2cc(C(=O)O)c3ccccc32)c1,C19H19NO3,309.37,4.04,51.46,1,2,5,3,3,0.211,23,0,0,none,0.9399,0.9969,0.9627,T4619,Gemfibrozil,PPAR-alpha,苯氧戊酸类 PPAR-alpha 激动剂，抑制肝脏 VLDL-TG 分泌,0.444,无明确优势骨架命中,,,0.0,0.4444,c1ccc(OCCn2ccc3ccccc32)cc1,0.7036
2088,T4176,123557-91-5,CC(C)(C)c1cc(C(C)(C)C)c2c(c1)C(O)(C(F)(F)F)C(=O)O2,C17H21F3O3,330.35,3.95,46.53,1,3,0,1,2,0.588,23,3,0,none,0.9378,1.0,0.9627,T4176,Ciprofibrate,PPAR-alpha,长效贝特类，诱导过氧化物酶体增殖与脂肪酸 beta-氧化,0.136,无明确优势骨架命中,,,0.0,0.1356,O=C1Cc2ccccc2O1,0.5492
2089,T8431,2305154-31-6,Fc1c(Br)cccc1Nc1ncnc2cc3c(cc12)OCCO3,C16H11BrFN3O2,376.19,4.05,56.27,1,5,2,3,4,0.125,23,2,0,none,0.9376,1.0,0.9626,T8431,Berberine,AMPK / PCSK9 / LDLR,原小檗碱型生物碱，激活 AMPK 并稳定 LDLR mRNA，HepG2 经典降脂阳性对照,0.143,无明确优势骨架命中,,,0.0,0.1429,c1ccc(Nc2ncnc3cc4c(cc23)OCCO4)cc1,0.5528
2090,T34249,872178-65-9,Cc1cc2nc3c4cc(Cl)ccc4n(CC(=O)NCCN(C)C)c3nc2cc1C,C22H24ClN5O,409.92,3.69,63.05,1,4,5,4,4,0.318,29,1,0,none,0.9628,0.9623,0.9626,T34249,Bezafibrate,PPAR pan,泛 PPAR 弱激动剂，降低血浆与肝内甘油三酯,0.195,无明确优势骨架命中,,,0.0,0.1948,c1ccc2nc3c(nc2c1)[nH]c1ccccc13,0.5787
2091,T35398,,O=C(O)c1cnc(SCCCc2ccccc2)[nH]c1=O,C14H14N2O3S,290.34,2.19,83.05,2,4,6,2,2,0.214,20,0,0,none,0.9793,0.9373,0.9625,T35398,Salicylate,"AMPK (direct, beta1)",直接结合 AMPK beta1 变构位点，抑制脂肪生成,0.267,无明确优势骨架命中,,,0.0,0.2667,O=c1ccnc(SCCCc2ccccc2)[nH]1,0.6146
2092,T27271,1323077-89-9,Cc1ccc([C@]23Cn4cccc4C(=O)N2CCN3C(=O)c2conc2C)cn1,C20H19N5O3,377.4,1.95,84.47,0,5,2,3,5,0.3,28,0,0,none,0.9374,1.0,0.9625,T27271,TVB-2640 (Denifanstat),FASN,脂肪酸合酶 beta-酮脂酰还原酶结构域抑制剂，直接阻断棕榈酸从头合成,0.206,哌嗪/哌啶杂芳基甲酰胺,SCD1 / DGAT2,脂质酶抑制剂常见的环胺-酰胺连接模式，倾向作用于 SCD1/DGAT2 等内质网膜结合型脂质合成酶,0.55,0.4537,O=C(c1cnoc1)N1CCN2C(=O)c3cccn3CC12c1cccnc1,0.7081
2093,T0053,10246-75-0,OCCOCCN1CCN(C(c2ccccc2)c2ccc(Cl)cc2)CC1,C21H27ClN2O2,374.91,3.06,35.94,1,4,8,2,3,0.429,26,1,0,none,0.9374,1.0,0.9625,T0053;T20884;T2200,Ranolazine,pFOX / 晚钠电流,部分脂肪酸氧化抑制，改善代谢底物利用,0.203,无明确优势骨架命中,,,0.0,0.2027,c1ccc(C(c2ccccc2)N2CCNCC2)cc1,0.5826
2094,T7368,928333-30-6,Oc1ccc(-c2cnc3ccc(NCc4ccco4)nn23)cc1,C17H14N4O2,306.32,3.31,75.59,2,5,4,4,4,0.059,23,0,0,none,0.9705,0.9506,0.9625,T7368,A-769662,"AMPK (direct, beta1)",直接变构激活 AMPK beta1 亚基，磷酸化 ACC1/2 抑制 DNL,0.147,无明确优势骨架命中,,,0.0,0.1467,c1ccc(-c2cnc3ccc(NCc4ccco4)nn23)cc1,0.5546
2095,T10305,942398-84-7,CCCCCCCOc1ccc(CCC(N)(CO)CO)cc1C(F)(F)F,C19H30F3NO3,377.45,3.67,75.71,3,4,12,1,1,0.684,26,3,0,none,0.9373,1.0,0.9624,T10305,Gemfibrozil,PPAR-alpha,苯氧戊酸类 PPAR-alpha 激动剂，抑制肝脏 VLDL-TG 分泌,0.242,无明确优势骨架命中,,,0.0,0.2419,c1ccccc1,0.6022
2096,T1281,1508-75-4,CCN(Cc1ccncc1)C(=O)C(CO)c1ccccc1,C17H20N2O2,284.36,2.21,53.43,1,3,6,2,2,0.294,21,0,0,none,0.981,0.9346,0.9624,T1281,Nicotinic acid (Niacin),HCAR2 / DGAT2,抑制脂肪组织脂解并弱抑制 DGAT2，减少肝内 VLDL 底物供应,0.229,无明确优势骨架命中,,,0.0,0.2292,O=C(Cc1ccccc1)NCc1ccncc1,0.5958
2097,T8224,79183-37-2,O=C1C(=O)N(Cc2ccc(Br)cc2)c2ccccc21,C15H10BrNO2,316.15,3.18,37.38,0,2,2,2,3,0.067,19,1,0,none,0.9521,0.9777,0.9624,T8224,Telmisartan,PPAR-gamma partial / AT1R,AT1 受体拮抗兼 PPAR-gamma 部分激动，文献报道减轻肝细胞脂肪变,0.197,无明确优势骨架命中,,,0.0,0.1974,O=C1C(=O)N(Cc2ccccc2)c2ccccc21,0.5799
2098,T3500,91503-79-6,CC(=O)OC(C)OC(=O)C(C)c1ccc(-c2ccccc2)c(F)c1,C19H19FO4,330.36,4.05,52.6,0,4,5,2,2,0.263,24,1,0,none,0.9372,1.0,0.9623,T3500,Fluvastatin,HMGCR,全合成 HMGCR 抑制剂,0.213,无明确优势骨架命中,,,0.0,0.2133,c1ccc(-c2ccccc2)cc1,0.5878
2099,T40247,26225-79-6,CCOC1Oc2ccc(OS(C)(=O)=O)cc2C1(C)C,C13H18O5S,286.35,2.06,61.83,0,5,4,1,2,0.538,19,0,0,none,0.958,0.9688,0.9623,T40247,Etomoxir,CPT1a (抑制剂/阴性对照),CPT1 不可逆抑制剂，作为脂肪酸氧化通路机制阴性对照,0.194,无明确优势骨架命中,,,0.0,0.194,c1ccc2c(c1)CCO2,0.5782
2100,T12444,47142-51-8,Cc1ccc(N(CC2=NCCN2)c2ccc(O)cc2)cc1,C17H19N3O,281.36,2.84,47.86,2,4,4,2,3,0.235,21,0,0,none,0.9985,0.9079,0.9623,T12444;T8738,Gemfibrozil,PPAR-alpha,苯氧戊酸类 PPAR-alpha 激动剂，抑制肝脏 VLDL-TG 分泌,0.153,无明确优势骨架命中,,,0.0,0.1525,c1ccc(N(CC2=NCCN2)c2ccccc2)cc1,0.5574
2101,T8348,50-60-2,Cc1ccc(N(CC2=NCCN2)c2cccc(O)c2)cc1,C17H19N3O,281.36,2.84,47.86,2,4,4,2,3,0.235,21,0,0,none,0.9985,0.9079,0.9623,T1275;T50004;T8348,Gemfibrozil,PPAR-alpha,苯氧戊酸类 PPAR-alpha 激动剂，抑制肝脏 VLDL-TG 分泌,0.156,无明确优势骨架命中,,,0.0,0.1562,c1ccc(N(CC2=NCCN2)c2ccccc2)cc1,0.5592
2102,T60123,185425-25-6,C=CCc1c(O)ccc2nc3c(cc12)Cn1c-3cc2c(c1=O)COC(=O)[C@]2(O)CC,C23H20N2O5,404.42,2.51,101.65,2,6,3,3,5,0.261,30,0,0,none,0.9588,0.9675,0.9623,T60123,GW4064,FXR,非甾体高效 FXR 激动剂工具化合物，抑制 DNL 相关转录程序,0.156,无明确优势骨架命中,,,0.0,0.156,O=C1Cc2cc3n(c(=O)c2CO1)Cc1cc2ccccc2nc1-3,0.5592
2103,T13268,1381291-36-6,O=C(CCc1ccccc1)N1CCC(O)(Cn2cnc3cc(Cl)ccc3c2=O)CC1,C23H24ClN3O3,425.92,3.04,75.43,1,4,5,3,4,0.348,30,1,0,none,1.0,0.9056,0.9622,T13268,Bezafibrate,PPAR pan,泛 PPAR 弱激动剂，降低血浆与肝内甘油三酯,0.185,无明确优势骨架命中,,,0.0,0.1852,O=C(CCc1ccccc1)N1CCC(Cn2cnc3ccccc3c2=O)CC1,0.5737
2104,T19858,56518-41-3,COc1cc(Cc2cnc(N)nc2N)cc(OC)c1Br,C13H15BrN4O2,339.19,2.01,96.28,2,6,4,2,2,0.231,20,1,0,none,0.937,1.0,0.9622,T19858,Ranolazine,pFOX / 晚钠电流,部分脂肪酸氧化抑制，改善代谢底物利用,0.167,无明确优势骨架命中,,,0.0,0.1667,c1ccc(Cc2cncnc2)cc1,0.5644
2105,T16682,158364-59-1,COC(=O)Nc1cccc(C)c1CNc1cccn2c(C)c(C)nc12,C19H22N4O2,338.41,4.05,67.66,2,4,4,3,3,0.263,25,0,0,none,0.9368,1.0,0.9621,T16682,Ranolazine,pFOX / 晚钠电流,部分脂肪酸氧化抑制，改善代谢底物利用,0.237,无明确优势骨架命中,,,0.0,0.2368,c1ccc(CNc2cccn3ccnc23)cc1,0.5994
2106,T22775,1127442-87-8,O=C(Nc1cccc2cccnc12)c1ccc(N2C(=O)[C@@H]3[C@H](C2=O)[C@H]2C=C[C@@H]3C2)cc1,C25H19N3O3,409.45,3.8,79.37,1,4,3,3,6,0.2,31,0,0,none,0.9804,0.9345,0.962,T22775,Nicotinic acid (Niacin),HCAR2 / DGAT2,抑制脂肪组织脂解并弱抑制 DGAT2，减少肝内 VLDL 底物供应,0.186,无明确优势骨架命中,,,0.0,0.1864,O=C(Nc1cccc2cccnc12)c1ccc(N2C(=O)C3C4C=CC(C4)C3C2=O)cc1,0.5742
2107,T60798,2366222-05-9,CCCCCc1ccc(/C=C/[C@H](O)[C@@H](CO)NC)cc1,C17H27NO2,277.41,2.37,52.49,3,3,9,1,1,0.529,20,0,0,none,0.9815,0.9328,0.962,T60798,Orlistat,Lipase / FASN-TE,beta-内酯共价抑制脂肪酶及 FASN 硫酯酶结构域,0.167,无明确优势骨架命中,,,0.0,0.1667,c1ccccc1,0.5644
2108,T2651,1127442-82-3,O=C(Nc1cccc2cccnc12)c1ccc(N2C(=O)[C@@H]3[C@H](C2=O)[C@@H]2C=C[C@H]3C2)cc1,C25H19N3O3,409.45,3.8,79.37,1,4,3,3,6,0.2,31,0,0,none,0.9804,0.9345,0.962,T2651,Nicotinic acid (Niacin),HCAR2 / DGAT2,抑制脂肪组织脂解并弱抑制 DGAT2，减少肝内 VLDL 底物供应,0.186,无明确优势骨架命中,,,0.0,0.1864,O=C(Nc1cccc2cccnc12)c1ccc(N2C(=O)C3C4C=CC(C4)C3C2=O)cc1,0.5742
2109,T2670,1285702-20-6,Cc1ccc(CNc2ncnc3ccc(-c4ccc(CO)o4)cc23)o1,C19H17N3O3,335.36,3.9,84.32,2,6,5,4,4,0.158,25,0,0,none,0.9366,1.0,0.962,T2670,GW501516,PPAR-delta,PPAR-delta 选择性激动，提升肝与骨骼肌脂肪酸氧化,0.149,无明确优势骨架命中,,,0.0,0.1494,c1coc(CNc2ncnc3ccc(-c4ccco4)cc23)c1,0.5557
2110,T3078,1025065-69-3,CN1CCC(CNc2ccc3ncc(-c4cccc(OC(F)(F)F)c4)n3n2)CC1,C20H22F3N5O,405.42,4.05,54.69,1,5,5,3,4,0.4,29,3,0,none,0.9371,0.9988,0.9618,T3078,TVB-2640 (Denifanstat),FASN,脂肪酸合酶 beta-酮脂酰还原酶结构域抑制剂，直接阻断棕榈酸从头合成,0.247,无明确优势骨架命中,,,0.0,0.2473,c1ccc(-c2cnc3ccc(NCC4CCNCC4)nn23)cc1,0.6046
2111,T6445,153259-65-5,COc1ccc([C@]2(C#N)CC[C@@H](C(=O)O)CC2)cc1OC1CCCC1,C20H25NO4,343.42,4.05,79.55,1,4,5,1,3,0.6,25,0,0,none,0.9362,1.0,0.9617,T6445,ACC inhibitor chemotype (firsocostat-like proxy),ACC1/ACC2,变构抑制乙酰辅酶A羧化酶，降低丙二酰辅酶A、阻断新发脂质合成(DNL)并解除 CPT1 抑制,0.215,无明确优势骨架命中,,,0.0,0.2152,c1cc(OC2CCCC2)cc(C2CCCCC2)c1,0.5884
2112,T60032,2368900-77-8,CSCC[C@H](NC(=O)c1cccnc1)C(=O)Nc1nc(-c2ccccc2)cs1,C20H20N4O2S2,412.54,3.7,83.98,2,6,8,3,3,0.2,28,0,0,none,0.9874,0.923,0.9617,T60032,Nicotinic acid (Niacin),HCAR2 / DGAT2,抑制脂肪组织脂解并弱抑制 DGAT2，减少肝内 VLDL 底物供应,0.316,无明确优势骨架命中,,,0.0,0.3158,O=C(CNC(=O)c1cccnc1)Nc1nc(-c2ccccc2)cs1,0.6388
2113,T1172,101831-37-2,N#CC(c1ccc(Cl)cc1)c1c(Cl)cc(-n2ncc(=O)[nH]c2=O)cc1Cl,C17H9Cl3N4O2,407.64,3.54,91.54,1,4,3,3,3,0.059,26,3,0,none,0.9989,0.9057,0.9617,T1172,Resmetirom (MGL-3196),THR-beta,肝脏选择性甲状腺激素受体 beta 激动；上调 CPT1A/线粒体 beta-氧化与脂噬，降低肝内甘油三酯,0.301,无明确优势骨架命中,,,0.0,0.3014,O=c1cnn(-c2ccc(Cc3ccccc3)cc2)c(=O)[nH]1,0.6316
2114,T69711,2268739-68-8,O=C(c1nc2n(n1)[C@H](c1ccccc1)C[C@@H]2F)C1CC1,C15H14FN3O,271.3,2.87,47.78,0,3,3,2,4,0.4,20,1,0,none,0.9984,0.9065,0.9616,T69711,Ervogastat (PF-06865571),DGAT2,口服 DGAT2 抑制剂，降低肝内甘油三酯合成与 VLDL 分泌,0.189,无明确优势骨架命中,,,0.0,0.1892,O=C(c1nc2n(n1)C(c1ccccc1)CC2)C1CC1,0.5754
2115,T20708,50471-44-8,C=CC1(C)OC(=O)N(c2cc(Cl)cc(Cl)c2)C1=O,C12H9Cl2NO3,286.11,3.42,46.61,0,3,2,1,2,0.167,18,2,0,none,0.9963,0.9095,0.9616,T20708,Etomoxir,CPT1a (抑制剂/阴性对照),CPT1 不可逆抑制剂，作为脂肪酸氧化通路机制阴性对照,0.141,无明确优势骨架命中,,,0.0,0.1406,O=C1COC(=O)N1c1ccccc1,0.5511
2116,T3084,1687736-54-4,O=C(NCC(=O)N1CCCC1)Nc1ccc2cnccc2c1,C16H18N4O2,298.35,1.98,74.33,2,3,3,2,3,0.312,22,0,0,none,0.9428,0.9896,0.9616,T3084,Ervogastat (PF-06865571),DGAT2,口服 DGAT2 抑制剂，降低肝内甘油三酯合成与 VLDL 分泌,0.247,无明确优势骨架命中,,,0.0,0.2466,O=C(NCC(=O)N1CCCC1)Nc1ccc2cnccc2c1,0.6041
2117,T20939,38344-08-0,O=C(O)CCC/C=C\C[C@@H]1[C@@H](/C=C/[C@@H](O)CCc2ccccc2)[C@H](O)C[C@@H]1O,C23H32O5,388.5,3.1,97.99,4,4,11,1,2,0.522,28,0,0,none,0.9359,1.0,0.9616,T20939,EPA (Eicosapentaenoic acid),PPAR-alpha / SREBP-1c,omega-3 多不饱和脂肪酸，激活 PPAR-alpha 并抑制 SREBP-1c 成熟,0.298,无明确优势骨架命中,,,0.0,0.2982,C(=CC1CCCC1)CCCc1ccccc1,0.6299
2118,T27832,96609-16-4,CC(C)(C)c1ccc(CCC(O)COc2ccc(C(=O)O)cc2)cc1,C21H26O4,342.44,4.05,66.76,2,3,7,2,2,0.381,25,0,0,none,0.9358,1.0,0.9615,T27832,Bezafibrate,PPAR pan,泛 PPAR 弱激动剂，降低血浆与肝内甘油三酯,0.35,无明确优势骨架命中,,,0.0,0.35,c1ccc(CCCCOc2ccccc2)cc1,0.6558
2119,TQ0079,1449277-10-4,Nc1ncc(C(=O)NC2CN(C(=O)C3CC3)C2)c2ccc(-c3cccc(F)c3)nc12,C22H20FN5O2,405.43,2.37,101.21,2,5,4,3,5,0.273,30,1,0,none,0.9579,0.967,0.9615,TQ0079,TVB-2640 (Denifanstat),FASN,脂肪酸合酶 beta-酮脂酰还原酶结构域抑制剂，直接阻断棕榈酸从头合成,0.245,无明确优势骨架命中,,,0.0,0.2447,O=C(NC1CN(C(=O)C2CC2)C1)c1cncc2nc(-c3ccccc3)ccc12,0.6031
2120,T83643,18319-92-1,CCCCCCC(=O)Oc1ccc2c(C)cc(=O)oc2c1,C17H20O4,288.34,3.98,56.51,0,4,6,2,2,0.412,21,0,0,none,0.9516,0.9763,0.9615,T83643,Etomoxir,CPT1a (抑制剂/阴性对照),CPT1 不可逆抑制剂，作为脂肪酸氧化通路机制阴性对照,0.239,无明确优势骨架命中,,,0.0,0.2388,O=c1ccc2ccccc2o1,0.6002
2121,T9745,1454902-97-6,COc1ccccc1NC(=O)NCc1ccc(C(=O)NO)cc1,C16H17N3O4,315.33,2.14,99.69,4,4,5,2,2,0.125,23,0,0,none,0.9422,0.9904,0.9615,T9745,Ranolazine,pFOX / 晚钠电流,部分脂肪酸氧化抑制，改善代谢底物利用,0.271,无明确优势骨架命中,,,0.0,0.2714,O=C(NCc1ccccc1)Nc1ccccc1,0.6164
2122,T5509,864863-72-9,Cc1c(-c2ccc3ncccc3c2)nnn1-c1cccnc1F,C17H12FN5,305.32,3.33,56.49,0,4,2,4,4,0.059,23,1,0,none,0.9705,0.9477,0.9614,T5509,GW501516,PPAR-delta,PPAR-delta 选择性激动，提升肝与骨骼肌脂肪酸氧化,0.143,无明确优势骨架命中,,,0.0,0.1429,c1cncc(-n2cc(-c3ccc4ncccc4c3)nn2)c1,0.5522
2123,T60193,1863952-15-1,Cc1cc2c(C(N)=O)cccc2n1C1=NC(NCc2ccccc2)=C2CCCN=C2N1,C24H24N6O,412.5,3.05,96.8,3,5,4,3,5,0.208,31,0,0,none,0.9855,0.9253,0.9614,T60193,Telmisartan,PPAR-gamma partial / AT1R,AT1 受体拮抗兼 PPAR-gamma 部分激动，文献报道减轻肝细胞脂肪变,0.183,无明确优势骨架命中,,,0.0,0.1827,c1ccc(CNC2=C3CCCN=C3NC(n3ccc4ccccc43)=N2)cc1,0.5721
2124,T9568,1997319-84-2,CC(C)(C)OC(=O)N1CCN(c2cc(-c3ccccc3O)nnc2N)CC1,C19H25N5O3,371.44,2.49,104.81,2,7,2,2,3,0.421,27,0,0,none,0.9356,1.0,0.9614,T9568,Salicylate,"AMPK (direct, beta1)",直接结合 AMPK beta1 变构位点，抑制脂肪生成,0.208,无明确优势骨架命中,,,0.0,0.2075,c1ccc(-c2cc(N3CCNCC3)cnn2)cc1,0.5844
2125,T64396,2247932-38-1,COCCCOc1cccc2c3n(nc12)C[C@@H](C(C)(C)C)n1cc(C(=O)O)c(=O)cc1-3,C23H27N3O5,425.49,3.58,95.58,1,5,6,3,4,0.435,31,0,0,none,0.9887,0.9205,0.9614,T64396,Gemfibrozil,PPAR-alpha,苯氧戊酸类 PPAR-alpha 激动剂，抑制肝脏 VLDL-TG 分泌,0.231,无明确优势骨架命中,,,0.0,0.2308,O=c1ccn2c(c1)-c1c3ccccc3nn1CC2,0.5961
2126,T6418,357263-13-9,COc1ccnc2[nH]cc(C(=O)C(=O)N3CCN(C(=O)c4ccccc4)C[C@H]3C)c12,C22H22N4O4,406.44,2.13,95.6,1,5,4,3,4,0.273,30,0,0,none,0.9599,0.9635,0.9613,T6418,Ranolazine,pFOX / 晚钠电流,部分脂肪酸氧化抑制，改善代谢底物利用,0.218,哌嗪/哌啶杂芳基甲酰胺,SCD1 / DGAT2,脂质酶抑制剂常见的环胺-酰胺连接模式，倾向作用于 SCD1/DGAT2 等内质网膜结合型脂质合成酶,0.55,0.4659,O=C(C(=O)N1CCN(C(=O)c2ccccc2)CC1)c1c[nH]c2ncccc12,0.7136
2127,T25958,14008-46-9,OCCN1CCN(CC/C=C2/c3ccccc3COc3ccc(Cl)cc32)CC1,C23H27ClN2O2,398.93,3.66,35.94,1,4,5,2,4,0.391,28,1,0,none,0.9355,1.0,0.9613,T25958,Ranolazine,pFOX / 晚钠电流,部分脂肪酸氧化抑制，改善代谢底物利用,0.171,无明确优势骨架命中,,,0.0,0.1707,C(CCN1CCNCC1)=C1c2ccccc2COc2ccccc21,0.566
2128,T9765,1357471-57-8,O=C(CCN1CCN(Cc2ccccc2)CC1)Nc1nc(-c2ccccc2)cs1,C23H26N4OS,406.56,3.96,48.47,1,5,7,3,4,0.304,29,0,0,none,0.9547,0.971,0.9612,T9765,Telmisartan,PPAR-gamma partial / AT1R,AT1 受体拮抗兼 PPAR-gamma 部分激动，文献报道减轻肝细胞脂肪变,0.218,无明确优势骨架命中,,,0.0,0.2184,O=C(CCN1CCN(Cc2ccccc2)CC1)Nc1nc(-c2ccccc2)cs1,0.5898
2129,T27060,220941-93-5,Fc1ccc2[nH]c(CN3CCN(c4ccccn4)CC3)cc2c1,C18H19FN4,310.38,3.02,35.16,1,3,3,3,4,0.278,23,1,0,none,0.9354,1.0,0.9612,T27060,Trimetazidine,3-KAT (长链硫解酶),部分脂肪酸氧化抑制剂，代谢调节剂,0.172,无明确优势骨架命中,,,0.0,0.1719,c1ccc(N2CCN(Cc3cc4ccccc4[nH]3)CC2)nc1,0.5666
2130,T5495,13073-96-6,OCCOCCN1CCN(C(c2ccccc2)c2ccccc2)CC1,C21H28N2O2,340.47,2.4,35.94,1,4,8,2,3,0.429,25,0,0,none,0.9353,1.0,0.9612,T22713;T5495,Ranolazine,pFOX / 晚钠电流,部分脂肪酸氧化抑制，改善代谢底物利用,0.221,无明确优势骨架命中,,,0.0,0.2206,c1ccc(C(c2ccccc2)N2CCNCC2)cc1,0.5909
2131,T23557,178600-17-4,O=C(O)Cc1ccc(OCCNC[C@H](O)c2ccccc2)cc1,C18H21NO4,315.37,2.02,78.79,3,4,9,2,2,0.278,23,0,0,none,0.9353,1.0,0.9612,T23557,Rosiglitazone,PPAR-gamma,TZD 类 PPAR-gamma 全激动剂，改善胰岛素抵抗与肝内脂肪蓄积,0.243,无明确优势骨架命中,,,0.0,0.2429,c1ccc(CCNCCOc2ccccc2)cc1,0.602
2132,T27632,86315-52-8,COc1cc(S(C)=O)ccc1-c1nc2cnccc2[nH]1,C14H13N3O2S,287.34,2.37,67.87,1,4,3,3,3,0.143,20,0,0,none,0.9963,0.9083,0.9611,T27632,Nicotinic acid (Niacin),HCAR2 / DGAT2,抑制脂肪组织脂解并弱抑制 DGAT2，减少肝内 VLDL 底物供应,0.164,无明确优势骨架命中,,,0.0,0.1636,c1ccc(-c2nc3cnccc3[nH]2)cc1,0.5624
2133,T9248,1516896-06-2,Cc1ncc(C)n2nc([C@H]3C[C@@H]3c3nc4c5cccnc5ccn4c3C)nc12,C21H19N7,369.43,3.52,73.27,0,5,2,5,6,0.286,28,0,0,none,0.9351,1.0,0.9611,T9248,TVB-2640 (Denifanstat),FASN,脂肪酸合酶 beta-酮脂酰还原酶结构域抑制剂，直接阻断棕榈酸从头合成,0.131,无明确优势骨架命中,,,0.0,0.1313,c1cnc2ccn3cc(C4CC4c4nc5cnccn5n4)nc3c2c1,0.5462
2134,T6095,943540-75-8,Cn1cc(-c2ccc3nnc(C(F)(F)c4ccc5ncccc5c4)n3n2)cn1,C19H13F2N7,377.36,3.21,73.79,0,5,3,5,5,0.105,28,2,0,none,0.9352,1.0,0.9611,T6095,GW501516,PPAR-delta,PPAR-delta 选择性激动，提升肝与骨骼肌脂肪酸氧化,0.163,无明确优势骨架命中,,,0.0,0.163,c1cnc2ccc(Cc3nnc4ccc(-c5cn[nH]c5)nn34)cc2c1,0.562
2135,T8454,1516895-53-6,Cc1ncc(C)n2nc([C@@H]3C[C@H]3c3nc4c5cccnc5ccn4c3C)nc12,C21H19N7,369.43,3.52,73.27,0,5,2,5,6,0.286,28,0,0,none,0.9351,1.0,0.9611,T8454,TVB-2640 (Denifanstat),FASN,脂肪酸合酶 beta-酮脂酰还原酶结构域抑制剂，直接阻断棕榈酸从头合成,0.131,无明确优势骨架命中,,,0.0,0.1313,c1cnc2ccn3cc(C4CC4c4nc5cnccn5n4)nc3c2c1,0.5462
2136,T2680,1185763-69-2,Cn1cc(-c2ccc3ncc(Cc4ccc5ncccc5c4)n3n2)cn1,C20H16N6,340.39,3.27,60.9,0,4,3,5,5,0.1,26,0,0,none,0.9352,1.0,0.9611,T2680,Telmisartan,PPAR-gamma partial / AT1R,AT1 受体拮抗兼 PPAR-gamma 部分激动，文献报道减轻肝细胞脂肪变,0.168,无明确优势骨架命中,,,0.0,0.1684,c1cnc2ccc(Cc3cnc4ccc(-c5cn[nH]c5)nn34)cc2c1,0.5648
2137,T28881,73384-60-8,COc1cc(S(C)=O)ccc1-c1nc2ncccc2[nH]1,C14H13N3O2S,287.34,2.37,67.87,1,4,3,3,3,0.143,20,0,0,none,0.9963,0.9083,0.9611,T28881,Trimetazidine,3-KAT (长链硫解酶),部分脂肪酸氧化抑制剂，代谢调节剂,0.156,无明确优势骨架命中,,,0.0,0.1562,c1ccc(-c2nc3ncccc3[nH]2)cc1,0.5586
2138,T2293,1022150-57-7,Cn1cc(-c2ccc3nnc(Sc4ccc5ncccc5c4)n3n2)cn1,C18H13N7S,359.42,3.22,73.79,0,6,3,5,5,0.056,26,0,0,none,0.9352,1.0,0.9611,T2293,Telmisartan,PPAR-gamma partial / AT1R,AT1 受体拮抗兼 PPAR-gamma 部分激动，文献报道减轻肝细胞脂肪变,0.144,无明确优势骨架命中,,,0.0,0.1443,c1cnc2ccc(Sc3nnc4ccc(-c5cn[nH]c5)nn34)cc2c1,0.5527
2139,T5995,1223403-58-4,O=C(Nc1cnn2ccc(N3CCC[C@@H]3c3cc(F)ccc3F)nc12)N1CC[C@H](O)C1,C21H22F2N6O2,428.44,2.95,86.0,2,5,3,3,5,0.381,31,2,0,none,1.0,0.9029,0.9611,T5995;T6880,Ervogastat (PF-06865571),DGAT2,口服 DGAT2 抑制剂，降低肝内甘油三酯合成与 VLDL 分泌,0.236,杂芳基脲 (DGAT2/SCD1 型),DGAT2 / SCD1,杂芳基脲连接的哌啶醚母核，抑制 DGAT2 或 SCD1，减少甘油三酯与单不饱和脂肪酸生成，降低脂滴体积,0.68,0.542,O=C(Nc1cnn2ccc(N3CCCC3c3ccccc3)nc12)N1CCCC1,0.7515
2140,T201368,666699-46-3,Cc1cc(S(=O)(=O)Nc2ccc(F)c(Cl)c2)cc(C)c1F,C14H12ClF2NO2S,331.77,4.04,46.17,1,2,3,2,2,0.143,21,3,0,none,0.9352,1.0,0.9611,T201368,Lanifibranor,PPAR pan (alpha/delta/gamma),泛 PPAR 激动，促进 beta-氧化、抑制脂肪生成与炎症纤维化,0.219,无明确优势骨架命中,,,0.0,0.2188,O=S(=O)(Nc1ccccc1)c1ccccc1,0.59
2141,T61833,2062661-53-2,C[C@@H]1CN(Cc2ncccn2)C[C@H]1c1cn2c(C3CCOCC3)ncc2c(=O)[nH]1,C21H26N6O2,394.48,1.94,88.41,1,6,4,3,5,0.524,29,0,0,none,0.9351,1.0,0.9611,T61833,TVB-2640 (Denifanstat),FASN,脂肪酸合酶 beta-酮脂酰还原酶结构域抑制剂，直接阻断棕榈酸从头合成,0.186,无明确优势骨架命中,,,0.0,0.1856,O=c1[nH]c(C2CCN(Cc3ncccn3)C2)cn2c(C3CCOCC3)ncc12,0.5734
2142,T10655,1357072-61-7,Cn1cc(-c2ccc3nnc(Sc4ccc5nn(C)cc5c4)n3n2)cn1,C17H14N8S,362.42,2.56,78.72,0,6,3,5,5,0.118,26,0,0,none,0.9352,1.0,0.9611,T10655,Telmisartan,PPAR-gamma partial / AT1R,AT1 受体拮抗兼 PPAR-gamma 部分激动，文献报道减轻肝细胞脂肪变,0.138,无明确优势骨架命中,,,0.0,0.1383,c1cc2n[nH]cc2cc1Sc1nnc2ccc(-c3cn[nH]c3)nn12,0.5497
2143,T22870,193527-91-2,N=C(Nc1ccc(I)cc1)NC1C2CC3CC(C2)CC1C3,C17H22IN3,395.29,4.05,47.91,3,1,2,1,5,0.588,21,1,0,none,0.935,1.0,0.961,T22870,Fenretinide (4-HPR),DES1 / RBP4,视黄酰胺，抑制二氢神经酰胺去饱和酶，改善肝脂肪变,0.137,无明确优势骨架命中,,,0.0,0.137,N=C(Nc1ccccc1)NC1C2CC3CC(C2)CC1C3,0.549
2144,T25017,473382-39-7,CN(C)CC(C)(C)CNc1nn2c(-c3ccccc3)nnc2cc1C1CCC1,C22H30N6,378.52,4.06,58.35,1,5,7,3,4,0.5,28,0,0,none,0.935,1.0,0.961,T25017,TVB-2640 (Denifanstat),FASN,脂肪酸合酶 beta-酮脂酰还原酶结构域抑制剂，直接阻断棕榈酸从头合成,0.143,无明确优势骨架命中,,,0.0,0.1429,c1ccc(-c2nnc3cc(C4CCC4)cnn23)cc1,0.5519
2145,T2517,891494-63-6,Cn1cc(-c2cnn3c(N)c(Br)c([C@@H]4CCCNC4)nc23)cn1,C15H18BrN7,376.26,1.94,86.06,2,5,2,3,4,0.4,23,1,0,none,0.935,1.0,0.961,T2517,AICAR,AMPK (AMP mimetic),细胞内转化为 ZMP 模拟 AMP 别构激活 AMPK,0.114,无明确优势骨架命中,,,0.0,0.1139,c1n[nH]cc1-c1cnn2ccc(C3CCCNC3)nc12,0.5374
2146,T9226,891016-02-7,COc1ccccc1N1CCN(C2CCCCC2NS(=O)(=O)c2ccccc2)CC1,C23H31N3O3S,429.59,3.11,61.88,1,5,6,2,4,0.478,30,0,0,none,1.0,0.9026,0.961,T9226,Ranolazine,pFOX / 晚钠电流,部分脂肪酸氧化抑制，改善代谢底物利用,0.218,无明确优势骨架命中,,,0.0,0.2179,O=S(=O)(NC1CCCCC1N1CCN(c2ccccc2)CC1)c1ccccc1,0.5894
2147,T22904,866021-03-6,Clc1ccc(N2CCN(Cc3c[nH]c4ncccc34)CC2)cc1,C18H19ClN4,326.83,3.54,35.16,1,3,3,3,4,0.278,23,1,0,none,0.9351,1.0,0.961,T11799;T22904,Trimetazidine,3-KAT (长链硫解酶),部分脂肪酸氧化抑制剂，代谢调节剂,0.177,无明确优势骨架命中,,,0.0,0.1774,c1ccc(N2CCN(Cc3c[nH]c4ncccc34)CC2)cc1,0.5692
2148,T3700,891494-64-7,Cn1cc(-c2cnn3c(N)c(Br)c([C@H]4CCCNC4)nc23)cn1,C15H18BrN7,376.26,1.94,86.06,2,5,2,3,4,0.4,23,1,0,none,0.935,1.0,0.961,T3700,AICAR,AMPK (AMP mimetic),细胞内转化为 ZMP 模拟 AMP 别构激活 AMPK,0.114,无明确优势骨架命中,,,0.0,0.1139,c1n[nH]cc1-c1cnn2ccc(C3CCCNC3)nc12,0.5374
2149,T69913,2098884-52-5,NCc1cc(Oc2cccc(C(=O)N3C[C@@H](O)[C@H](F)C3)c2)nc(C(F)(F)F)c1,C18H17F4N3O3,399.34,2.51,88.68,2,5,4,2,3,0.333,28,4,0,none,1.0,0.9023,0.9609,T69913,Ervogastat (PF-06865571),DGAT2,口服 DGAT2 抑制剂，降低肝内甘油三酯合成与 VLDL 分泌,0.209,哌嗪/哌啶杂芳基甲酰胺,SCD1 / DGAT2,脂质酶抑制剂常见的环胺-酰胺连接模式，倾向作用于 SCD1/DGAT2 等内质网膜结合型脂质合成酶,0.55,0.4568,O=C(c1cccc(Oc2ccccn2)c1)N1CCCC1,0.7088
2150,T84345,3009908-95-3,COc1ccc2c(c1)c(=O)c(Cc1cccc(Cl)c1Cl)cn2CC(=O)O,C19H15Cl2NO4,392.24,3.99,68.53,1,3,5,3,3,0.158,26,2,0,none,0.9486,0.9794,0.9609,T84345,GW4064,FXR,非甾体高效 FXR 激动剂工具化合物，抑制 DNL 相关转录程序,0.204,无明确优势骨架命中,,,0.0,0.2043,O=c1c(Cc2ccccc2)c[nH]c2ccccc12,0.5826
2151,T2153,221244-14-0,CC(C)(C)n1nc(Cc2cccc3ccccc23)c2c(N)ncnc21,C20H21N5,331.42,3.91,69.62,1,4,2,4,4,0.25,25,0,0,none,0.9346,1.0,0.9608,T2153,Ranolazine,pFOX / 晚钠电流,部分脂肪酸氧化抑制，改善代谢底物利用,0.12,无明确优势骨架命中,,,0.0,0.1205,c1ccc2c(Cc3n[nH]c4ncncc34)cccc2c1,0.5406
2152,T6443,3858-89-7,CCN(CC)CCOC(=O)c1ccc(N)cc1Cl,C13H19ClN2O2,270.76,2.42,55.56,1,4,6,1,1,0.462,18,1,0,none,0.9986,0.9041,0.9608,T6443,Etomoxir,CPT1a (抑制剂/阴性对照),CPT1 不可逆抑制剂，作为脂肪酸氧化通路机制阴性对照,0.219,无明确优势骨架命中,,,0.0,0.2188,c1ccccc1,0.5898
2153,T50082,363628-88-0,COc1cc(C(=O)NCC2(N(C)C)CCCC2)cc(OC)c1OCc1ccccc1,C24H32N2O4,412.53,3.89,60.03,1,5,9,2,3,0.458,30,0,0,none,0.9526,0.973,0.9608,T50082,Ranolazine,pFOX / 晚钠电流,部分脂肪酸氧化抑制，改善代谢底物利用,0.244,无明确优势骨架命中,,,0.0,0.2436,O=C(NCC1CCCC1)c1ccc(OCc2ccccc2)cc1,0.6022
2154,T28537,117086-68-7,CN1[C@@H]2CC[C@H]1C[C@@H](NC(=O)N1CC(C)(C)c3ccccc31)C2,C19H27N3O,313.44,3.12,35.58,1,2,1,1,4,0.632,23,0,0,none,0.9346,1.0,0.9608,T28537,Aramchol,SCD1,胆汁酸-脂肪酸偶联物，下调 SCD1，降低单不饱和脂肪酸与甘油三酯合成,0.2,无明确优势骨架命中,,,0.0,0.2,O=C(NC1CC2CCC(C1)N2)N1CCc2ccccc21,0.5804
2155,T38863,1425511-32-5,O=c1[nH]nc(CCc2ccc(C(F)(F)F)cc2)cc1O,C13H11F3N2O2,284.24,2.28,65.98,2,3,3,2,2,0.231,20,3,0,none,0.9892,0.9183,0.9608,T38863,GW501516,PPAR-delta,PPAR-delta 选择性激动，提升肝与骨骼肌脂肪酸氧化,0.25,无明确优势骨架命中,,,0.0,0.25,O=c1ccc(CCc2ccccc2)n[nH]1,0.6054
2156,T23312,152239-46-8,Cc1cc(NC(=O)Nc2ccc3c(ccn3C)c2)sn1,C14H14N4OS,286.36,3.59,58.95,2,3,2,3,3,0.143,20,0,0,none,0.9983,0.9045,0.9608,T23312,Telmisartan,PPAR-gamma partial / AT1R,AT1 受体拮抗兼 PPAR-gamma 部分激动，文献报道减轻肝细胞脂肪变,0.159,无明确优势骨架命中,,,0.0,0.1591,O=C(Nc1ccc2[nH]ccc2c1)Nc1ccns1,0.5599
2157,T28352,2066488-39-7,C[C@H](Nc1nc2c(cnn2C2CCCC2)c(=O)[nH]1)c1ccc(Cl)cc1,C18H20ClN5O,357.85,4.06,75.6,2,4,4,3,4,0.389,25,1,0,none,0.9344,1.0,0.9607,T28352,Resmetirom (MGL-3196),THR-beta,肝脏选择性甲状腺激素受体 beta 激动；上调 CPT1A/线粒体 beta-氧化与脂噬，降低肝内甘油三酯,0.161,无明确优势骨架命中,,,0.0,0.1609,O=c1[nH]c(NCc2ccccc2)nc2c1cnn2C1CCCC1,0.5608
2158,T4359,722456-31-7,c1ccc(Cn2nnc3c(Sc4nc5ccccc5o4)ncnc32)cc1,C18H12N6OS,360.4,3.56,82.52,0,7,4,5,5,0.056,26,0,0,none,0.9343,1.0,0.9606,T4359,Telmisartan,PPAR-gamma partial / AT1R,AT1 受体拮抗兼 PPAR-gamma 部分激动，文献报道减轻肝细胞脂肪变,0.189,无明确优势骨架命中,,,0.0,0.1889,c1ccc(Cn2nnc3c(Sc4nc5ccccc5o4)ncnc32)cc1,0.5748
2159,T0809,66-76-2,O=c1oc2ccccc2c(O)c1Cc1c(O)c2ccccc2oc1=O,C19H12O6,336.3,2.9,100.88,2,6,2,4,4,0.053,25,0,0,none,0.9343,1.0,0.9606,T0809,Salicylate,"AMPK (direct, beta1)",直接结合 AMPK beta1 变构位点，抑制脂肪生成,0.216,无明确优势骨架命中,,,0.0,0.2162,O=c1oc2ccccc2cc1Cc1cc2ccccc2oc1=O,0.5884
2160,T4025,173528-92-2,COc1ccc(S(=O)(=O)Nc2ccccc2/C=C/c2ccncc2)cc1,C20H18N2O3S,366.44,4.06,68.29,1,4,6,3,3,0.05,26,0,0,none,0.9344,1.0,0.9606,T4025,GW4064,FXR,非甾体高效 FXR 激动剂工具化合物，抑制 DNL 相关转录程序,0.182,无明确优势骨架命中,,,0.0,0.1818,O=S(=O)(Nc1ccccc1C=Cc1ccncc1)c1ccccc1,0.5712
2161,T16328,175033-36-0,CC(=O)Oc1ccccc1C(=O)Oc1cccc(CO[N+](=O)[O-])c1,C16H13NO7,331.28,2.54,104.97,0,7,6,2,2,0.125,24,0,0,none,0.9343,1.0,0.9606,T16328,Salicylate,"AMPK (direct, beta1)",直接结合 AMPK beta1 变构位点，抑制脂肪生成,0.216,无明确优势骨架命中,,,0.0,0.2157,O=C(Oc1ccccc1)c1ccccc1,0.5881
2162,T11462,1445846-30-9,O=c1nc(OCC2COCCO2)cc2n1CCc1cc(OCc3ccccn3)ccc1-2,C23H23N3O5,421.45,2.23,84.7,0,7,6,3,5,0.348,31,0,0,none,0.9844,0.9245,0.9605,T11462,TVB-2640 (Denifanstat),FASN,脂肪酸合酶 beta-酮脂酰还原酶结构域抑制剂，直接阻断棕榈酸从头合成,0.194,无明确优势骨架命中,,,0.0,0.1942,O=c1nc(OCC2COCCO2)cc2n1CCc1cc(OCc3ccccn3)ccc1-2,0.5774
2163,T11966,863115-70-2,O=C(NC1CCN(Cc2ccc3c(c2)OCO3)CC1)c1cc(=O)c2cc(F)ccc2o1,C23H21FN2O5,424.43,3.06,81.01,1,6,4,3,5,0.304,31,1,0,none,1.0,0.9011,0.9604,T11966,TVB-2640 (Denifanstat),FASN,脂肪酸合酶 beta-酮脂酰还原酶结构域抑制剂，直接阻断棕榈酸从头合成,0.196,无明确优势骨架命中,,,0.0,0.1959,O=C(NC1CCN(Cc2ccc3c(c2)OCO3)CC1)c1cc(=O)c2ccccc2o1,0.5782
2164,T13695L,945923-91-1,NCCCCCCNC(=O)OCC1c2ccccc2-c2ccccc21,C21H26N2O2,338.45,4.04,64.35,2,3,8,2,3,0.381,25,0,0,none,0.934,1.0,0.9604,T13695L,Salicylate,"AMPK (direct, beta1)",直接结合 AMPK beta1 变构位点，抑制脂肪生成,0.167,无明确优势骨架命中,,,0.0,0.1667,c1ccc2c(c1)Cc1ccccc1-2,0.5636
2165,TN1901,2035-15-6,Oc1ccc2c(c1)OC[C@H]1c3cc4c(cc3O[C@@H]21)OCO4,C16H12O5,284.27,2.73,57.15,1,5,0,2,5,0.25,21,0,0,none,0.9851,0.9232,0.9603,TN1901,Naringenin,PPAR-alpha / SREBP,柑橘黄烷酮，抑制脂肪生成基因并促进脂肪酸氧化,0.25,无明确优势骨架命中,,,0.0,0.25,c1ccc2c(c1)OCC1c3cc4c(cc3OC21)OCO4,0.6052
2166,T6S0052,34316-15-9,COc1ccc2c(c[n+](C)c3c4cc5c(cc4ccc23)OCO5)c1OC,C21H18NO4+,348.38,3.72,40.8,0,4,2,4,5,0.19,26,0,0,none,0.9339,1.0,0.9603,T3419;T6S0052,Berberine,AMPK / PCSK9 / LDLR,原小檗碱型生物碱，激活 AMPK 并稳定 LDLR mRNA，HepG2 经典降脂阳性对照,0.492,原小檗碱型季铵异喹啉生物碱,AMPK / LDLR,小檗碱型生物碱抑制线粒体复合物I 激活 AMPK，并经 ERK 通路稳定 LDLR mRNA，为 HepG2 脂质蓄积模型的经典降脂阳性对照化学型,0.8,0.8515,c1ccc2c(c1)c[nH+]c1c3cc4c(cc3ccc21)OCO4,0.9059
2167,T4221,1811510-56-1,Nc1ccc(-c2cnc(N)c(-c3ccc(Cl)cc3)c2)cn1,C16H13ClN4,296.76,3.63,77.82,2,4,2,3,3,0.0,21,1,0,none,0.9963,0.9063,0.9603,T4221,Fenofibric acid,PPAR-alpha,激活 PPAR-alpha 上调 CPT1/ACOX1，增强线粒体与过氧化物酶体脂肪酸氧化,0.154,无明确优势骨架命中,,,0.0,0.1538,c1ccc(-c2cncc(-c3cccnc3)c2)cc1,0.557
2168,T32633,327026-93-7,C[C@H]1Oc2c(cccc2N2CCN(CCCc3c[nH]c4ccc(F)cc34)CC2)NC1=O,C24H27FN4O2,422.5,3.78,60.6,2,4,5,3,5,0.375,31,1,0,none,0.9826,0.9269,0.9603,T32633,Ranolazine,pFOX / 晚钠电流,部分脂肪酸氧化抑制，改善代谢底物利用,0.156,无明确优势骨架命中,,,0.0,0.1562,O=C1COc2c(cccc2N2CCN(CCCc3c[nH]c4ccccc34)CC2)N1,0.5582
2169,T8859,6872-57-7,COc1cc2c[n+](C)c3c4cc5c(cc4ccc3c2cc1OC)OCO5,C21H18NO4+,348.38,3.72,40.8,0,4,2,4,5,0.19,26,0,0,none,0.9339,1.0,0.9603,T5S0761;T8859,Berberine,AMPK / PCSK9 / LDLR,原小檗碱型生物碱，激活 AMPK 并稳定 LDLR mRNA，HepG2 经典降脂阳性对照,0.387,原小檗碱型季铵异喹啉生物碱,AMPK / LDLR,小檗碱型生物碱抑制线粒体复合物I 激活 AMPK，并经 ERK 通路稳定 LDLR mRNA，为 HepG2 脂质蓄积模型的经典降脂阳性对照化学型,0.8,0.7471,c1ccc2c(c1)c[nH+]c1c3cc4c(cc3ccc21)OCO4,0.8537
2170,T23310,207572-69-8,O=C(OCCN1CCCCC1)c1c[nH]c2ccccc12,C16H20N2O2,272.35,2.81,45.33,1,3,4,2,3,0.438,20,0,0,none,0.9931,0.9111,0.9603,T23310,Ranolazine,pFOX / 晚钠电流,部分脂肪酸氧化抑制，改善代谢底物利用,0.187,无明确优势骨架命中,,,0.0,0.1867,O=C(OCCN1CCCCC1)c1c[nH]c2ccccc12,0.5735
2171,T77648,793722-88-0,Clc1ccc(-c2nnc(COc3ncnc4ccccc34)o2)cc1,C17H11ClN4O2,338.75,3.91,73.93,0,6,4,4,4,0.059,24,1,0,none,0.9338,1.0,0.9603,T77648,Etomoxir,CPT1a (抑制剂/阴性对照),CPT1 不可逆抑制剂，作为脂肪酸氧化通路机制阴性对照,0.169,无明确优势骨架命中,,,0.0,0.169,c1ccc(-c2nnc(COc3ncnc4ccccc34)o2)cc1,0.5646
2172,T64391,19819-18-2,O=c1nc(-c2ccccc2)[nH]c2sc3c(c12)CCCC3,C16H14N2OS,282.37,3.53,45.75,1,3,1,3,4,0.25,20,0,0,none,0.99,0.9156,0.9603,T64391,A-769662,"AMPK (direct, beta1)",直接变构激活 AMPK beta1 亚基，磷酸化 ACC1/2 抑制 DNL,0.194,无明确优势骨架命中,,,0.0,0.194,O=c1nc(-c2ccccc2)[nH]c2sc3c(c12)CCCC3,0.5772
2173,T22204,885104-09-6,Clc1ccc(CN[C@H]2CCN(c3ncc(Br)cn3)C2)c(Cl)c1,C15H15BrCl2N4,402.12,3.91,41.05,1,4,4,2,3,0.333,22,3,0,none,0.9381,0.9933,0.9602,T22204,PF-06424439 (DGAT2i),DGAT2,二酰甘油酰基转移酶2 抑制剂，直接阻断甘油三酯酯化终末步骤,0.208,无明确优势骨架命中,,,0.0,0.2083,c1ccc(CNC2CCN(c3ncccn3)C2)cc1,0.5843
2174,T8442,883976-12-3,COc1cc(CN(CCN)C(=O)c2cccs2)ccc1OCc1ccccc1,C22H24N2O3S,396.51,3.94,64.79,1,5,9,3,3,0.227,28,0,0,none,0.9441,0.9845,0.9602,T8442,Rosiglitazone,PPAR-gamma,TZD 类 PPAR-gamma 全激动剂，改善胰岛素抵抗与肝内脂肪蓄积,0.21,无明确优势骨架命中,,,0.0,0.2099,O=C(NCc1ccc(OCc2ccccc2)cc1)c1cccs1,0.5851
2175,T3619,1135242-13-5,CCOC(=O)N1CCC(NCCNC(=O)c2ccccc2C)CC1,C18H27N3O3,333.43,1.94,70.67,2,4,6,1,2,0.556,24,0,0,none,0.9337,1.0,0.9602,T3619,TVB-2640 (Denifanstat),FASN,脂肪酸合酶 beta-酮脂酰还原酶结构域抑制剂，直接阻断棕榈酸从头合成,0.244,无明确优势骨架命中,,,0.0,0.2439,O=C(NCCNC1CCNCC1)c1ccccc1,0.602
2176,T16484,1394033-54-5,Cc1nc(-c2cnn(C)c2-c2ccc(C(F)(F)F)cn2)c2c(N3CCC3)ncnn12,C19H17F3N8,414.4,3.12,77.03,0,6,3,4,5,0.316,30,3,0,none,0.9705,0.9448,0.9602,T16484,Ervogastat (PF-06865571),DGAT2,口服 DGAT2 抑制剂，降低肝内甘油三酯合成与 VLDL 分泌,0.212,无明确优势骨架命中,,,0.0,0.2118,c1ccc(-c2[nH]ncc2-c2ncn3ncnc(N4CCC4)c23)nc1,0.586
2177,T62077,2290608-13-6,CNS(=O)(=O)c1ccc(Nc2ccc(C(F)(F)F)cc2)c(-c2cn(C)cn2)c1,C18H17F3N4O2S,410.42,3.76,76.02,2,4,5,3,3,0.167,28,3,0,none,0.9853,0.9226,0.9602,T62077,Ervogastat (PF-06865571),DGAT2,口服 DGAT2 抑制剂，降低肝内甘油三酯合成与 VLDL 分泌,0.2,无明确优势骨架命中,,,0.0,0.2,c1ccc(Nc2ccccc2-c2c[nH]cn2)cc1,0.5801
2178,T13059,552309-42-9,CCc1c(C)nc(SCC(=O)Nc2nc(-c3ccc(OC)cc3)cs2)[nH]c1=O,C19H20N4O3S2,416.53,3.5,96.97,2,7,7,3,3,0.263,28,0,0,none,0.9847,0.9233,0.9602,T13059,GW501516,PPAR-delta,PPAR-delta 选择性激动，提升肝与骨骼肌脂肪酸氧化,0.207,无明确优势骨架命中,,,0.0,0.2065,O=C(CSc1nccc(=O)[nH]1)Nc1nc(-c2ccccc2)cs1,0.5834
2179,T1568,14028-44-5,Clc1ccc2c(c1)C(N1CCNCC1)=Nc1ccccc1O2,C17H16ClN3O,313.79,3.43,36.86,1,4,0,2,4,0.235,22,1,0,none,0.9335,1.0,0.9601,T1568,Trimetazidine,3-KAT (长链硫解酶),部分脂肪酸氧化抑制剂，代谢调节剂,0.183,无明确优势骨架命中,,,0.0,0.1833,c1ccc2c(c1)N=C(N1CCNCC1)c1ccccc1O2,0.5717
2180,T73288,2758411-46-8,CNc1cc(-c2ccc3[nH]ccc3c2)nc(S(C)(=O)=O)n1,C14H14N4O2S,302.36,2.07,87.74,2,5,3,3,3,0.143,21,0,0,none,0.9603,0.9599,0.9601,T73288,Rosuvastatin,HMGCR,亲水性强效 HMGCR 抑制剂，肝选择性摄取(OATP1B1),0.143,无明确优势骨架命中,,,0.0,0.1429,c1cc(-c2ccc3[nH]ccc3c2)ncn1,0.5515
2181,T16346,1566-81-0,O=C(Nc1cccc(C(F)(F)F)c1)Nc1ccccc1C(=O)O,C15H11F3N2O3,324.26,4.05,78.43,3,2,3,2,2,0.067,23,3,0,none,0.9373,0.9939,0.96,T16346,Salicylate,"AMPK (direct, beta1)",直接结合 AMPK beta1 变构位点，抑制脂肪生成,0.31,无明确优势骨架命中,,,0.0,0.3095,O=C(Nc1ccccc1)Nc1ccccc1,0.6347
2182,T17977,329223-23-6,O=C(NCCOP(=O)(O)O)OCC1c2ccccc2-c2ccccc21,C17H18NO6P,363.31,2.63,105.09,3,4,6,2,3,0.235,25,0,0,none,0.9334,1.0,0.96,T17977,Bezafibrate,PPAR pan,泛 PPAR 弱激动剂，降低血浆与肝内甘油三酯,0.176,无明确优势骨架命中,,,0.0,0.1765,c1ccc2c(c1)Cc1ccccc1-2,0.5682
2183,T1209,42461-84-7,Cc1c(Nc2ncccc2C(=O)O)cccc1C(F)(F)F,C14H11F3N2O2,296.25,3.85,62.22,2,3,3,2,2,0.143,21,3,0,none,0.9732,0.9403,0.96,T1209,Salicylate,"AMPK (direct, beta1)",直接结合 AMPK beta1 变构位点，抑制脂肪生成,0.261,无明确优势骨架命中,,,0.0,0.2609,c1ccc(Nc2ccccn2)cc1,0.6104
2184,T15447,55482-89-8,COc1ccccc1OC(=O)c1ccccc1OC(C)=O,C16H14O5,286.28,2.84,61.83,0,5,4,2,2,0.125,21,0,0,none,1.0,0.8998,0.9599,T15447,Salicylate,"AMPK (direct, beta1)",直接结合 AMPK beta1 变构位点，抑制脂肪生成,0.27,无明确优势骨架命中,,,0.0,0.2703,O=C(Oc1ccccc1)c1ccccc1,0.6151
2185,T11023,1364791-93-4,O=C(Nc1c(F)c(F)c(-c2ccccc2)c(F)c1F)c1no[nH]c1=O,C15H7F4N3O3,353.23,2.84,87.99,2,4,3,3,3,0.0,25,4,0,none,1.0,0.8996,0.9599,T11023,Atorvastatin,HMGCR,HMG-CoA 还原酶抑制，降低胆固醇合成并上调 LDLR,0.228,无明确优势骨架命中,,,0.0,0.2278,O=C(Nc1ccc(-c2ccccc2)cc1)c1no[nH]c1=O,0.5938
2186,T9064,1627696-53-0,C[C@]1(c2ncncc2F)NC(=O)c2cc(-c3cn[nH]c3)ccc21,C16H12FN5O,309.3,2.01,83.56,2,4,2,3,4,0.125,23,1,0,none,0.9496,0.9754,0.9599,T9064,Pioglitazone,PPAR-gamma,噻唑烷二酮胰岛素增敏剂，促进脂肪组织脂质再分布、降低肝细胞脂毒性,0.165,哌嗪/哌啶杂芳基甲酰胺,SCD1 / DGAT2,脂质酶抑制剂常见的环胺-酰胺连接模式，倾向作用于 SCD1/DGAT2 等内质网膜结合型脂质合成酶,0.55,0.4121,O=C1NC(c2ccncn2)c2ccc(-c3cn[nH]c3)cc21,0.686
2187,T67711,,CCCC(=O)Nc1cc2nc3ccccc3oc-2cc1=O,C16H14N2O3,282.3,3.03,72.2,1,4,3,1,3,0.188,21,0,0,none,1.0,0.8997,0.9599,T67711,Telmisartan,PPAR-gamma partial / AT1R,AT1 受体拮抗兼 PPAR-gamma 部分激动，文献报道减轻肝细胞脂肪变,0.195,无明确优势骨架命中,,,0.0,0.1954,O=c1ccc2nc3ccccc3oc-2c1,0.5776
2188,T21865,686770-80-9,CCCSc1nc2c(c(=O)n1-c1ccccc1)SCC2,C15H16N2OS2,304.44,3.38,34.89,0,4,4,2,3,0.333,20,0,0,none,0.9332,1.0,0.9599,T21865,Telmisartan,PPAR-gamma partial / AT1R,AT1 受体拮抗兼 PPAR-gamma 部分激动，文献报道减轻肝细胞脂肪变,0.157,无明确优势骨架命中,,,0.0,0.1573,O=c1c2c(ncn1-c1ccccc1)CCS2,0.5586
2189,T7810,1627696-51-8,CC1(c2ncncc2F)NC(=O)c2cc(-c3cn[nH]c3)ccc21,C16H12FN5O,309.3,2.01,83.56,2,4,2,3,4,0.125,23,1,0,none,0.9496,0.9754,0.9599,T7810,Pioglitazone,PPAR-gamma,噻唑烷二酮胰岛素增敏剂，促进脂肪组织脂质再分布、降低肝细胞脂毒性,0.165,哌嗪/哌啶杂芳基甲酰胺,SCD1 / DGAT2,脂质酶抑制剂常见的环胺-酰胺连接模式，倾向作用于 SCD1/DGAT2 等内质网膜结合型脂质合成酶,0.55,0.4121,O=C1NC(c2ccncn2)c2ccc(-c3cn[nH]c3)cc21,0.686
2190,T78745,2861190-30-7,O=C(Nc1ccc(C(=O)O)c(O)c1)c1ccc2ccccc2n1,C17H12N2O4,308.29,2.89,99.52,3,4,3,3,3,0.0,23,0,0,none,0.972,0.9414,0.9598,T78745,Salicylate,"AMPK (direct, beta1)",直接结合 AMPK beta1 变构位点，抑制脂肪生成,0.357,无明确优势骨架命中,,,0.0,0.3571,O=C(Nc1ccccc1)c1ccc2ccccc2n1,0.6584
2191,T8879,1210906-48-1,N#Cc1ccc(C(=O)N(Cc2cccs2)C2CC2)cc1,C16H14N2OS,282.37,3.42,44.1,0,3,4,2,3,0.25,20,0,0,none,0.989,0.9156,0.9597,T8879,PF-06424439 (DGAT2i),DGAT2,二酰甘油酰基转移酶2 抑制剂，直接阻断甘油三酯酯化终末步骤,0.169,无明确优势骨架命中,,,0.0,0.169,O=C(c1ccccc1)N(Cc1cccs1)C1CC1,0.5644
2192,T29645,144966-96-1,O=C(NCCN1CCN(c2ncccn2)CC1)C12CC3CC(CC(C3)C1)C2,C21H31N5O,369.51,1.93,61.36,1,5,5,1,6,0.762,27,0,0,none,0.9328,1.0,0.9597,T23631;T29645,PF-06424439 (DGAT2i),DGAT2,二酰甘油酰基转移酶2 抑制剂，直接阻断甘油三酯酯化终末步骤,0.217,无明确优势骨架命中,,,0.0,0.2174,O=C(NCCN1CCN(c2ncccn2)CC1)C12CC3CC(CC(C3)C1)C2,0.5886
2193,T6860,1217094-53-5,Cc1ccc(OCC(O)C(C)NC(C)C)c2c1CCC2,C17H27NO2,277.41,2.61,41.49,2,3,6,1,2,0.647,20,0,0,none,0.9775,0.9328,0.9596,T6860,Ranolazine,pFOX / 晚钠电流,部分脂肪酸氧化抑制，改善代谢底物利用,0.25,无明确优势骨架命中,,,0.0,0.25,c1ccc2c(c1)CCC2,0.6048
2194,T85326,1438900-88-9,COc1ccc2cc(C(=O)OCCN3CCOCC3)oc2c1,C16H19NO5,305.33,1.93,61.14,0,6,5,2,3,0.438,22,0,0,none,0.9326,1.0,0.9596,T85326,TVB-2640 (Denifanstat),FASN,脂肪酸合酶 beta-酮脂酰还原酶结构域抑制剂，直接阻断棕榈酸从头合成,0.25,无明确优势骨架命中,,,0.0,0.25,O=C(OCCN1CCOCC1)c1cc2ccccc2o1,0.6048
2195,T84311,2361297-58-5,COc1cc2c3c(c(=O)oc2c(C2OCCCO2)c1O)CN(C)CC3,C18H21NO6,347.37,1.93,81.37,1,7,2,2,4,0.5,25,0,0,none,0.9327,1.0,0.9596,T84311,ACC inhibitor chemotype (firsocostat-like proxy),ACC1/ACC2,变构抑制乙酰辅酶A羧化酶，降低丙二酰辅酶A、阻断新发脂质合成(DNL)并解除 CPT1 抑制,0.253,无明确优势骨架命中,,,0.0,0.2532,O=c1oc2c(C3OCCCO3)cccc2c2c1CNCC2,0.6064
2196,T64319,288154-16-5,CC(C)(C)OC(=O)N1CCC(NC(=O)OCc2ccccc2)(C(=O)O)CC1,C19H26N2O6,378.43,2.77,105.17,2,5,4,1,2,0.526,27,0,0,none,0.9327,1.0,0.9596,T64319,Ciprofibrate,PPAR-alpha,长效贝特类，诱导过氧化物酶体增殖与脂肪酸 beta-氧化,0.219,无明确优势骨架命中,,,0.0,0.2188,O=C(NC1CCNCC1)OCc1ccccc1,0.5892
2197,T11607,72795-01-8,Cc1ccc(OC[C@H](O)[C@@H](C)NC(C)C)c2c1CCC2,C17H27NO2,277.41,2.61,41.49,2,3,6,1,2,0.647,20,0,0,none,0.9775,0.9328,0.9596,T11607,Ranolazine,pFOX / 晚钠电流,部分脂肪酸氧化抑制，改善代谢底物利用,0.25,无明确优势骨架命中,,,0.0,0.25,c1ccc2c(c1)CCC2,0.6048
2198,T8567,82114-19-0,Nc1c(-c2cccc(C(F)(F)F)c2)nsc1C(=O)O,C11H7F3N2O2S,288.25,3.11,76.21,2,4,2,2,2,0.091,19,3,0,none,1.0,0.8987,0.9595,T8567,GW501516,PPAR-delta,PPAR-delta 选择性激动，提升肝与骨骼肌脂肪酸氧化,0.243,无明确优势骨架命中,,,0.0,0.2432,c1ccc(-c2ccsn2)cc1,0.6014
2199,TMIH-0148,116380-66-6,[2H]C1([2H])C[C@@]2(C)[C@H](C[C@@H](O)[C@@H]3[C@@H]2C[C@H](O)[C@]2(C)[C@@H]([C@H](C)CCC(=O)O)CC[C@@H]32)C([2H])([2H])[C@@H]1O,C24H40O5,412.6,3.45,97.99,4,4,4,0,4,0.958,29,0,0,none,0.9506,0.9728,0.9595,TMIH-0148,Chenodeoxycholic acid,FXR,内源性 FXR 配体，调控胆汁酸稳态并抑制肝脏脂肪生成,0.587,胆汁酸甾核 + C24 羧酸,FXR,甾体胆汁酸骨架激动核受体 FXR，经 SHP 抑制 SREBP-1c/ChREBP 转录程序，并经 FGF19 轴抑制 CYP7A1，降低肝内脂质与胆汁酸负荷,0.9,0.955,C1CCC2C(C1)CCC1C3CCCC3CCC21,0.9572
2200,T2091,1380087-89-7,Cc1noc2c1-c1ccccc1C(c1ccc(Cl)cc1)=N[C@H]2CC(N)=O,C20H16ClN3O2,365.82,4.07,81.48,1,4,3,3,4,0.15,26,1,0,none,0.9323,1.0,0.9594,T2091,Etomoxir,CPT1a (抑制剂/阴性对照),CPT1 不可逆抑制剂，作为脂肪酸氧化通路机制阴性对照,0.203,无明确优势骨架命中,,,0.0,0.2027,c1ccc(C2=NCc3oncc3-c3ccccc32)cc1,0.5811
2201,T86546,14204-32-1,O=C1c2ccccc2C(=O)N1Sc1ccc(Br)cc1,C14H8BrNO2S,334.19,3.75,37.38,0,3,2,2,3,0.0,19,1,0,none,0.938,0.9914,0.9594,T86546,A-769662,"AMPK (direct, beta1)",直接变构激活 AMPK beta1 亚基，磷酸化 ACC1/2 抑制 DNL,0.172,哌嗪/哌啶杂芳基甲酰胺,SCD1 / DGAT2,脂质酶抑制剂常见的环胺-酰胺连接模式，倾向作用于 SCD1/DGAT2 等内质网膜结合型脂质合成酶,0.55,0.4199,O=C1c2ccccc2C(=O)N1Sc1ccccc1,0.6896
2202,T25672,132449-46-8,Clc1cnn(CCCCN2CCN(c3ncccn3)CC2)c1,C15H21ClN6,320.83,1.93,50.08,0,5,6,2,3,0.533,22,1,0,none,0.9323,1.0,0.9594,T25672,PF-06424439 (DGAT2i),DGAT2,二酰甘油酰基转移酶2 抑制剂，直接阻断甘油三酯酯化终末步骤,0.179,无明确优势骨架命中,,,0.0,0.1791,c1cnc(N2CCN(CCCCn3cccn3)CC2)nc1,0.5692
2203,T2047,153436-53-4,COc1cc2ncnc(Nc3cccc(Cl)c3)c2cc1OC,C16H14ClN3O2,315.76,4.04,56.27,1,5,4,3,3,0.125,22,1,0,none,0.9381,0.9914,0.9594,T2047,Ranolazine,pFOX / 晚钠电流,部分脂肪酸氧化抑制，改善代谢底物利用,0.173,无明确优势骨架命中,,,0.0,0.1733,c1ccc(Nc2ncnc3ccccc23)cc1,0.5664
2204,T61831,181373-35-3,O=C(O)CCCCCN1C(=O)c2cccc3c(N4CCCCC4)ccc(c23)C1=O,C23H26N2O4,394.47,4.07,77.92,1,4,7,2,4,0.435,29,0,0,none,0.9323,1.0,0.9594,T61831,Alpha-lipoic acid,AMPK / 线粒体氧化还原,二硫戊环辅因子，改善线粒体功能并激活 AMPK,0.22,哌嗪/哌啶杂芳基甲酰胺,SCD1 / DGAT2,脂质酶抑制剂常见的环胺-酰胺连接模式，倾向作用于 SCD1/DGAT2 等内质网膜结合型脂质合成酶,0.55,0.4678,O=C1NC(=O)c2ccc(N3CCCCC3)c3cccc1c23,0.7136
2205,T1169,119637-67-1,CCOC(=O)CC(=O)N1CCSC1COc1ccccc1OC,C16H21NO5S,339.41,1.93,65.07,0,6,7,1,2,0.5,23,0,0,none,0.9322,1.0,0.9593,T1169,Ranolazine,pFOX / 晚钠电流,部分脂肪酸氧化抑制，改善代谢底物利用,0.333,无明确优势骨架命中,,,0.0,0.3333,c1ccc(OCC2NCCS2)cc1,0.6463
2206,T1739,55778-02-4,c1ccc(NCc2ccc(CNc3ccccn3)cc2)nc1,C18H18N4,290.37,3.7,49.84,2,4,6,3,3,0.111,22,0,0,none,0.991,0.9116,0.9593,T1739,Rosiglitazone,PPAR-gamma,TZD 类 PPAR-gamma 全激动剂，改善胰岛素抵抗与肝内脂肪蓄积,0.224,无明确优势骨架命中,,,0.0,0.2241,c1ccc(NCc2ccc(CNc3ccccn3)cc2)nc1,0.5917
2207,T83651,849459-86-5,N=C(N)NN=Cc1ccc(Br)c(Br)c1,C8H8Br2N4,319.99,2.03,74.26,3,2,2,1,1,0.0,14,2,0,none,0.9527,0.9692,0.9593,T83651,Metformin,"AMPK (indirect, complex I)",抑制线粒体复合物I 提升 AMP/ATP，间接激活 AMPK 磷酸化失活 ACC,0.175,无明确优势骨架命中,,,0.0,0.175,c1ccccc1,0.5672
2208,T22284,77-23-6,CCN(CC)CCOCCOC(=O)C1(c2ccccc2)CCCC1,C20H31NO3,333.47,3.4,38.77,0,4,10,1,2,0.65,24,0,0,none,0.9321,1.0,0.9593,T0464;T22284,Etomoxir,CPT1a (抑制剂/阴性对照),CPT1 不可逆抑制剂，作为脂肪酸氧化通路机制阴性对照,0.224,无明确优势骨架命中,,,0.0,0.2239,c1ccc(C2CCCC2)cc1,0.5916
2209,T22946,117690-79-6,CCc1cc(C(C)=O)c(O)cc1OCCCCCC(C)(C)c1nn[nH]n1,C19H28N4O3,360.46,3.59,100.99,2,6,10,2,2,0.579,26,0,0,none,0.9319,1.0,0.9592,T22946,Gemfibrozil,PPAR-alpha,苯氧戊酸类 PPAR-alpha 激动剂，抑制肝脏 VLDL-TG 分泌,0.273,无明确优势骨架命中,,,0.0,0.2727,c1ccc(OCCCCCCc2nn[nH]n2)cc1,0.616
2210,T39389,1965248-01-4,O=S(=O)(c1ccc(-c2ccsc2)cc1)N1CCN=C1N1CCN(C2CCC2)CC1,C21H26N4O2S2,430.6,2.95,56.22,0,6,4,2,5,0.476,29,0,0,none,1.0,0.8981,0.9592,T39389,Lanifibranor,PPAR pan (alpha/delta/gamma),泛 PPAR 激动，促进 beta-氧化、抑制脂肪生成与炎症纤维化,0.163,无明确优势骨架命中,,,0.0,0.1625,O=S(=O)(c1ccc(-c2ccsc2)cc1)N1CCN=C1N1CCN(C2CCC2)CC1,0.5609
2211,T26172,890888-12-7,CCCN(CCC)c1ncnc2c1cnn2-c1ccc(C)c(C)c1,C19H25N5,323.44,4.06,46.84,0,4,6,3,3,0.421,24,0,0,none,0.9318,1.0,0.9591,T26172,Gemfibrozil,PPAR-alpha,苯氧戊酸类 PPAR-alpha 激动剂，抑制肝脏 VLDL-TG 分泌,0.152,无明确优势骨架命中,,,0.0,0.1515,c1ccc(-n2ncc3cncnc32)cc1,0.5553
2212,T10508L,120164-49-0,Cc1c(O)c(C)c2sc(NCc3ccc(S(N)(=O)=O)cc3)nc2c1C,C17H19N3O3S2,377.49,3.19,105.31,3,6,4,3,3,0.235,25,0,0,none,0.9316,1.0,0.959,T10508;T10508L,GW501516,PPAR-delta,PPAR-delta 选择性激动，提升肝与骨骼肌脂肪酸氧化,0.2,无明确优势骨架命中,,,0.0,0.2,c1ccc(CNc2nc3ccccc3s2)cc1,0.5795
2213,T12589,1013098-90-2,Cc1nc(N)nc2c1cc(-c1cn[nH]c1)c(=O)n2C1CCCC1,C16H18N6O,310.36,2.19,102.48,2,5,2,3,4,0.375,23,0,0,none,0.9317,1.0,0.959,T12589,TVB-2640 (Denifanstat),FASN,脂肪酸合酶 beta-酮脂酰还原酶结构域抑制剂，直接阻断棕榈酸从头合成,0.176,无明确优势骨架命中,,,0.0,0.1758,O=c1c(-c2cn[nH]c2)cc2cncnc2n1C1CCCC1,0.5674
2214,T21561,162760-96-5,COc1ccccc1N1CCN(CCN(C(=O)C2CCCCC2)c2ccccn2)CC1,C25H34N4O2,422.57,3.83,48.91,0,5,7,2,4,0.52,31,0,0,none,0.9764,0.9329,0.959,T21561;T2631,Ranolazine,pFOX / 晚钠电流,部分脂肪酸氧化抑制，改善代谢底物利用,0.268,无明确优势骨架命中,,,0.0,0.2683,O=C(C1CCCCC1)N(CCN1CCN(c2ccccc2)CC1)c1ccccn1,0.6136
2215,TN1693,60008-02-8,CC1(C)C=Cc2c(ccc(-c3coc4cc(O)ccc4c3=O)c2O)O1,C20H16O5,336.34,4.06,79.9,2,5,1,3,4,0.15,25,0,0,none,0.9316,1.0,0.959,TN1693,Naringenin,PPAR-alpha / SREBP,柑橘黄烷酮，抑制脂肪生成基因并促进脂肪酸氧化,0.194,无明确优势骨架命中,,,0.0,0.194,O=c1c(-c2ccc3c(c2)C=CCO3)coc2ccccc12,0.5765
2216,T2102,2719-05-3,CC(=O)Nc1ccc(Cc2ccc(NC(C)=O)cc2)cc1,C17H18N2O2,282.34,3.19,58.2,2,2,4,2,2,0.176,21,0,0,none,1.0,0.8972,0.9589,T2102,Fenretinide (4-HPR),DES1 / RBP4,视黄酰胺，抑制二氢神经酰胺去饱和酶，改善肝脂肪变,0.217,无明确优势骨架命中,,,0.0,0.2167,c1ccc(Cc2ccccc2)cc1,0.5878
2217,T202246,93326-70-6,O=S(=O)(c1cccc2ccccc12)n1cnc2ccccc21,C17H12N2O2S,308.36,3.43,51.96,0,3,2,4,4,0.0,22,0,0,none,0.9705,0.9416,0.9589,T202246,Fluvastatin,HMGCR,全合成 HMGCR 抑制剂,0.164,无明确优势骨架命中,,,0.0,0.1644,O=S(=O)(c1cccc2ccccc12)n1cnc2ccccc21,0.5616
2218,T5531,101574-65-6,CC(C)c1ccc(/C=N/NC(=O)c2ccc(O)cc2)cc1,C17H18N2O2,282.34,3.28,61.69,2,3,4,2,2,0.176,21,0,0,none,1.0,0.8972,0.9589,T5531,Ezetimibe,NPC1L1,抑制胆固醇再摄取，降低肝内胆固醇酯负荷,0.219,无明确优势骨架命中,,,0.0,0.2188,O=C(NN=Cc1ccccc1)c1ccccc1,0.5888
2219,T22616,84379-13-5,CC(C)(C)OC(=O)c1ncn2c1[C@@H]1CCCN1C(=O)c1c(Br)cccc1-2,C19H20BrN3O3,418.29,3.88,64.43,0,4,1,2,4,0.421,26,1,0,none,0.9645,0.9505,0.9589,T22616,Ervogastat (PF-06865571),DGAT2,口服 DGAT2 抑制剂，降低肝内甘油三酯合成与 VLDL 分泌,0.186,哌嗪/哌啶杂芳基甲酰胺,SCD1 / DGAT2,脂质酶抑制剂常见的环胺-酰胺连接模式，倾向作用于 SCD1/DGAT2 等内质网膜结合型脂质合成酶,0.55,0.4335,O=C1c2ccccc2-n2cncc2C2CCCN12,0.6962
2220,TN1715,36531-08-5,COc1cc([C@H]2c3cc(O)c(OC)cc3C[C@@H](C)[C@@H]2C)ccc1O,C20H24O4,328.41,4.08,58.92,2,4,3,2,3,0.4,24,0,0,none,0.9314,1.0,0.9588,TN1715,Naringenin,PPAR-alpha / SREBP,柑橘黄烷酮，抑制脂肪生成基因并促进脂肪酸氧化,0.22,无明确优势骨架命中,,,0.0,0.2203,c1ccc(C2CCCc3ccccc32)cc1,0.5896
2221,T12758L,1312991-76-6,C[C@@H](CN1CCC(Cc2ccccc2)CC1)[C@@H](O)c1ccc(O)cc1,C22H29NO2,339.48,4.02,43.7,2,3,6,2,3,0.455,25,0,0,none,0.9313,1.0,0.9588,T12758;T12758L,Ezetimibe,NPC1L1,抑制胆固醇再摄取，降低肝内胆固醇酯负荷,0.254,无明确优势骨架命中,,,0.0,0.2537,c1ccc(CCCN2CCC(Cc3ccccc3)CC2)cc1,0.6062
2222,TN5888,4335-12-0,COc1cc2oc(=O)ccc2c(OC)c1CC=C(C)C,C16H18O4,274.32,3.32,48.67,0,4,4,2,2,0.312,20,0,0,none,0.9994,0.8978,0.9588,TN5888,Trimetazidine,3-KAT (长链硫解酶),部分脂肪酸氧化抑制剂，代谢调节剂,0.228,无明确优势骨架命中,,,0.0,0.2281,O=c1ccc2ccccc2o1,0.5934
2223,T6273,117570-53-3,Cc1ccc2c(=O)c3cccc(CC(=O)O)c3oc2c1C,C17H14O4,282.3,3.19,67.51,1,3,2,3,3,0.176,21,0,0,none,1.0,0.897,0.9588,T6273,Lanifibranor,PPAR pan (alpha/delta/gamma),泛 PPAR 激动，促进 beta-氧化、抑制脂肪生成与炎症纤维化,0.227,无明确优势骨架命中,,,0.0,0.2273,O=c1c2ccccc2oc2ccccc12,0.593
2224,T27275L,1198153-46-6,O=C(c1cc(Br)c(O)c(Br)c1)N1CCOc2ccncc21,C14H10Br2N2O3,414.05,3.35,62.66,1,4,1,2,3,0.143,21,2,0,none,0.9959,0.9029,0.9587,T27275L,Nicotinic acid (Niacin),HCAR2 / DGAT2,抑制脂肪组织脂解并弱抑制 DGAT2，减少肝内 VLDL 底物供应,0.24,哌嗪/哌啶杂芳基甲酰胺,SCD1 / DGAT2,脂质酶抑制剂常见的环胺-酰胺连接模式，倾向作用于 SCD1/DGAT2 等内质网膜结合型脂质合成酶,0.55,0.4875,O=C(c1ccccc1)N1CCOc2ccncc21,0.7231
2225,T1467,53164-05-9,COc1ccc2c(c1)c(CC(=O)OCC(=O)O)c(C)n2C(=O)c1ccc(Cl)cc1,C21H18ClNO6,415.83,3.47,94.83,1,5,6,3,3,0.19,29,1,0,none,0.9926,0.9079,0.9587,T1467,Fenofibric acid,PPAR-alpha,激活 PPAR-alpha 上调 CPT1/ACOX1，增强线粒体与过氧化物酶体脂肪酸氧化,0.286,无明确优势骨架命中,,,0.0,0.2857,O=C(c1ccccc1)n1ccc2ccccc21,0.6222
2226,T84916,374726-62-2,C#CCOc1ccc(CCNC(=O)C(OCC#C)c2ccc(Cl)cc2)cc1OC,C23H22ClNO4,411.89,3.41,56.79,1,4,10,2,2,0.261,29,1,0,none,0.9705,0.9407,0.9586,T84916,Bezafibrate,PPAR pan,泛 PPAR 弱激动剂，降低血浆与肝内甘油三酯,0.306,无明确优势骨架命中,,,0.0,0.3056,O=C(Cc1ccccc1)NCCc1ccccc1,0.6321
2227,T68161L,,CCOC(=O)c1cc(NC(=O)c2cccs2)ccc1OCC(O)CNC(C)(C)C,C21H28N2O5S,420.53,3.3,96.89,3,7,9,2,2,0.429,29,0,0,none,0.9701,0.9414,0.9586,T68161L,Ranolazine,pFOX / 晚钠电流,部分脂肪酸氧化抑制，改善代谢底物利用,0.25,无明确优势骨架命中,,,0.0,0.25,O=C(Nc1ccccc1)c1cccs1,0.6043
2228,T14566,1204329-34-9,CC(=O)N1CCC(c2ccc(C(=O)NC(=N)N)cc2C(F)(F)F)CC1,C16H19F3N4O2,356.35,2.05,99.28,3,3,2,1,2,0.438,25,3,0,none,0.9309,1.0,0.9585,T14566,Ervogastat (PF-06865571),DGAT2,口服 DGAT2 抑制剂，降低肝内甘油三酯合成与 VLDL 分泌,0.234,无明确优势骨架命中,,,0.0,0.2338,c1ccc(C2CCNCC2)cc1,0.5962
2229,T4163,266359-83-5,CC(C)Cc1ccc([C@@H](C)C(=O)NS(C)(=O)=O)cc1,C14H21NO3S,283.39,2.06,63.24,1,3,5,1,1,0.5,19,0,0,none,0.9593,0.9572,0.9585,T4163,Lanifibranor,PPAR pan (alpha/delta/gamma),泛 PPAR 激动，促进 beta-氧化、抑制脂肪生成与炎症纤维化,0.188,无明确优势骨架命中,,,0.0,0.1875,c1ccccc1,0.573
2230,T8932,2474876-09-8,CC(=O)Nc1c(F)cc(C(=O)N[C@H]2CC[C@H](O)CC2)cc1O[C@@H](C)c1ccccc1,C23H27FN2O4,414.48,3.96,87.66,3,4,6,2,3,0.391,30,1,0,none,0.9553,0.9634,0.9585,T8932,TVB-2640 (Denifanstat),FASN,脂肪酸合酶 beta-酮脂酰还原酶结构域抑制剂，直接阻断棕榈酸从头合成,0.204,无明确优势骨架命中,,,0.0,0.2043,O=C(NC1CCCCC1)c1cccc(OCc2ccccc2)c1,0.5814
2231,T12705,266359-93-7,CC(C)Cc1ccc([C@H](C)C(=O)NS(C)(=O)=O)cc1,C14H21NO3S,283.39,2.06,63.24,1,3,5,1,1,0.5,19,0,0,none,0.9593,0.9572,0.9585,T12705,Lanifibranor,PPAR pan (alpha/delta/gamma),泛 PPAR 激动，促进 beta-氧化、抑制脂肪生成与炎症纤维化,0.188,无明确优势骨架命中,,,0.0,0.1875,c1ccccc1,0.573
2232,T3502,363600-92-4,COc1cccc(/C=N/c2cccc(C(=O)O)c2C)c1O,C16H15NO4,285.3,3.16,79.12,2,4,4,2,2,0.125,21,0,0,none,1.0,0.896,0.9584,T3502,Salicylate,"AMPK (direct, beta1)",直接结合 AMPK beta1 变构位点，抑制脂肪生成,0.289,无明确优势骨架命中,,,0.0,0.2889,C(=Nc1ccccc1)c1ccccc1,0.6236
2233,T16861,154566-12-8,O=C(O)C[C@@]1(O)C[C@@H](CCCCCCc2ccc(Cl)cc2Cl)OC1=O,C18H22Cl2O5,389.28,4.01,83.83,2,4,9,1,2,0.556,25,2,0,none,0.9306,1.0,0.9584,T16861,C75,FASN,alpha-亚甲基-gamma-丁内酯类 FASN 抑制剂，同时升高丙二酰辅酶A,0.227,长链脂肪酸 / 类脂肪酸,PPAR-alpha / SREBP-1c,内源性脂肪酸配体样分子，直接激动 PPAR-alpha 上调氧化基因，并抑制 SREBP-1c 前体加工，降低脂肪生成,0.72,0.5513,O=C1CCC(CCCCCCc2ccccc2)O1,0.7548
2234,T8724,72401-54-8,COC1c2c(ccc3c2OCO3)-c2ccc3cc4c(cc3c2N1C)OCO4,C21H17NO5,363.37,4.06,49.39,0,6,1,3,6,0.238,27,0,0,none,0.9307,1.0,0.9584,T8724,Berberine,AMPK / PCSK9 / LDLR,原小檗碱型生物碱，激活 AMPK 并稳定 LDLR mRNA，HepG2 经典降脂阳性对照,0.286,无明确优势骨架命中,,,0.0,0.2857,c1cc2c(c3c1OCO3)CNc1c-2ccc2cc3c(cc12)OCO3,0.622
2235,T2004,184025-19-2,O=C(c1ccc(OCCCc2cnc[nH]2)cc1)C1CC1,C16H18N2O2,270.33,3.01,54.98,1,3,7,2,3,0.375,20,0,0,none,1.0,0.896,0.9584,T2004,Pioglitazone,PPAR-gamma,噻唑烷二酮胰岛素增敏剂，促进脂肪组织脂质再分布、降低肝细胞脂毒性,0.284,无明确优势骨架命中,,,0.0,0.2836,O=C(c1ccc(OCCCc2cnc[nH]2)cc1)C1CC1,0.621
2236,T23513,633283-39-3,Cc1cc(C)c2c(N)c(C(=O)NCc3ccc(Cl)cc3)sc2n1,C17H16ClN3OS,345.86,4.08,68.01,2,4,3,3,3,0.176,23,1,0,none,0.9306,1.0,0.9584,T23513,Bezafibrate,PPAR pan,泛 PPAR 弱激动剂，降低血浆与肝内甘油三酯,0.261,无明确优势骨架命中,,,0.0,0.2609,O=C(NCc1ccccc1)c1cc2cccnc2s1,0.6096
2237,T2253,491871-58-0,N#Cc1c(-c2ccccc2)cc(-c2cc(Br)ccc2O)[nH]c1=O,C18H11BrN2O2,367.2,4.05,76.88,2,3,2,3,3,0.0,23,1,0,none,0.9371,0.9898,0.9582,T2253,A-769662,"AMPK (direct, beta1)",直接变构激活 AMPK beta1 亚基，磷酸化 ACC1/2 抑制 DNL,0.431,无明确优势骨架命中,,,0.0,0.431,O=c1cc(-c2ccccc2)cc(-c2ccccc2)[nH]1,0.6946
2238,T73475,1446311-56-3,CCN1CCN(c2ccc3cc(-c4cn5cc(C)nc(C)c5n4)c(=O)oc3c2)C[C@@H]1C,C24H27N5O2,417.51,3.65,66.88,0,6,3,4,5,0.375,31,0,0,none,0.9655,0.9474,0.9582,T73475,TVB-2640 (Denifanstat),FASN,脂肪酸合酶 beta-酮脂酰还原酶结构域抑制剂，直接阻断棕榈酸从头合成,0.178,无明确优势骨架命中,,,0.0,0.1782,O=c1oc2cc(N3CCNCC3)ccc2cc1-c1cn2ccncc2n1,0.5682
2239,T12784,190967-35-2,CS(=O)(=O)Nc1ccc(Oc2ccc(F)cc2)s1,C11H10FNO3S2,287.34,3.05,55.4,1,4,4,2,2,0.091,18,1,0,none,1.0,0.8953,0.9581,T12784,Rosuvastatin,HMGCR,亲水性强效 HMGCR 抑制剂，肝选择性摄取(OATP1B1),0.171,无明确优势骨架命中,,,0.0,0.1711,c1ccc(Oc2cccs2)cc1,0.5646
2240,T2659,870483-87-7,COc1ccc(COc2ccc(Cc3cnc(N)nc3N)cc2OC)cc1,C20H22N4O3,366.42,2.83,105.51,2,7,7,3,3,0.2,27,0,0,none,0.93,1.0,0.958,T2659,Trimetazidine,3-KAT (长链硫解酶),部分脂肪酸氧化抑制剂，代谢调节剂,0.175,无明确优势骨架命中,,,0.0,0.1746,c1ccc(COc2ccc(Cc3cncnc3)cc2)cc1,0.5663
2241,T72576,419547-73-2,O=c1cc(Cc2ccccc2)[nH]c2c(-c3ccc(Cl)cc3)cnn12,C19H14ClN3O,335.79,3.93,50.16,1,2,3,4,4,0.053,24,1,0,none,0.9301,1.0,0.958,T72576,Telmisartan,PPAR-gamma partial / AT1R,AT1 受体拮抗兼 PPAR-gamma 部分激动，文献报道减轻肝细胞脂肪变,0.184,无明确优势骨架命中,,,0.0,0.1839,O=c1cc(Cc2ccccc2)[nH]c2c(-c3ccccc3)cnn12,0.571
2242,T15947,1071638-38-4,COc1ccc(CCN2CN=C(SCc3ccc(Cl)cc3)NC2)cc1OC,C20H24ClN3O2S,405.95,4.01,46.09,1,6,7,2,3,0.35,27,1,0,none,0.9404,0.9845,0.958,T15947,Trimetazidine,3-KAT (长链硫解酶),部分脂肪酸氧化抑制剂，代谢调节剂,0.258,无明确优势骨架命中,,,0.0,0.2581,c1ccc(CCN2CN=C(SCc3ccccc3)NC2)cc1,0.608
2243,T4552,804-30-8,CC(=C(CCO)SSCC1CCCO1)N(C=O)Cc1cnc(C)nc1N,C17H26N4O3S2,398.55,2.5,101.57,2,8,10,1,2,0.588,26,0,0,none,0.9299,1.0,0.9579,T4552,PF-06424439 (DGAT2i),DGAT2,二酰甘油酰基转移酶2 抑制剂，直接阻断甘油三酯酯化终末步骤,0.172,无明确优势骨架命中,,,0.0,0.1724,C(=CSSCC1CCCO1)NCc1cncnc1,0.5652
2244,T16109,298684-44-3,Cc1cc(Cl)ccc1OCCNC(=O)c1cccs1,C14H14ClNO2S,295.79,3.52,38.33,1,3,5,2,2,0.214,19,1,0,none,0.9586,0.9566,0.9578,T16109,Bezafibrate,PPAR pan,泛 PPAR 弱激动剂，降低血浆与肝内甘油三酯,0.273,无明确优势骨架命中,,,0.0,0.2727,O=C(NCCOc1ccccc1)c1cccs1,0.6152
2245,T6272,168555-66-6,COc1ccc(/C=C\c2cc(OC)c(OC)c(OC)c2)cc1OP(=O)(O)O,C18H21O8P,396.33,3.36,103.68,2,6,8,2,2,0.222,27,0,0,none,0.9403,0.9837,0.9577,T6272,Trimetazidine,3-KAT (长链硫解酶),部分脂肪酸氧化抑制剂，代谢调节剂,0.226,无明确优势骨架命中,,,0.0,0.2264,C(=Cc1ccccc1)c1ccccc1,0.592
2246,T14198,949164-09-4,N[C@@H](COC(c1cccc(F)c1)c1ccccc1OCc1ccccc1)C(=O)O,C23H22FNO4,395.43,3.92,81.78,2,4,9,3,3,0.174,29,1,0,none,0.9466,0.9743,0.9577,T14198,Ranolazine,pFOX / 晚钠电流,部分脂肪酸氧化抑制，改善代谢底物利用,0.198,无明确优势骨架命中,,,0.0,0.1975,c1ccc(COc2ccccc2Cc2ccccc2)cc1,0.5776
2247,T2781,2447-54-3,C[n+]1cc2c3c(ccc2c2ccc4cc5c(cc4c21)OCO5)OCO3,C20H14NO4+,332.34,3.43,40.8,0,4,0,4,6,0.15,25,0,0,none,0.9294,1.0,0.9576,T0129;T2781;TN7238L,Berberine,AMPK / PCSK9 / LDLR,原小檗碱型生物碱，激活 AMPK 并稳定 LDLR mRNA，HepG2 经典降脂阳性对照,0.297,原小檗碱型季铵异喹啉生物碱,AMPK / LDLR,小檗碱型生物碱抑制线粒体复合物I 激活 AMPK，并经 ERK 通路稳定 LDLR mRNA，为 HepG2 脂质蓄积模型的经典降脂阳性对照化学型,0.8,0.6569,c1cc2c(c[nH+]c3c4cc5c(cc4ccc23)OCO5)c2c1OCO2,0.8072
2248,T67719,,CCOC(=O)Nc1cc2nc3ccccc3oc-2cc1=O,C15H12N2O4,284.27,2.86,81.43,1,5,2,1,3,0.133,21,0,0,none,1.0,0.894,0.9576,T67719,Etomoxir,CPT1a (抑制剂/阴性对照),CPT1 不可逆抑制剂，作为脂肪酸氧化通路机制阴性对照,0.211,无明确优势骨架命中,,,0.0,0.2113,O=c1ccc2nc3ccccc3oc-2c1,0.5844
2249,T27612,881046-01-1,CN(C)CCCn1c(N)c(-c2nc3ccccc3[nH]2)c2nc3ccccc3nc21,C22H23N7,385.48,3.66,88.65,2,5,5,5,5,0.227,29,0,0,none,0.9293,1.0,0.9576,T27612,Telmisartan,PPAR-gamma partial / AT1R,AT1 受体拮抗兼 PPAR-gamma 部分激动，文献报道减轻肝细胞脂肪变,0.163,无明确优势骨架命中,,,0.0,0.163,c1ccc2nc3c(-c4nc5ccccc5[nH]4)c[nH]c3nc2c1,0.5603
2250,T35328,871543-07-6,Cc1cncc2cccc(S(=O)(=O)N3CCCNC[C@@H]3C)c12,C16H21N3O2S,319.43,1.92,62.3,1,4,2,2,3,0.438,22,0,0,none,0.9294,1.0,0.9576,T35328,Lanifibranor,PPAR pan (alpha/delta/gamma),泛 PPAR 激动，促进 beta-氧化、抑制脂肪生成与炎症纤维化,0.169,无明确优势骨架命中,,,0.0,0.1688,O=S(=O)(c1cccc2cnccc12)N1CCCNCC1,0.5632
2251,T9973,19948-85-7,Cc1ccc(-c2nnc(NC(=O)c3ccccc3)s2)cc1,C16H13N3OS,295.37,3.77,54.88,1,4,3,3,3,0.062,21,0,0,none,0.9844,0.9172,0.9575,T9973,GW501516,PPAR-delta,PPAR-delta 选择性激动，提升肝与骨骼肌脂肪酸氧化,0.254,无明确优势骨架命中,,,0.0,0.2535,O=C(Nc1nnc(-c2ccccc2)s1)c1ccccc1,0.6055
2252,T204091,,Cc1cc(-c2ccc3c(c2F)[C@@H](C)N([C@H]2CCC(=O)NC2=O)C3=O)nc(N)c1C,C21H21FN4O3,396.42,2.41,105.39,2,5,2,2,4,0.333,29,1,0,none,0.9291,1.0,0.9575,T204091,TVB-2640 (Denifanstat),FASN,脂肪酸合酶 beta-酮脂酰还原酶结构域抑制剂，直接阻断棕榈酸从头合成,0.14,哌嗪/哌啶杂芳基甲酰胺,SCD1 / DGAT2,脂质酶抑制剂常见的环胺-酰胺连接模式，倾向作用于 SCD1/DGAT2 等内质网膜结合型脂质合成酶,0.55,0.3875,O=C1CCC(N2Cc3cc(-c4ccccn4)ccc3C2=O)C(=O)N1,0.6725
2253,T6923,1306760-87-1,CC(C)Oc1ccc(-c2nc(-c3cccc4c3CC[C@@H]4NCCO)no2)cc1C#N,C23H24N4O3,404.47,3.63,104.2,2,7,7,3,4,0.348,30,0,0,none,0.9365,0.9891,0.9575,T62552;T6923,GW4064,FXR,非甾体高效 FXR 激动剂工具化合物，抑制 DNL 相关转录程序,0.167,无明确优势骨架命中,,,0.0,0.1667,c1ccc(-c2nc(-c3cccc4c3CCC4)no2)cc1,0.5621
2254,T5S2360,518-69-4,COc1cc2c(cc1OC)C1C(C)c3ccc(OC)c(OC)c3CN1CC2,C22H27NO4,369.46,3.94,40.16,0,5,4,2,4,0.455,27,0,0,none,0.9291,1.0,0.9575,T5S2360,Trimetazidine,3-KAT (长链硫解酶),部分脂肪酸氧化抑制剂，代谢调节剂,0.281,无明确优势骨架命中,,,0.0,0.2807,c1ccc2c(c1)CC1c3ccccc3CCN1C2,0.6191
2255,T2254,251992-66-2,Cc1ccc(Sc2cncc3sc(C(N)=O)cc23)cc1,C15H12N2OS2,300.41,3.85,55.98,1,4,3,3,3,0.067,20,0,0,none,0.9725,0.9348,0.9575,T2254,GW501516,PPAR-delta,PPAR-delta 选择性激动，提升肝与骨骼肌脂肪酸氧化,0.19,无明确优势骨架命中,,,0.0,0.1899,c1ccc(Sc2cncc3sccc23)cc1,0.5737
2256,T39115,1638200-22-2,COc1ncc(S(=O)(=O)Nc2cncc(Cl)c2O)cc1Br,C11H9BrClN3O4S,394.63,2.41,101.41,2,6,4,2,2,0.091,21,2,0,none,0.9585,0.9559,0.9575,T39115,VK2809 active acid (MB07344),THR-beta,肝靶向 THR-beta 激动剂活性代谢物；促进脂肪酸氧化与 LDL-C 清除,0.169,无明确优势骨架命中,,,0.0,0.169,O=S(=O)(Nc1cccnc1)c1cccnc1,0.5632
2257,T14151,4906-68-7,O=C(O)c1cc(-c2ccccc2)cc(Br)c1O,C13H9BrO3,293.12,3.52,57.53,2,2,2,2,2,0.0,17,1,0,none,0.9999,0.8937,0.9574,T14151,Salicylate,"AMPK (direct, beta1)",直接结合 AMPK beta1 变构位点，抑制脂肪生成,0.406,无明确优势骨架命中,,,0.0,0.4062,c1ccc(-c2ccccc2)cc1,0.6818
2258,TQ0113,192314-93-5,COc1cc(Cc2cnc(N)nc2N)c2c(c1OC)OC(C1CC1)C=C2,C19H22N4O3,354.41,2.43,105.51,2,7,5,2,4,0.368,26,0,0,none,0.929,1.0,0.9574,TQ0113,Berberine,AMPK / PCSK9 / LDLR,原小檗碱型生物碱，激活 AMPK 并稳定 LDLR mRNA，HepG2 经典降脂阳性对照,0.181,无明确优势骨架命中,,,0.0,0.1807,C1=CC(C2CC2)Oc2cccc(Cc3cncnc3)c21,0.5691
2259,T9521,1458630-17-5,CCCNc1ccc2ncc(-c3ccc4[nH]ncc4c3)n2n1,C16H16N6,292.35,3.09,70.9,2,4,4,4,4,0.188,22,0,0,none,0.9705,0.9379,0.9574,T9521,Pioglitazone,PPAR-gamma,噻唑烷二酮胰岛素增敏剂，促进脂肪组织脂质再分布、降低肝细胞脂毒性,0.15,无明确优势骨架命中,,,0.0,0.15,c1cnn2c(-c3ccc4[nH]ncc4c3)cnc2c1,0.5537
2260,T79105,357158-20-4,O=c1nc(C=Cc2cccc(Br)c2)cc(C(F)(F)F)[nH]1,C13H8BrF3N2O,345.12,3.72,45.75,1,2,2,2,2,0.077,20,4,0,none,0.9833,0.9184,0.9574,T79105,GW4064,FXR,非甾体高效 FXR 激动剂工具化合物，抑制 DNL 相关转录程序,0.161,无明确优势骨架命中,,,0.0,0.1609,O=c1nc(C=Cc2ccccc2)cc[nH]1,0.5592
2261,T14954,1861-32-1,COC(=O)c1c(Cl)c(Cl)c(C(=O)OC)c(Cl)c1Cl,C10H6Cl4O4,331.97,3.87,52.6,0,4,2,1,1,0.2,18,4,0,none,0.9697,0.9388,0.9573,T14954,Fenofibric acid,PPAR-alpha,激活 PPAR-alpha 上调 CPT1/ACOX1，增强线粒体与过氧化物酶体脂肪酸氧化,0.205,无明确优势骨架命中,,,0.0,0.2051,c1ccccc1,0.5812
2262,T84320,1214914-38-1,C[C@@H]1CN(C[C@@H](c2cccc(OC(F)(F)F)c2)C2(O)CCCCC2)C[C@H](C)N1,C21H31F3N2O2,400.48,4.05,44.73,2,4,5,1,3,0.714,28,3,0,none,0.9289,1.0,0.9573,T84320,TVB-2640 (Denifanstat),FASN,脂肪酸合酶 beta-酮脂酰还原酶结构域抑制剂，直接阻断棕榈酸从头合成,0.183,无明确优势骨架命中,,,0.0,0.1828,c1ccc(C(CN2CCNCC2)C2CCCCC2)cc1,0.5701
2263,TN1891,104691-86-3,CC(C)=CCc1c(O)cc(O)c2c(=O)c(-c3ccc(O)cc3)coc12,C20H18O5,338.36,4.09,90.9,3,5,3,3,3,0.15,25,0,0,none,0.9289,1.0,0.9573,TN1891,Naringenin,PPAR-alpha / SREBP,柑橘黄烷酮，抑制脂肪生成基因并促进脂肪酸氧化,0.203,无明确优势骨架命中,,,0.0,0.2031,O=c1c(-c2ccccc2)coc2ccccc12,0.5802
2264,TN5254,51225-30-0,CC(C)=CCc1c(O)cc2occ(-c3ccc(O)cc3)c(=O)c2c1O,C20H18O5,338.36,4.09,90.9,3,5,3,3,3,0.15,25,0,0,none,0.9289,1.0,0.9573,TN5254,Naringenin,PPAR-alpha / SREBP,柑橘黄烷酮，抑制脂肪生成基因并促进脂肪酸氧化,0.2,无明确优势骨架命中,,,0.0,0.2,O=c1c(-c2ccccc2)coc2ccccc12,0.5786
2265,TN1861,72357-31-4,CC(C)=CCc1c(O)cc(O)c2c(=O)cc(-c3ccc(O)cc3)oc12,C20H18O5,338.36,4.09,90.9,3,5,3,3,3,0.15,25,0,0,none,0.9289,1.0,0.9573,TN1861,Naringenin,PPAR-alpha / SREBP,柑橘黄烷酮，抑制脂肪生成基因并促进脂肪酸氧化,0.226,黄酮/黄烷酮母核,AMPK / SREBP-1c,黄酮类多酚激活 AMPK-SIRT1 轴，抑制 SREBP-1c/FAS/ACC 表达并促进脂噬,0.6,0.4958,O=c1cc(-c2ccccc2)oc2ccccc12,0.7266
2266,T23711,850692-43-2,C[C@@H]1CN(C[C@H](c2cccc(OC(F)(F)F)c2)C2(O)CCCCC2)C[C@H](C)N1,C21H31F3N2O2,400.48,4.05,44.73,2,4,5,1,3,0.714,28,3,0,none,0.9289,1.0,0.9573,T23711,TVB-2640 (Denifanstat),FASN,脂肪酸合酶 beta-酮脂酰还原酶结构域抑制剂，直接阻断棕榈酸从头合成,0.183,无明确优势骨架命中,,,0.0,0.1828,c1ccc(C(CN2CCNCC2)C2CCCCC2)cc1,0.5701
2267,T68122,72830-39-8,Cc1nc[nH]c1CSCCNc1ncc(Cc2ccc3c(c2)OCO3)c(=O)[nH]1,C19H21N5O3S,399.48,2.47,104.92,3,7,8,3,4,0.316,28,0,0,none,0.9304,0.9975,0.9572,T68122;T68122L,GW501516,PPAR-delta,PPAR-delta 选择性激动，提升肝与骨骼肌脂肪酸氧化,0.165,无明确优势骨架命中,,,0.0,0.1649,O=c1[nH]c(NCCSCc2cnc[nH]2)ncc1Cc1ccc2c(c1)OCO2,0.5611
2268,T78605,1092788-23-2,CC(C)n1nc(-c2ccc3ccccc3c2)c2c(N)ncnc21,C18H17N5,303.37,3.81,69.62,1,4,2,4,4,0.167,23,0,0,none,0.9494,0.9689,0.9572,T78605,Rosuvastatin,HMGCR,亲水性强效 HMGCR 抑制剂，肝选择性摄取(OATP1B1),0.153,无明确优势骨架命中,,,0.0,0.1529,c1ccc2cc(-c3n[nH]c4ncncc34)ccc2c1,0.555
2269,T0321,31842-01-0,CC(C(=O)O)c1ccc(N2Cc3ccccc3C2=O)cc1,C17H15NO3,281.31,3.04,57.61,1,2,3,2,3,0.176,21,0,0,none,1.0,0.893,0.9572,T0321,Salicylate,"AMPK (direct, beta1)",直接结合 AMPK beta1 变构位点，抑制脂肪生成,0.196,哌嗪/哌啶杂芳基甲酰胺,SCD1 / DGAT2,脂质酶抑制剂常见的环胺-酰胺连接模式，倾向作用于 SCD1/DGAT2 等内质网膜结合型脂质合成酶,0.55,0.4432,O=C1c2ccccc2CN1c1ccccc1,0.7002
2270,T6091,343787-29-1,COCCOc1ccc2c(c1)ncn2-c1ccc2cccc(N3CCC(N)CC3)c2n1,C24H27N5O2,417.51,3.53,78.43,1,6,6,4,5,0.333,31,0,0,none,0.9703,0.937,0.957,T6091,TVB-2640 (Denifanstat),FASN,脂肪酸合酶 beta-酮脂酰还原酶结构域抑制剂，直接阻断棕榈酸从头合成,0.184,无明确优势骨架命中,,,0.0,0.1837,c1cc(N2CCCCC2)c2nc(-n3cnc4ccccc43)ccc2c1,0.5704
2271,T17101,61220-69-7,O=C(O)Cc1ccc2c(c1)SCc1ccccc1C2=O,C16H12O3S,284.34,3.15,54.37,1,3,2,2,3,0.125,20,0,0,none,1.0,0.8922,0.9569,T17101,Lanifibranor,PPAR pan (alpha/delta/gamma),泛 PPAR 激动，促进 beta-氧化、抑制脂肪生成与炎症纤维化,0.302,二芳醚/二芳酮 + 羧酸,PPAR / THR-beta (通用核受体),核受体配体常见的疏水二芳基骨架 + 酸性头基组合，倾向结合 PPAR/THR 等脂代谢核受体配体口袋,0.5,0.5266,O=C1c2ccccc2CSc2ccccc21,0.7417
2272,T1095,110871-86-8,C[C@@H]1CN(c2c(F)c(N)c3c(=O)c(C(=O)O)cn(C4CC4)c3c2F)C[C@H](C)N1,C19H22F2N4O3,392.41,2.08,100.59,3,5,3,2,4,0.474,28,2,0,none,0.928,1.0,0.9568,T1095,Salicylate,"AMPK (direct, beta1)",直接结合 AMPK beta1 变构位点，抑制脂肪生成,0.155,无明确优势骨架命中,,,0.0,0.1552,O=c1ccn(C2CC2)c2cc(N3CCNCC3)ccc12,0.556
2273,T27918,26766-35-8,OC(c1ccc(Cl)cc1)(c1ccc(Cl)cc1)c1cncnc1,C17H12Cl2N2O,331.2,4.07,46.01,1,3,3,3,3,0.059,22,2,0,none,0.928,1.0,0.9568,T27918,Fenofibric acid,PPAR-alpha,激活 PPAR-alpha 上调 CPT1/ACOX1，增强线粒体与过氧化物酶体脂肪酸氧化,0.227,无明确优势骨架命中,,,0.0,0.2273,c1ccc(C(c2ccccc2)c2cncnc2)cc1,0.592
2274,T9807,15658-35-2,O=C(O)c1ccc(SSc2ccc(C(=O)O)cn2)nc1,C12H8N2O4S2,308.34,2.67,100.38,2,6,5,2,2,0.0,20,0,0,none,0.967,0.9415,0.9568,T9807,Nicotinic acid (Niacin),HCAR2 / DGAT2,抑制脂肪组织脂解并弱抑制 DGAT2，减少肝内 VLDL 底物供应,0.419,无明确优势骨架命中,,,0.0,0.4194,c1ccc(SSc2ccccn2)nc1,0.6881
2275,T4611,75816-14-7,CCOC(=O)C(Cc1c[nH]c2ccc(Br)cc12)(NC(C)=O)C(=O)OCC,C18H21BrN2O5,425.28,2.47,97.49,2,5,7,2,2,0.389,26,1,0,none,0.9823,0.9186,0.9568,T4611,Etomoxir,CPT1a (抑制剂/阴性对照),CPT1 不可逆抑制剂，作为脂肪酸氧化通路机制阴性对照,0.192,无明确优势骨架命中,,,0.0,0.1918,c1ccc2[nH]ccc2c1,0.5743
2276,T9589,1392816-46-4,OCCNc1nc(NCCc2ccccc2)c2cnn(C=Cc3ccccc3)c2n1,C23H24N6O,400.49,3.51,87.89,3,6,9,4,4,0.174,30,0,0,none,0.9555,0.9588,0.9568,T9589,Bezafibrate,PPAR pan,泛 PPAR 弱激动剂，降低血浆与肝内甘油三酯,0.167,无明确优势骨架命中,,,0.0,0.1667,C(=Cn1ncc2c(NCCc3ccccc3)ncnc21)c1ccccc1,0.5618
2277,T1998,200484-11-3,N#CN/C(=N\c1ccncc1)NCCCCCCOc1ccc(Cl)cc1,C19H22ClN5O,371.87,4.02,82.33,2,4,9,2,2,0.316,26,1,0,none,0.9277,1.0,0.9566,T1998,Etomoxir,CPT1a (抑制剂/阴性对照),CPT1 不可逆抑制剂，作为脂肪酸氧化通路机制阴性对照,0.299,无明确优势骨架命中,,,0.0,0.2985,C(=Nc1ccncc1)NCCCCCCOc1ccccc1,0.6276
2278,T12483,871351-61-0,CCN1CCC(c2cccc(S(C)(=O)=O)c2F)CC1,C14H20FNO2S,285.38,2.43,37.38,0,3,3,1,2,0.571,19,1,0,none,0.951,0.965,0.9566,T12483;T33816,Ranolazine,pFOX / 晚钠电流,部分脂肪酸氧化抑制，改善代谢底物利用,0.162,无明确优势骨架命中,,,0.0,0.1622,c1ccc(C2CCNCC2)cc1,0.5594
2279,T9735,342417-01-0,Cc1ccccc1-c1cc(N2CCN(C)CC2)ncc1C(N)=O,C18H22N4O,310.4,1.91,62.46,1,4,3,2,3,0.333,23,0,0,none,0.9276,1.0,0.9566,T9735,Ranolazine,pFOX / 晚钠电流,部分脂肪酸氧化抑制，改善代谢底物利用,0.247,无明确优势骨架命中,,,0.0,0.2466,c1ccc(-c2ccnc(N3CCNCC3)c2)cc1,0.6016
2280,T27117,1645260-76-9,COc1cc(N)c(Cl)cc1C(=O)NCC1CCN(CCCn2ccnn2)CC1,C19H27ClN6O2,406.92,2.05,98.3,2,6,8,2,3,0.526,28,1,0,none,0.932,0.9936,0.9566,T27117,Ranolazine,pFOX / 晚钠电流,部分脂肪酸氧化抑制，改善代谢底物利用,0.185,无明确优势骨架命中,,,0.0,0.1848,O=C(NCC1CCN(CCCn2ccnn2)CC1)c1ccccc1,0.5707
2281,T34616,883631-51-4,CCN1CCC(c2cc(F)cc(S(C)(=O)=O)c2)CC1,C14H20FNO2S,285.38,2.43,37.38,0,3,3,1,2,0.571,19,1,0,none,0.951,0.965,0.9566,T34616,Lanifibranor,PPAR pan (alpha/delta/gamma),泛 PPAR 激动，促进 beta-氧化、抑制脂肪生成与炎症纤维化,0.179,无明确优势骨架命中,,,0.0,0.1791,c1ccc(C2CCNCC2)cc1,0.5678
2282,T15366,478296-72-9,CC(OC(=O)NCC1(CC(=O)O)CCCCC1)OC(=O)C(C)C,C16H27NO6,329.39,2.68,101.93,2,5,7,0,1,0.812,23,0,0,none,0.9274,1.0,0.9565,T15366,Chenodeoxycholic acid,FXR,内源性 FXR 配体，调控胆汁酸稳态并抑制肝脏脂肪生成,0.169,无明确优势骨架命中,,,0.0,0.169,C1CCCCC1,0.5628
2283,T29164,134217-27-9,COc1cccc(CS(=O)c2nc3cnccc3[nH]2)c1,C14H13N3O2S,287.34,2.27,67.87,1,4,4,3,3,0.143,20,0,0,none,0.9887,0.9083,0.9565,T29164,Nicotinic acid (Niacin),HCAR2 / DGAT2,抑制脂肪组织脂解并弱抑制 DGAT2，减少肝内 VLDL 底物供应,0.179,无明确优势骨架命中,,,0.0,0.1786,O=S(Cc1ccccc1)c1nc2cnccc2[nH]1,0.5676
2284,T9876,80305-11-9,COc1cc(CN2CCN(c3ccc(F)cc3)CC2)cc(OC)c1OC,C20H25FN2O3,360.43,3.17,34.17,0,5,6,2,3,0.4,26,1,0,none,0.9273,1.0,0.9564,T9876,Trimetazidine,3-KAT (长链硫解酶),部分脂肪酸氧化抑制剂，代谢调节剂,0.36,无明确优势骨架命中,,,0.0,0.36,c1ccc(CN2CCN(c3ccccc3)CC2)cc1,0.6582
2285,T23481,157013-32-6,Cc1cc2c(N3CCCC3)nc(N3CCCC3)nc2n1C,C16H23N5,285.39,2.48,37.19,0,4,2,2,4,0.625,21,0,0,none,0.9507,0.9651,0.9564,T23481,TVB-2640 (Denifanstat),FASN,脂肪酸合酶 beta-酮脂酰还原酶结构域抑制剂，直接阻断棕榈酸从头合成,0.182,无明确优势骨架命中,,,0.0,0.1818,c1cc2c(N3CCCC3)nc(N3CCCC3)nc2[nH]1,0.5691
2286,T0683,73573-88-3,CC[C@H](C)C(=O)O[C@H]1CCC=C2C=C[C@H](C)[C@H](CC[C@@H]3C[C@@H](O)CC(=O)O3)[C@H]21,C23H34O5,390.52,3.95,72.83,1,5,6,0,3,0.739,28,0,0,none,0.9272,1.0,0.9563,T0683,Lovastatin,HMGCR,天然内酯型 HMGCR 抑制剂前药,0.773,statin delta-内酯前药,HMGCR,"内酯型前药经肝细胞羧酸酯酶开环为活性 3,5-二羟基戊酸，抑制 HMGCR",0.88,0.946,O=C1CCCC(CCC2CC=CC3=CCCCC32)O1,0.9512
2287,T60534,676594-38-0,COC(=O)c1sccc1NC(=O)Cc1cccs1,C12H11NO3S2,281.36,2.78,55.4,1,5,4,2,2,0.167,18,0,0,none,1.0,0.8907,0.9563,T60534,Ranolazine,pFOX / 晚钠电流,部分脂肪酸氧化抑制，改善代谢底物利用,0.194,无明确优势骨架命中,,,0.0,0.1944,O=C(Cc1cccs1)Nc1ccsc1,0.5754
2288,T50031,88909-96-0,O=C(O)CCCN1C(=O)c2cccc3cccc(c23)C1=O,C16H13NO4,283.28,2.3,74.68,1,3,4,2,3,0.188,21,0,0,none,0.9911,0.9037,0.9562,T50031,EPA (Eicosapentaenoic acid),PPAR-alpha / SREBP-1c,omega-3 多不饱和脂肪酸，激活 PPAR-alpha 并抑制 SREBP-1c 成熟,0.244,哌嗪/哌啶杂芳基甲酰胺,SCD1 / DGAT2,脂质酶抑制剂常见的环胺-酰胺连接模式，倾向作用于 SCD1/DGAT2 等内质网膜结合型脂质合成酶,0.55,0.4919,O=C1NC(=O)c2cccc3cccc1c23,0.7241
2289,T71404,1130067-18-3,O=C(NCCN1CCC(n2c(=O)[nH]c3ccccc32)CC1)c1ccc2ccccc2c1,C25H26N4O2,414.51,3.55,70.13,2,3,5,4,5,0.28,31,0,0,none,0.9699,0.9355,0.9561,T71404,Bezafibrate,PPAR pan,泛 PPAR 弱激动剂，降低血浆与肝内甘油三酯,0.205,无明确优势骨架命中,,,0.0,0.2051,O=C(NCCN1CCC(n2c(=O)[nH]c3ccccc32)CC1)c1ccc2ccccc2c1,0.5806
2290,T15363,2204290-85-5,O=C(Nc1cc(O)cc(C(=O)O)c1)Nc1ccc2ccccc2c1,C18H14N2O4,322.32,3.89,98.66,4,3,3,3,3,0.0,24,0,0,none,0.9441,0.9737,0.956,T15363,Salicylate,"AMPK (direct, beta1)",直接结合 AMPK beta1 变构位点，抑制脂肪生成,0.268,无明确优势骨架命中,,,0.0,0.2683,O=C(Nc1ccccc1)Nc1ccc2ccccc2c1,0.6122
2291,T78210,2648257-56-9,O=C(NCc1ccc2cc(CNCC3CCC3)[nH]c2c1)c1cc(=O)n2ccccc2n1,C24H25N5O2,415.5,3.0,91.29,3,4,7,4,5,0.292,31,0,0,none,0.97,0.9345,0.9558,T78210,Rosiglitazone,PPAR-gamma,TZD 类 PPAR-gamma 全激动剂，改善胰岛素抵抗与肝内脂肪蓄积,0.16,无明确优势骨架命中,,,0.0,0.1596,O=C(NCc1ccc2cc(CNCC3CCC3)[nH]c2c1)c1cc(=O)n2ccccc2n1,0.5577
2292,T15597,1395347-24-6,CN1CC(=O)N2[C@H](c3c[nH]c4ccc(Cl)cc34)c3cc4c(cc3C[C@H]2C1=O)OCO4,C22H18ClN3O4,423.86,2.86,74.87,1,4,1,3,6,0.273,30,1,0,none,0.9959,0.8956,0.9558,T15597,Berberine,AMPK / PCSK9 / LDLR,原小檗碱型生物碱，激活 AMPK 并稳定 LDLR mRNA，HepG2 经典降脂阳性对照,0.184,无明确优势骨架命中,,,0.0,0.1839,O=C1NCC(=O)N2C1Cc1cc3c(cc1C2c1c[nH]c2ccccc12)OCO3,0.5698
2293,T84285,474255-10-2,COc1ccc(C(=O)COc2ccc(N3C(=O)C4C5C=CC(C6CC56)C4C3=O)cc2)cc1,C26H23NO5,429.47,3.51,72.91,0,5,6,2,7,0.346,32,0,0,none,1.0,0.8896,0.9558,T84285,Etomoxir,CPT1a (抑制剂/阴性对照),CPT1 不可逆抑制剂，作为脂肪酸氧化通路机制阴性对照,0.208,无明确优势骨架命中,,,0.0,0.2083,O=C(COc1ccc(N2C(=O)C3C4C=CC(C5CC45)C3C2=O)cc1)c1ccccc1,0.582
2294,T77694,345986-38-1,N#CC(c1ccnc(Cl)n1)c1nc2ccccc2s1,C13H7ClN4S,286.75,3.4,62.46,0,5,2,3,3,0.077,19,1,0,none,1.0,0.8895,0.9558,T77694,A-769662,"AMPK (direct, beta1)",直接变构激活 AMPK beta1 亚基，磷酸化 ACC1/2 抑制 DNL,0.141,无明确优势骨架命中,,,0.0,0.1408,c1ccc2sc(Cc3ccncn3)nc2c1,0.5483
2295,T16481,1331782-27-4,OC1(CN2CCC(COc3noc4cccc(O[C@@H]5CCOC5)c34)CC2)CCOCC1,C23H32N2O6,432.52,2.63,86.42,1,8,7,2,5,0.696,31,0,0,none,1.0,0.8894,0.9558,T16481,TVB-2640 (Denifanstat),FASN,脂肪酸合酶 beta-酮脂酰还原酶结构域抑制剂，直接阻断棕榈酸从头合成,0.178,无明确优势骨架命中,,,0.0,0.1782,c1cc(OC2CCOC2)c2c(OCC3CCN(CC4CCOCC4)CC3)noc2c1,0.567
2296,T5S0662,509-15-9,C=CC12CN(C)C3C4CO[C@H](C[C@H]41)[C@]1(C(=O)Nc4ccccc41)C32,C20H22N2O2,322.41,2.03,41.57,1,3,1,1,6,0.55,24,0,0,none,0.9263,1.0,0.9558,T5S0662,Rosiglitazone,PPAR-gamma,TZD 类 PPAR-gamma 全激动剂，改善胰岛素抵抗与肝内脂肪蓄积,0.135,无明确优势骨架命中,,,0.0,0.1348,O=C1Nc2ccccc2C12C1CC3C(CO1)C1NCC3C12,0.5453
2297,T11838,1204975-42-7,Cc1c(Cc2ccccc2)nnc(N2CCN(c3cnc(C(C)(C)O)cn3)C(C)C2)c1C,C25H32N6O,432.57,3.42,78.27,1,7,5,3,4,0.44,32,0,0,none,1.0,0.8892,0.9557,T11838,GW501516,PPAR-delta,PPAR-delta 选择性激动，提升肝与骨骼肌脂肪酸氧化,0.17,无明确优势骨架命中,,,0.0,0.1702,c1ccc(Cc2ccc(N3CCN(c4cnccn4)CC3)nn2)cc1,0.5629
2298,T27044,1223-36-5,CCN(CC)CCNC(=O)COc1ccc(Cl)cc1,C14H21ClN2O2,284.79,2.18,41.57,1,3,8,1,1,0.5,19,1,0,none,0.9509,0.9627,0.9557,T27044,Etomoxir,CPT1a (抑制剂/阴性对照),CPT1 不可逆抑制剂，作为脂肪酸氧化通路机制阴性对照,0.351,无明确优势骨架命中,,,0.0,0.3509,c1ccccc1,0.6533
2299,TN7293,145265-02-7,COc1cc(C[C@H](CO)[C@@H](CO)Cc2ccc(O)c(OC)c2)ccc1O,C20H26O6,362.42,2.12,99.38,4,6,9,2,2,0.4,26,0,0,none,0.9261,1.0,0.9556,TN7293,Trimetazidine,3-KAT (长链硫解酶),部分脂肪酸氧化抑制剂，代谢调节剂,0.2,无明确优势骨架命中,,,0.0,0.2,c1ccc(CCCCc2ccccc2)cc1,0.5778
2300,T35182,50264-78-3,Cc1ccc(Cn2nc(C(=O)O)c3ccccc32)c(C)c1,C17H16N2O2,280.33,3.4,55.12,1,2,3,3,3,0.176,21,0,0,none,1.0,0.889,0.9556,T35182,Gemfibrozil,PPAR-alpha,苯氧戊酸类 PPAR-alpha 激动剂，抑制肝脏 VLDL-TG 分泌,0.254,无明确优势骨架命中,,,0.0,0.2542,c1ccc(Cn2ncc3ccccc32)cc1,0.6049
2301,T79784,1860797-76-7,Cc1ccc2c(c1)C(=O)N(c1ccc(NC(=O)c3occc3C)c(F)c1)C2=O,C21H15FN2O4,378.36,4.09,79.62,1,4,3,3,4,0.095,28,1,0,none,0.9285,0.9963,0.9556,T79784,Gemfibrozil,PPAR-alpha,苯氧戊酸类 PPAR-alpha 激动剂，抑制肝脏 VLDL-TG 分泌,0.186,哌嗪/哌啶杂芳基甲酰胺,SCD1 / DGAT2,脂质酶抑制剂常见的环胺-酰胺连接模式，倾向作用于 SCD1/DGAT2 等内质网膜结合型脂质合成酶,0.55,0.4332,O=C(Nc1ccc(N2C(=O)c3ccccc3C2=O)cc1)c1ccco1,0.6944
2302,TN2197,29388-59-8,COc1cc(C[C@@H](CO)[C@H](CO)Cc2ccc(O)c(OC)c2)ccc1O,C20H26O6,362.42,2.12,99.38,4,6,9,2,2,0.4,26,0,0,none,0.9261,1.0,0.9556,TN2197,Trimetazidine,3-KAT (长链硫解酶),部分脂肪酸氧化抑制剂，代谢调节剂,0.2,无明确优势骨架命中,,,0.0,0.2,c1ccc(CCCCc2ccccc2)cc1,0.5778
2303,T65550,788136-89-0,COc1cc2ncnc(Nc3ccc(F)c(Cl)c3)c2cc1OC(C)=O,C17H13ClFN3O3,361.76,4.1,73.34,1,6,4,3,3,0.118,25,2,0,none,0.9259,1.0,0.9556,T65550,GW4064,FXR,非甾体高效 FXR 激动剂工具化合物，抑制 DNL 相关转录程序,0.179,无明确优势骨架命中,,,0.0,0.1789,c1ccc(Nc2ncnc3ccccc23)cc1,0.5672
2304,T8233,1550053-02-5,CC(=O)Nc1ccc(C(=O)Nc2ccc(F)cc2N)cc1,C15H14FN3O2,287.29,2.62,84.22,3,3,3,2,2,0.067,21,1,0,none,1.0,0.889,0.9556,T8233,Atorvastatin,HMGCR,HMG-CoA 还原酶抑制，降低胆固醇合成并上调 LDLR,0.208,无明确优势骨架命中,,,0.0,0.2078,O=C(Nc1ccccc1)c1ccccc1,0.5817
2305,T70007,1996636-69-1,Cc1cc(NCCCN(C)C)nc(NC(=O)Nc2ccc(Cl)c(Cl)c2)n1,C17H22Cl2N6O,397.31,4.1,82.18,3,5,7,2,2,0.353,26,2,0,none,0.926,1.0,0.9556,T70007,Lanifibranor,PPAR pan (alpha/delta/gamma),泛 PPAR 激动，促进 beta-氧化、抑制脂肪生成与炎症纤维化,0.163,无明确优势骨架命中,,,0.0,0.1625,O=C(Nc1ccccc1)Nc1ncccn1,0.5591
2306,T8107,835598-94-2,CCOC(=O)c1c(NC(=O)CN2CCN(C(=O)c3ccco3)CC2)sc2c1CCC2,C21H25N3O5S,431.51,2.4,92.09,1,7,6,2,4,0.476,30,0,0,none,0.9965,0.894,0.9555,T8107,Ranolazine,pFOX / 晚钠电流,部分脂肪酸氧化抑制，改善代谢底物利用,0.282,哌嗪/哌啶杂芳基甲酰胺,SCD1 / DGAT2,脂质酶抑制剂常见的环胺-酰胺连接模式，倾向作用于 SCD1/DGAT2 等内质网膜结合型脂质合成酶,0.55,0.5299,O=C(CN1CCN(C(=O)c2ccco2)CC1)Nc1cc2c(s1)CCC2,0.7427
2307,T20800,64808-48-6,O=C(O)c1ccccc1Nc1cc(Cl)ccc1C(=O)O,C14H10ClNO4,291.69,3.48,86.63,3,3,4,2,2,0.0,20,1,0,none,1.0,0.8886,0.9555,T20800,Salicylate,"AMPK (direct, beta1)",直接结合 AMPK beta1 变构位点，抑制脂肪生成,0.382,无明确优势骨架命中,,,0.0,0.3824,c1ccc(Nc2ccccc2)cc1,0.669
2308,T3153,1268454-23-4,Nc1nc2cc(-c3ccc4ncc(C(=O)N5CCOCC5)n4c3)ccc2o1,C19H17N5O3,363.38,2.2,98.89,1,6,2,4,5,0.211,27,0,0,none,0.9258,1.0,0.9555,T3153,PF-06424439 (DGAT2i),DGAT2,二酰甘油酰基转移酶2 抑制剂，直接阻断甘油三酯酯化终末步骤,0.257,哌嗪/哌啶杂芳基甲酰胺,SCD1 / DGAT2,脂质酶抑制剂常见的环胺-酰胺连接模式，倾向作用于 SCD1/DGAT2 等内质网膜结合型脂质合成酶,0.55,0.5043,O=C(c1cnc2ccc(-c3ccc4ocnc4c3)cn12)N1CCOCC1,0.7299
2309,T1941,188591-46-0,O=C(NCCS(=O)(=O)c1ccc(C(F)(F)F)cn1)c1ccc(Cl)cc1,C15H12ClF3N2O3S,392.79,2.96,76.13,1,4,5,2,2,0.2,25,4,0,none,1.0,0.8884,0.9554,T1941,Bezafibrate,PPAR pan,泛 PPAR 弱激动剂，降低血浆与肝内甘油三酯,0.355,无明确优势骨架命中,,,0.0,0.3548,O=C(NCCS(=O)(=O)c1ccccn1)c1ccccc1,0.6551
2310,T10782,145915-58-8,O=C1NC(=O)c2cc(Nc3ccccc3)c(Nc3ccccc3)cc21,C20H15N3O2,329.36,4.06,70.23,3,4,4,3,4,0.0,25,0,0,none,0.9353,0.9853,0.9553,T10782,Salicylate,"AMPK (direct, beta1)",直接结合 AMPK beta1 变构位点，抑制脂肪生成,0.194,哌嗪/哌啶杂芳基甲酰胺,SCD1 / DGAT2,脂质酶抑制剂常见的环胺-酰胺连接模式，倾向作用于 SCD1/DGAT2 等内质网膜结合型脂质合成酶,0.55,0.4419,O=C1NC(=O)c2cc(Nc3ccccc3)c(Nc3ccccc3)cc21,0.6986
2311,T30579,1550053-19-4,CC(=O)Nc1ccc(C(=O)Nc2ccc(C)cc2N)cc1,C16H17N3O2,283.33,2.79,84.22,3,3,3,2,2,0.125,21,0,0,none,1.0,0.8882,0.9553,T30579,Gemfibrozil,PPAR-alpha,苯氧戊酸类 PPAR-alpha 激动剂，抑制肝脏 VLDL-TG 分泌,0.211,无明确优势骨架命中,,,0.0,0.2105,O=C(Nc1ccccc1)c1ccccc1,0.5829
2312,T4993,56287-74-2,Cc1ccccc1-n1c(CF)nc2ccc(N)cc2c1=O,C16H14FN3O,283.31,2.75,60.91,1,3,2,3,3,0.125,21,1,0,none,1.0,0.8881,0.9553,T4993,Telmisartan,PPAR-gamma partial / AT1R,AT1 受体拮抗兼 PPAR-gamma 部分激动，文献报道减轻肝细胞脂肪变,0.172,无明确优势骨架命中,,,0.0,0.1724,O=c1c2ccccc2ncn1-c1ccccc1,0.5638
2313,T2744,1448-36-8,COC(=O)CC[C@@H](C)[C@H]1CC[C@H]2[C@@H]3[C@H](O)C[C@@H]4C[C@H](O)CC[C@]4(C)[C@H]3C[C@H](O)[C@]12C,C25H42O5,422.61,3.54,86.99,3,5,4,0,4,0.96,30,0,0,none,0.9702,0.9327,0.9552,T2744,Chenodeoxycholic acid,FXR,内源性 FXR 配体，调控胆汁酸稳态并抑制肝脏脂肪生成,0.623,无明确优势骨架命中,,,0.0,0.55,C1CCC2C(C1)CCC1C3CCCC3CCC21,0.7526
2314,T19672,87344-06-7,COc1ccccc1OC(=O)CNC(=O)Cc1ccc(C(=O)c2ccc(C)cc2)n1C,C24H24N2O5,420.47,2.84,86.63,1,5,8,3,3,0.208,31,0,0,none,0.9959,0.8937,0.9551,T19672,Ranolazine,pFOX / 晚钠电流,部分脂肪酸氧化抑制，改善代谢底物利用,0.303,无明确优势骨架命中,,,0.0,0.3026,O=C(Cc1ccc(C(=O)c2ccccc2)[nH]1)NCC(=O)Oc1ccccc1,0.6288
2315,T60926,1158383-34-6,CCCCCCCCCS(=O)(=O)Nc1ccccc1C(=O)O,C16H25NO4S,327.45,3.88,83.47,2,3,11,1,1,0.562,22,0,0,none,0.9249,1.0,0.955,T60926,Salicylate,"AMPK (direct, beta1)",直接结合 AMPK beta1 变构位点，抑制脂肪生成,0.325,无明确优势骨架命中,,,0.0,0.325,c1ccccc1,0.64
2316,T27288,91406-11-0,CCS(=O)(=O)Oc1ccc2c(C)c(C)c(=O)oc2c1,C13H14O5S,282.32,2.14,73.58,0,5,3,2,2,0.308,19,0,0,none,0.9715,0.9299,0.9549,T27288,Etomoxir,CPT1a (抑制剂/阴性对照),CPT1 不可逆抑制剂，作为脂肪酸氧化通路机制阴性对照,0.19,无明确优势骨架命中,,,0.0,0.1905,O=c1ccc2ccccc2o1,0.5727
2317,T2408,841205-47-8,C[C@](O)(COc1ccc(C#N)cc1)C(=O)Nc1ccc(C#N)c(C(F)(F)F)c1,C19H14F3N3O3,389.33,3.22,106.14,2,5,5,2,2,0.211,28,3,0,none,0.9248,1.0,0.9549,T2408,Gemfibrozil,PPAR-alpha,苯氧戊酸类 PPAR-alpha 激动剂，抑制肝脏 VLDL-TG 分泌,0.206,无明确优势骨架命中,,,0.0,0.2059,O=C(CCOc1ccccc1)Nc1ccccc1,0.5804
2318,T1906,1260907-17-2,CCNC(=O)C[C@@H]1N=C(c2ccc(Cl)cc2)c2cc(OC)ccc2-n2c(C)nnc21,C22H22ClN5O2,423.9,3.66,81.4,1,5,5,3,4,0.273,30,1,0,none,0.9946,0.8954,0.9549,T1906,Bezafibrate,PPAR pan,泛 PPAR 弱激动剂，降低血浆与肝内甘油三酯,0.235,无明确优势骨架命中,,,0.0,0.2346,c1ccc(C2=NCc3nncn3-c3ccccc32)cc1,0.5948
2319,T70375,1616400-50-0,Cc1noc(C)c1-c1ccc(=O)n(Cc2ccccc2)c1,C17H16N2O2,280.33,3.17,48.03,0,3,3,3,3,0.176,21,0,0,none,0.9988,0.889,0.9549,T70375,Telmisartan,PPAR-gamma partial / AT1R,AT1 受体拮抗兼 PPAR-gamma 部分激动，文献报道减轻肝细胞脂肪变,0.207,无明确优势骨架命中,,,0.0,0.2073,O=c1ccc(-c2cnoc2)cn1Cc1ccccc1,0.5811
2320,T7202,448906-42-1,COC(=O)c1csc(C(=O)c2c[nH]c3ccccc23)n1,C14H10N2O3S,286.31,2.64,72.05,1,5,3,3,3,0.071,20,0,0,none,1.0,0.8865,0.9546,T7202,Salicylate,"AMPK (direct, beta1)",直接结合 AMPK beta1 变构位点，抑制脂肪生成,0.18,无明确优势骨架命中,,,0.0,0.18,O=C(c1nccs1)c1c[nH]c2ccccc12,0.5673
2321,T28991,185954-27-2,CCc1nn(C2CCCC2)c2c1CCn1c(-c3cccs3)nnc1-2,C18H21N5S,339.47,4.1,48.53,0,4,3,3,5,0.5,24,0,0,none,0.9243,1.0,0.9546,T28991,TVB-2640 (Denifanstat),FASN,脂肪酸合酶 beta-酮脂酰还原酶结构域抑制剂，直接阻断棕榈酸从头合成,0.137,无明确优势骨架命中,,,0.0,0.1368,c1csc(-c2nnc3n2CCc2cnn(C4CCCC4)c2-3)c1,0.5457
2322,T4095,557782-81-7,COc1ccc(CC(=O)Nc2nc3c(s2)CCc2ccccc2-3)cc1OC,C21H20N2O3S,380.47,4.11,60.45,1,5,5,3,4,0.238,27,0,0,none,0.9243,1.0,0.9546,T4095,Ranolazine,pFOX / 晚钠电流,部分脂肪酸氧化抑制，改善代谢底物利用,0.247,无明确优势骨架命中,,,0.0,0.2469,O=C(Cc1ccccc1)Nc1nc2c(s1)CCc1ccccc1-2,0.6008
2323,T39010,152854-19-8,CCCCCCOc1nsnc1C1=CCCN(C)C1,C14H23N3OS,281.43,3.22,38.25,0,5,7,1,2,0.714,19,0,0,none,0.9582,0.9494,0.9546,T13353;T36640;T39010,Etomoxir,CPT1a (抑制剂/阴性对照),CPT1 不可逆抑制剂，作为脂肪酸氧化通路机制阴性对照,0.171,无明确优势骨架命中,,,0.0,0.1714,C1=C(c2cnsn2)CNCC1,0.563
2324,T8438,930478-88-9,Cc1c(Cl)cccc1NC(=O)c1cnc2ccccc2n1,C16H12ClN3O,297.75,3.84,54.88,1,3,2,3,3,0.062,21,1,0,none,0.9742,0.9252,0.9546,T8438,GW4064,FXR,非甾体高效 FXR 激动剂工具化合物，抑制 DNL 相关转录程序,0.205,无明确优势骨架命中,,,0.0,0.2048,O=C(Nc1ccccc1)c1cnc2ccccc2n1,0.5797
2325,T9816,136145-07-8,CCCn1c(=O)c2nc[nH]c2n(-c2ccc(Cl)cc2)c1=O,C14H13ClN4O2,304.74,1.94,72.68,1,3,3,3,3,0.214,21,1,0,none,0.9345,0.9849,0.9546,T9816,Pentoxifylline,PDE / TNF-alpha,非选择性磷酸二酯酶抑制剂，降低肝脏炎症与脂质沉积,0.197,无明确优势骨架命中,,,0.0,0.197,O=c1[nH]c(=O)n(-c2ccccc2)c2[nH]cnc12,0.5758
2326,T60542,2883232-92-4,COc1cc2ncnc(Nc3cccnc3)c2cc1OC,C15H14N4O2,282.3,2.79,69.16,1,6,4,3,3,0.133,21,0,0,none,1.0,0.8862,0.9545,T60542,Nicotinic acid (Niacin),HCAR2 / DGAT2,抑制脂肪组织脂解并弱抑制 DGAT2，减少肝内 VLDL 底物供应,0.224,无明确优势骨架命中,,,0.0,0.2245,c1cncc(Nc2ncnc3ccccc23)c1,0.5895
2327,T4664,1443246-62-5,Cc1cc(NC(=O)Nc2ccc(F)c(F)c2)n(-c2ccccc2)n1,C17H14F2N4O,328.32,4.1,58.95,2,2,3,3,3,0.059,24,2,0,none,0.9252,0.9985,0.9545,T4664,Atorvastatin,HMGCR,HMG-CoA 还原酶抑制，降低胆固醇合成并上调 LDLR,0.193,无明确优势骨架命中,,,0.0,0.1928,O=C(Nc1ccccc1)Nc1ccnn1-c1ccccc1,0.5736
2328,T67908,1202193-89-2,CCCCNC(=O)c1cc(-c2ccccc2)sc1N,C15H18N2OS,274.39,3.53,55.12,2,3,5,2,2,0.267,19,0,0,none,0.9998,0.8866,0.9545,T67908,Salicylate,"AMPK (direct, beta1)",直接结合 AMPK beta1 变构位点，抑制脂肪生成,0.213,无明确优势骨架命中,,,0.0,0.2128,c1ccc(-c2cccs2)cc1,0.5836
2329,TQ0201,1447-88-7,COc1c(O)cc2oc(-c3ccc(O)cc3)cc(=O)c2c1O,C16H12O6,300.27,2.59,100.13,3,6,2,3,3,0.062,22,0,0,none,0.9685,0.9333,0.9544,TQ0201,Naringenin,PPAR-alpha / SREBP,柑橘黄烷酮，抑制脂肪生成基因并促进脂肪酸氧化,0.241,黄酮/黄烷酮母核,AMPK / SREBP-1c,黄酮类多酚激活 AMPK-SIRT1 轴，抑制 SREBP-1c/FAS/ACC 表达并促进脂噬,0.6,0.5114,O=c1cc(-c2ccccc2)oc2ccccc12,0.7329
2330,T3806,491-54-3,COc1ccc(-c2oc3cc(O)cc(O)c3c(=O)c2O)cc1,C16H12O6,300.27,2.59,100.13,3,6,2,3,3,0.062,22,0,0,none,0.9685,0.9333,0.9544,T3806,Naringenin,PPAR-alpha / SREBP,柑橘黄烷酮，抑制脂肪生成基因并促进脂肪酸氧化,0.241,黄酮/黄烷酮母核,AMPK / SREBP-1c,黄酮类多酚激活 AMPK-SIRT1 轴，抑制 SREBP-1c/FAS/ACC 表达并促进脂噬,0.6,0.5114,O=c1cc(-c2ccccc2)oc2ccccc12,0.7329
2331,TN1490,491-71-4,COc1cc(-c2cc(=O)c3c(O)cc(O)cc3o2)ccc1O,C16H12O6,300.27,2.59,100.13,3,6,2,3,3,0.062,22,0,0,none,0.9685,0.9333,0.9544,TN1490,Naringenin,PPAR-alpha / SREBP,柑橘黄烷酮，抑制脂肪生成基因并促进脂肪酸氧化,0.237,黄酮/黄烷酮母核,AMPK / SREBP-1c,黄酮类多酚激活 AMPK-SIRT1 轴，抑制 SREBP-1c/FAS/ACC 表达并促进脂噬,0.6,0.5073,O=c1cc(-c2ccccc2)oc2ccccc12,0.7308
2332,T1704,520-34-3,COc1ccc(-c2cc(=O)c3c(O)cc(O)cc3o2)cc1O,C16H12O6,300.27,2.59,100.13,3,6,2,3,3,0.062,22,0,0,none,0.9685,0.9333,0.9544,T1704,Naringenin,PPAR-alpha / SREBP,柑橘黄烷酮，抑制脂肪生成基因并促进脂肪酸氧化,0.237,黄酮/黄烷酮母核,AMPK / SREBP-1c,黄酮类多酚激活 AMPK-SIRT1 轴，抑制 SREBP-1c/FAS/ACC 表达并促进脂噬,0.6,0.5073,O=c1cc(-c2ccccc2)oc2ccccc12,0.7308
2333,T17823,7460-82-4,Cc1ccc(S(=O)(=O)OCCOCCOS(=O)(=O)c2ccc(C)cc2)cc1,C18H22O7S2,414.5,2.43,95.97,0,7,10,2,2,0.333,27,0,0,none,0.9582,0.9488,0.9544,T17823,Gemfibrozil,PPAR-alpha,苯氧戊酸类 PPAR-alpha 激动剂，抑制肝脏 VLDL-TG 分泌,0.229,无明确优势骨架命中,,,0.0,0.2292,O=S(=O)(OCCOCCOS(=O)(=O)c1ccccc1)c1ccccc1,0.5918
2334,TN2151,569-92-6,COc1cc(O)c2c(=O)c(O)c(-c3ccc(O)cc3)oc2c1,C16H12O6,300.27,2.59,100.13,3,6,2,3,3,0.062,22,0,0,none,0.9685,0.9333,0.9544,TN2151,Naringenin,PPAR-alpha / SREBP,柑橘黄烷酮，抑制脂肪生成基因并促进脂肪酸氧化,0.268,黄酮/黄烷酮母核,AMPK / SREBP-1c,黄酮类多酚激活 AMPK-SIRT1 轴，抑制 SREBP-1c/FAS/ACC 表达并促进脂噬,0.6,0.5379,O=c1cc(-c2ccccc2)oc2ccccc12,0.7462
2335,TN2100,2284-31-3,COc1ccc(-c2coc3cc(O)cc(O)c3c2=O)cc1O,C16H12O6,300.27,2.59,100.13,3,6,2,3,3,0.062,22,0,0,none,0.9685,0.9333,0.9544,TN2100,Naringenin,PPAR-alpha / SREBP,柑橘黄烷酮，抑制脂肪生成基因并促进脂肪酸氧化,0.213,无明确优势骨架命中,,,0.0,0.2131,O=c1c(-c2ccccc2)coc2ccccc12,0.5838
2336,T8909,15854-11-2,CCOC(=O)c1c(-c2ccc(OC)cc2)csc1N,C14H15NO3S,277.35,3.18,61.55,1,5,4,2,2,0.214,19,0,0,none,1.0,0.8861,0.9544,T8909,Etomoxir,CPT1a (抑制剂/阴性对照),CPT1 不可逆抑制剂，作为脂肪酸氧化通路机制阴性对照,0.234,无明确优势骨架命中,,,0.0,0.2344,c1ccc(-c2ccsc2)cc1,0.5944
2337,T88696,1272322-42-5,O=C(O)c1c(-c2cc(F)ccc2F)oc2cc(Cl)ccc2c1=O,C16H7ClF2O4,336.68,4.09,67.51,1,3,2,3,3,0.0,23,3,0,none,0.9282,0.9939,0.9544,T88696,Fenofibric acid,PPAR-alpha,激活 PPAR-alpha 上调 CPT1/ACOX1，增强线粒体与过氧化物酶体脂肪酸氧化,0.183,黄酮/黄烷酮母核,AMPK / SREBP-1c,黄酮类多酚激活 AMPK-SIRT1 轴，抑制 SREBP-1c/FAS/ACC 表达并促进脂噬,0.6,0.4533,O=c1cc(-c2ccccc2)oc2ccccc12,0.7038
2338,T3488,548-77-6,COc1c(O)cc2occ(-c3ccc(O)cc3)c(=O)c2c1O,C16H12O6,300.27,2.59,100.13,3,6,2,3,3,0.062,22,0,0,none,0.9685,0.9333,0.9544,T3488,Naringenin,PPAR-alpha / SREBP,柑橘黄烷酮，抑制脂肪生成基因并促进脂肪酸氧化,0.217,无明确优势骨架命中,,,0.0,0.2167,O=c1c(-c2ccccc2)coc2ccccc12,0.5856
2339,T86496,2270984-21-7,CN(C[C@H]1COc2ccccc2O1)c1nc(-c2cccnc2)nc2ccccc12,C23H20N4O2,384.44,3.97,60.37,0,6,4,4,5,0.174,29,0,0,none,0.9238,1.0,0.9543,T86496,Nicotinic acid (Niacin),HCAR2 / DGAT2,抑制脂肪组织脂解并弱抑制 DGAT2，减少肝内 VLDL 底物供应,0.217,无明确优势骨架命中,,,0.0,0.2167,c1cncc(-c2nc(NCC3COc4ccccc4O3)c3ccccc3n2)c1,0.5855
2340,TN1782,548-29-8,COc1cc([C@H]2c3cc(O)c(OC)cc3C[C@@H](CO)[C@@H]2CO)ccc1O,C20H24O6,360.41,2.02,99.38,4,6,5,2,3,0.4,26,0,0,none,0.9238,1.0,0.9543,TN1782,Trimetazidine,3-KAT (长链硫解酶),部分脂肪酸氧化抑制剂，代谢调节剂,0.197,无明确优势骨架命中,,,0.0,0.1967,c1ccc(C2CCCc3ccccc32)cc1,0.5755
2341,T15718,41639-83-2,O=C(O)CCC/C=C\C[C@@H]1[C@@H](CC[C@@H](O)CCc2ccccc2)[C@H](O)C[C@@H]1O,C23H34O5,390.52,3.32,97.99,4,4,12,1,2,0.609,28,0,0,none,0.9238,1.0,0.9543,T15718,EPA (Eicosapentaenoic acid),PPAR-alpha / SREBP-1c,omega-3 多不饱和脂肪酸，激活 PPAR-alpha 并抑制 SREBP-1c 成熟,0.309,长链脂肪酸 / 类脂肪酸,PPAR-alpha / SREBP-1c,内源性脂肪酸配体样分子，直接激动 PPAR-alpha 上调氧化基因，并抑制 SREBP-1c 前体加工，降低脂肪生成,0.72,0.6331,c1ccc(CCCCCC2CCCC2)cc1,0.7937
2342,T14366,607378-18-7,O=C(CC12CC3CC(CC(C3)C1)C2)Nc1cccc2nc(NCCNCCO)ccc12,C25H34N4O2,422.57,3.77,86.28,4,5,9,2,6,0.6,31,0,0,none,0.9685,0.9329,0.9543,T14366,Ciprofibrate,PPAR-alpha,长效贝特类，诱导过氧化物酶体增殖与脂肪酸 beta-氧化,0.162,无明确优势骨架命中,,,0.0,0.1622,O=C(CC12CC3CC(CC(C3)C1)C2)Nc1cccc2ncccc12,0.5582
2343,T77746,345615-74-9,Oc1ccc(Nc2ncnc3sc4c(c23)CCCC4)cc1,C16H15N3OS,297.38,4.02,58.04,2,5,2,3,4,0.25,21,0,0,none,0.9432,0.9708,0.9543,T77746,Fenretinide (4-HPR),DES1 / RBP4,视黄酰胺，抑制二氢神经酰胺去饱和酶，改善肝脂肪变,0.2,无明确优势骨架命中,,,0.0,0.2,c1ccc(Nc2ncnc3sc4c(c23)CCCC4)cc1,0.5772
2344,T4121,118159-48-1,COC(=O)c1cc(OC)c2c(c1-c1c(CO)cc(OC)c3c1OCO3)OCO2,C19H18O9,390.34,2.11,101.91,1,9,5,2,4,0.316,28,0,0,none,0.9237,1.0,0.9542,T4121,ACC inhibitor chemotype (firsocostat-like proxy),ACC1/ACC2,变构抑制乙酰辅酶A羧化酶，降低丙二酰辅酶A、阻断新发脂质合成(DNL)并解除 CPT1 抑制,0.225,无明确优势骨架命中,,,0.0,0.2254,c1cc2c(c(-c3cccc4c3OCO4)c1)OCO2,0.5898
2345,T6484,1418308-27-6,CCC(CC)n1ccc2c(C(=O)NCc3c(C)cc(C)[nH]c3=O)cc(C#N)cc21,C23H26N4O2,390.49,4.11,90.68,2,3,6,3,3,0.348,29,0,0,none,0.9236,1.0,0.9542,T6484,A-769662,"AMPK (direct, beta1)",直接变构激活 AMPK beta1 亚基，磷酸化 ACC1/2 抑制 DNL,0.167,无明确优势骨架命中,,,0.0,0.1667,O=C(NCc1ccc[nH]c1=O)c1cccc2[nH]ccc12,0.5604
2346,TN1899,21133-52-8,COc1ccc2c3c1O[C@H]1C[C@@H](O)CC[C@@]31CCN(C)C2,C17H23NO3,289.38,2.07,41.93,1,4,1,1,4,0.647,21,0,0,none,0.9367,0.9802,0.9541,TN1899,Trimetazidine,3-KAT (长链硫解酶),部分脂肪酸氧化抑制剂，代谢调节剂,0.2,无明确优势骨架命中,,,0.0,0.2,c1cc2c3c(c1)OC1CCCCC31CCNC2,0.577
2347,T13411,723249-01-2,Cc1ccc(OCCSc2ncccn2)c(Br)c1,C13H13BrN2OS,325.23,3.72,35.01,0,4,5,2,2,0.231,18,1,0,none,0.9236,1.0,0.9541,T13411;T41162,Gemfibrozil,PPAR-alpha,苯氧戊酸类 PPAR-alpha 激动剂，抑制肝脏 VLDL-TG 分泌,0.278,无明确优势骨架命中,,,0.0,0.2778,c1ccc(OCCSc2ncccn2)cc1,0.616
2348,T23124,23062-91-1,CCOC(=O)c1c(C)[nH]c2ccc3c(c12)CN1CCc2cc(OC)ccc2C1O3,C23H24N2O4,392.46,4.11,63.79,1,5,3,3,5,0.348,29,0,0,none,0.9234,1.0,0.954,T23124,Etomoxir,CPT1a (抑制剂/阴性对照),CPT1 不可逆抑制剂，作为脂肪酸氧化通路机制阴性对照,0.198,无明确优势骨架命中,,,0.0,0.1977,c1ccc2c(c1)CCN1Cc3c(ccc4[nH]ccc34)OC21,0.5758
2349,T27307,929978-58-5,Cc1sc2ncnc(NC3CCN(Cc4ccccc4)C3)c2c1C,C19H22N4S,338.48,3.99,41.05,1,5,4,3,4,0.368,24,0,0,none,0.9234,1.0,0.954,T27307;T27307L,Ranolazine,pFOX / 晚钠电流,部分脂肪酸氧化抑制，改善代谢底物利用,0.167,无明确优势骨架命中,,,0.0,0.1667,c1ccc(CN2CCC(Nc3ncnc4sccc34)C2)cc1,0.5604
2350,T10353,1270084-92-8,CCCc1c(-c2ccccc2)[nH]n(-c2ccccn2)c1=O,C17H17N3O,279.34,3.18,50.68,1,2,4,3,3,0.176,21,0,0,none,1.0,0.885,0.954,T10353,Rosiglitazone,PPAR-gamma,TZD 类 PPAR-gamma 全激动剂，改善胰岛素抵抗与肝内脂肪蓄积,0.208,无明确优势骨架命中,,,0.0,0.2083,O=c1cc(-c2ccccc2)[nH]n1-c1ccccn1,0.5811
2351,T13329,168266-90-8,COc1ccc(-n2nnnc2C(F)(F)F)cc1CN[C@H]1CCCN[C@H]1c1ccccc1,C21H23F3N6O,432.45,3.27,76.89,2,6,6,3,4,0.381,31,3,0,none,1.0,0.885,0.954,T13329;T13329L,Trimetazidine,3-KAT (长链硫解酶),部分脂肪酸氧化抑制剂，代谢调节剂,0.192,无明确优势骨架命中,,,0.0,0.1923,c1ccc(C2NCCCC2NCc2cccc(-n3cnnn3)c2)cc1,0.5731
2352,T73446,2894848-07-6,CCn1c(=O)c(C)cn(Cc2nnc(-c3ccc(F)c(O)c3F)s2)c1=O,C16H14F2N4O3S,380.38,1.89,90.01,1,6,4,3,3,0.25,26,2,0,none,0.9234,1.0,0.954,T73446,GW501516,PPAR-delta,PPAR-delta 选择性激动，提升肝与骨骼肌脂肪酸氧化,0.167,无明确优势骨架命中,,,0.0,0.1667,O=c1ccn(Cc2nnc(-c3ccccc3)s2)c(=O)[nH]1,0.5604
2353,T28416,901398-68-3,Cc1cc(C(C)Nc2ccccc2)c2oc(N3CCOCC3)cc(=O)c2c1,C22H24N2O3,364.45,4.11,54.71,1,5,4,3,4,0.318,27,0,0,none,0.9233,1.0,0.954,T28416,PF-06424439 (DGAT2i),DGAT2,二酰甘油酰基转移酶2 抑制剂，直接阻断甘油三酯酯化终末步骤,0.182,无明确优势骨架命中,,,0.0,0.1818,O=c1cc(N2CCOCC2)oc2c(CNc3ccccc3)cccc12,0.5679
2354,T60762,2439194-86-0,NN=c1[nH]n2c(-c3ccc(Cl)cc3)nnc2c2ccccc12,C15H11ClN6,310.75,2.31,84.36,2,4,1,4,4,0.0,22,1,0,none,0.958,0.9479,0.954,T60762,Fenofibric acid,PPAR-alpha,激活 PPAR-alpha 上调 CPT1/ACOX1，增强线粒体与过氧化物酶体脂肪酸氧化,0.133,无明确优势骨架命中,,,0.0,0.1333,N=c1[nH]n2c(-c3ccccc3)nnc2c2ccccc12,0.5436
2355,TN1709,72960-22-6,COc1cc2c(c(OC)c1OC)-c1c(cc3c(c1OC)OCO3)C[C@@H](C)[C@@H](C)[C@@H]2O,C23H28O7,416.47,3.98,75.61,1,7,4,2,4,0.478,30,0,0,none,0.9513,0.9578,0.9539,TN1709,Berberine,AMPK / PCSK9 / LDLR,原小檗碱型生物碱，激活 AMPK 并稳定 LDLR mRNA，HepG2 经典降脂阳性对照,0.292,无明确优势骨架命中,,,0.0,0.2917,c1ccc2c(c1)CCCCc1cc3c(cc1-2)OCO3,0.6228
2356,T67552,71989-14-5,CC(C)(C)OC(=O)C[C@H](NC(=O)OCC1c2ccccc2-c2ccccc21)C(=O)O,C23H25NO6,411.45,3.71,101.93,2,5,6,2,3,0.348,30,0,0,none,0.9471,0.9641,0.9539,T67552,Ciprofibrate,PPAR-alpha,长效贝特类，诱导过氧化物酶体增殖与脂肪酸 beta-氧化,0.219,无明确优势骨架命中,,,0.0,0.2188,c1ccc2c(c1)Cc1ccccc1-2,0.5863
2357,T6233,209783-80-2,Nc1ccccc1NC(=O)c1ccc(CNC(=O)OCc2cccnc2)cc1,C21H20N4O3,376.42,3.34,106.34,3,5,6,3,3,0.095,28,0,0,none,0.9231,0.9999,0.9538,T6233,Nicotinic acid (Niacin),HCAR2 / DGAT2,抑制脂肪组织脂解并弱抑制 DGAT2，减少肝内 VLDL 底物供应,0.273,无明确优势骨架命中,,,0.0,0.2727,O=C(NCc1ccc(C(=O)Nc2ccccc2)cc1)OCc1cccnc1,0.6132
2358,T6414,603-50-9,CC(=O)Oc1ccc(C(c2ccc(OC(C)=O)cc2)c2ccccn2)cc1,C22H19NO4,361.4,4.11,65.49,0,5,5,3,3,0.136,27,0,0,none,0.9231,1.0,0.9538,T6414,Rosiglitazone,PPAR-gamma,TZD 类 PPAR-gamma 全激动剂，改善胰岛素抵抗与肝内脂肪蓄积,0.246,无明确优势骨架命中,,,0.0,0.2462,c1ccc(C(c2ccccc2)c2ccccn2)cc1,0.6
2359,TN1757,33676-00-5,COC[C@H]1Cc2cc(OC)c3c(c2[C@@H](c2ccc(OC)c(OC)c2)[C@@H]1COC)OCO3,C24H30O7,430.5,3.65,64.61,0,7,8,2,4,0.5,31,0,0,none,0.9906,0.8985,0.9538,TN1757,Berberine,AMPK / PCSK9 / LDLR,原小檗碱型生物碱，激活 AMPK 并稳定 LDLR mRNA，HepG2 经典降脂阳性对照,0.227,无明确优势骨架命中,,,0.0,0.2267,c1ccc(C2CCCc3ccc4c(c32)OCO4)cc1,0.5902
2360,T19706,29925-17-5,CCCCOc1cc(CC2CNC(=O)N2)ccc1OC,C15H22N2O3,278.35,2.1,59.59,2,3,7,1,2,0.533,20,0,0,none,0.9651,0.9367,0.9537,T19706,Pioglitazone,PPAR-gamma,噻唑烷二酮胰岛素增敏剂，促进脂肪组织脂质再分布、降低肝细胞脂毒性,0.239,无明确优势骨架命中,,,0.0,0.2394,O=C1NCC(Cc2ccccc2)N1,0.5966
2361,T7280,1130067-34-3,O=C(NCCN1CCC2(CC1)C(=O)NCN2c1ccccc1)c1ccc2ccccc2c1,C26H28N4O2,428.54,3.0,64.68,2,4,5,3,5,0.308,32,0,0,none,1.0,0.8841,0.9537,T7280,Bezafibrate,PPAR pan,泛 PPAR 弱激动剂，降低血浆与肝内甘油三酯,0.221,无明确优势骨架命中,,,0.0,0.2208,O=C(NCCN1CCC2(CC1)C(=O)NCN2c1ccccc1)c1ccc2ccccc2c1,0.5873
2362,T60067,442571-27-9,Cc1sc2ncnc(SC(C)C(=O)O)c2c1C,C11H12N2O2S2,268.36,2.87,63.08,1,5,3,2,2,0.364,17,0,0,none,1.0,0.8843,0.9537,T60067,GW501516,PPAR-delta,PPAR-delta 选择性激动，提升肝与骨骼肌脂肪酸氧化,0.216,无明确优势骨架命中,,,0.0,0.2162,c1ncc2ccsc2n1,0.585
2363,T12765,197576-78-6,OC1(c2ccc(-c3ccc4ncccc4c3)cc2)CN2CCC1CC2,C22H22N2O,330.43,3.82,36.36,1,3,2,3,6,0.318,25,0,0,none,0.9229,1.0,0.9537,T12765,Ervogastat (PF-06865571),DGAT2,口服 DGAT2 抑制剂，降低肝内甘油三酯合成与 VLDL 分泌,0.167,无明确优势骨架命中,,,0.0,0.1667,c1cnc2ccc(-c3ccc(C4CN5CCC4CC5)cc3)cc2c1,0.5602
2364,T8917,1690176-75-0,COC(=O)c1cn2nc(Cl)cc(C(C)(C)C)c2n1,C12H14ClN3O2,267.72,2.47,56.49,0,4,1,2,2,0.417,18,1,0,none,0.9957,0.8905,0.9536,T8917,Fenofibric acid,PPAR-alpha,激活 PPAR-alpha 上调 CPT1/ACOX1，增强线粒体与过氧化物酶体脂肪酸氧化,0.193,无明确优势骨架命中,,,0.0,0.193,c1cnn2ccnc2c1,0.5733
2365,TN9828,1253190-76-9,CC1(C)C=C(O)c2cc(-c3cc(=O)c4c(O)cc(O)cc4o3)ccc2O1,C20H16O6,352.34,3.94,100.13,3,6,1,3,4,0.15,26,0,0,none,0.9227,1.0,0.9536,TN9828,Naringenin,PPAR-alpha / SREBP,柑橘黄烷酮，抑制脂肪生成基因并促进脂肪酸氧化,0.231,黄酮/黄烷酮母核,AMPK / SREBP-1c,黄酮类多酚激活 AMPK-SIRT1 轴，抑制 SREBP-1c/FAS/ACC 表达并促进脂噬,0.6,0.5008,O=c1cc(-c2ccc3c(c2)C=CCO3)oc2ccccc12,0.7272
2366,T3141,81919-14-4,O=C(O)COc1nn(Cc2ccccc2)c2ccccc12,C16H14N2O3,282.3,2.55,64.35,1,3,5,3,3,0.125,21,0,0,none,1.0,0.8841,0.9536,T3141;T7807,GW501516,PPAR-delta,PPAR-delta 选择性激动，提升肝与骨骼肌脂肪酸氧化,0.233,无明确优势骨架命中,,,0.0,0.2329,c1ccc(Cn2ncc3ccccc32)cc1,0.5933
2367,T2166,601514-19-6,Nc1cccc(-c2cc3c(Oc4cccc(O)c4)ncnc3[nH]2)c1,C18H14N4O2,318.34,3.71,97.05,3,5,3,4,4,0.0,24,0,0,none,0.9455,0.9658,0.9536,T2166,Pioglitazone,PPAR-gamma,噻唑烷二酮胰岛素增敏剂，促进脂肪组织脂质再分布、降低肝细胞脂毒性,0.141,无明确优势骨架命中,,,0.0,0.141,c1ccc(Oc2ncnc3[nH]c(-c4ccccc4)cc23)cc1,0.5473
2368,T7134,1642288-47-8,CC(C)n1c(=O)cc(N[C@@H](C)c2ccccc2)[nH]c1=O,C15H19N3O2,273.34,2.29,66.89,2,3,4,2,2,0.333,20,0,0,none,0.9902,0.8987,0.9536,T7134,Fluvastatin,HMGCR,全合成 HMGCR 抑制剂,0.211,无明确优势骨架命中,,,0.0,0.2113,O=c1cc(NCc2ccccc2)[nH]c(=O)[nH]1,0.5824
2369,T2656,1194506-26-7,CNC(=O)c1c(C)oc2cc(Oc3ncnc4cc(OC)c(OC)cc34)ccc12,C21H19N3O5,393.4,3.85,95.71,1,7,5,4,4,0.19,29,0,0,none,0.9329,0.9843,0.9535,T2656,GW4064,FXR,非甾体高效 FXR 激动剂工具化合物，抑制 DNL 相关转录程序,0.188,无明确优势骨架命中,,,0.0,0.1875,c1ccc2c(Oc3ccc4ccoc4c3)ncnc2c1,0.5705
2370,T77577,303760-60-3,O=C(NN=Cc1ccc2ccccc2c1)c1ccc(O)cc1,C18H14N2O2,290.32,3.31,61.69,2,3,3,3,3,0.0,22,0,0,none,1.0,0.8837,0.9535,T77577,Salicylate,"AMPK (direct, beta1)",直接结合 AMPK beta1 变构位点，抑制脂肪生成,0.2,无明确优势骨架命中,,,0.0,0.2,O=C(NN=Cc1ccc2ccccc2c1)c1ccccc1,0.5768
2371,T6493L,219861-53-7,CN(C)CCC[C@]1(c2ccc(F)cc2)OCc2cc(C#N)ccc21,C20H21FN2O,324.4,3.81,36.26,0,3,5,2,3,0.35,24,1,0,none,0.9224,1.0,0.9535,T6493L,Etomoxir,CPT1a (抑制剂/阴性对照),CPT1 不可逆抑制剂，作为脂肪酸氧化通路机制阴性对照,0.158,无明确优势骨架命中,,,0.0,0.1579,c1ccc(C2OCc3ccccc32)cc1,0.5557
2372,T0185,128196-01-0,CN(C)CCC[C@@]1(c2ccc(F)cc2)OCc2cc(C#N)ccc21,C20H21FN2O,324.4,3.81,36.26,0,3,5,2,3,0.35,24,1,0,none,0.9224,1.0,0.9535,T0185;T6493,Etomoxir,CPT1a (抑制剂/阴性对照),CPT1 不可逆抑制剂，作为脂肪酸氧化通路机制阴性对照,0.158,无明确优势骨架命中,,,0.0,0.1579,c1ccc(C2OCc3ccccc32)cc1,0.5557
2373,T20828,59729-33-8,CN(C)CCCC1(c2ccc(F)cc2)OCc2cc(C#N)ccc21,C20H21FN2O,324.4,3.81,36.26,0,3,5,2,3,0.35,24,1,0,none,0.9224,1.0,0.9535,T1483;T20828,Etomoxir,CPT1a (抑制剂/阴性对照),CPT1 不可逆抑制剂，作为脂肪酸氧化通路机制阴性对照,0.158,无明确优势骨架命中,,,0.0,0.1579,c1ccc(C2OCc3ccccc32)cc1,0.5557
2374,T0394,964-52-3,CC(=O)Oc1cc(C(C)C)c(OCCN(C)C)cc1C,C16H25NO3,279.38,2.98,38.77,0,4,6,1,1,0.562,20,0,0,none,0.9616,0.941,0.9534,T0394,Gemfibrozil,PPAR-alpha,苯氧戊酸类 PPAR-alpha 激动剂，抑制肝脏 VLDL-TG 分泌,0.263,无明确优势骨架命中,,,0.0,0.2632,c1ccccc1,0.6083
2375,T9263,1031496-06-6,Cc1cc(NC(=O)C(c2ccccc2)N2CCCc3ccccc32)no1,C21H21N3O2,347.42,4.12,58.37,1,4,4,3,4,0.238,26,0,0,none,0.9223,1.0,0.9534,T9263,Ranolazine,pFOX / 晚钠电流,部分脂肪酸氧化抑制，改善代谢底物利用,0.195,无明确优势骨架命中,,,0.0,0.1951,O=C(Nc1ccon1)C(c1ccccc1)N1CCCc2ccccc21,0.5742
2376,T3552,1628208-23-0,CC(C)c1c(-c2ccccc2)[nH]c2c(C#N)cnn2c1=O,C16H14N4O,278.31,2.68,73.95,1,3,2,3,3,0.188,21,0,0,none,1.0,0.8835,0.9534,T3552,A-769662,"AMPK (direct, beta1)",直接变构激活 AMPK beta1 亚基，磷酸化 ACC1/2 抑制 DNL,0.235,无明确优势骨架命中,,,0.0,0.2353,O=c1cc(-c2ccccc2)[nH]c2ccnn12,0.5944
2377,T3576,2309755-73-3,CCCc1c(-c2ccccc2)nc2c(C#N)c[nH]n2c1=O,C16H14N4O,278.31,2.51,73.95,1,3,3,3,3,0.188,21,0,0,none,1.0,0.8835,0.9534,T3576,Telmisartan,PPAR-gamma partial / AT1R,AT1 受体拮抗兼 PPAR-gamma 部分激动，文献报道减轻肝细胞脂肪变,0.212,无明确优势骨架命中,,,0.0,0.2118,O=c1cc(-c2ccccc2)nc2cc[nH]n12,0.5826
2378,T64335,7536-58-5,CC(C)(C)OC(=O)N[C@@H](CC(=O)OCc1ccccc1)C(=O)O,C16H21NO6,323.35,2.1,101.93,2,5,6,1,1,0.438,23,0,0,none,0.922,1.0,0.9532,T64335,Bezafibrate,PPAR pan,泛 PPAR 弱激动剂，降低血浆与肝内甘油三酯,0.231,无明确优势骨架命中,,,0.0,0.2308,c1ccccc1,0.592
2379,T64336,1303512-02-8,CC(C)(C)OC(=O)N1CCN(Cc2ccn(Cc3ccc(Cl)cc3)c(=O)c2O)CC1,C22H28ClN3O4,433.94,3.31,75.01,1,5,4,2,3,0.455,30,1,0,none,1.0,0.883,0.9532,T64336,Bezafibrate,PPAR pan,泛 PPAR 弱激动剂，降低血浆与肝内甘油三酯,0.25,无明确优势骨架命中,,,0.0,0.25,O=c1cc(CN2CCNCC2)ccn1Cc1ccccc1,0.6016
2380,T5452,861249-77-6,Nc1c(-c2cccc(O)c2)cnc2c(-c3cccnc3)cnn12,C17H13N5O,303.32,2.75,89.33,2,5,2,4,4,0.0,23,0,0,none,0.9705,0.9271,0.9532,T5452,Nicotinic acid (Niacin),HCAR2 / DGAT2,抑制脂肪组织脂解并弱抑制 DGAT2，减少肝内 VLDL 底物供应,0.24,无明确优势骨架命中,,,0.0,0.24,c1ccc(-c2cnc3c(-c4cccnc4)cnn3c2)cc1,0.5966
2381,T3458,2083627-02-3,CS(=O)(=O)c1ccc(-c2cnc(NCc3ccco3)n3cnnc23)cc1,C17H15N5O3S,369.41,2.4,102.39,1,7,5,4,4,0.118,26,0,0,none,0.922,1.0,0.9532,T3458,Telmisartan,PPAR-gamma partial / AT1R,AT1 受体拮抗兼 PPAR-gamma 部分激动，文献报道减轻肝细胞脂肪变,0.143,无明确优势骨架命中,,,0.0,0.1429,c1ccc(-c2cnc(NCc3ccco3)n3cnnc23)cc1,0.548
2382,T84310,7382-59-4,COc1cc(C(O)C(CO)Oc2ccccc2OC)ccc1O,C17H20O6,320.34,1.88,88.38,3,6,7,2,2,0.294,23,0,0,none,0.9219,1.0,0.9532,T84310,Ranolazine,pFOX / 晚钠电流,部分脂肪酸氧化抑制，改善代谢底物利用,0.265,无明确优势骨架命中,,,0.0,0.2647,c1ccc(CCOc2ccccc2)cc1,0.609
2383,TQ0023,917393-39-6,CC(=O)N(C)c1cc(-c2ccnc3c(C(=O)c4cccs4)cnn23)ccc1F,C20H15FN4O2S,394.43,3.81,67.57,0,5,4,4,4,0.1,28,1,0,none,0.9493,0.9588,0.9531,TQ0023,GW501516,PPAR-delta,PPAR-delta 选择性激动，提升肝与骨骼肌脂肪酸氧化,0.156,无明确优势骨架命中,,,0.0,0.1562,O=C(c1cccs1)c1cnn2c(-c3ccccc3)ccnc12,0.5546
2384,T17258,1913291-02-7,CCNS(=O)(=O)c1ccc(COc2ccc3nc4ccc(=O)cc-4oc3c2)cc1,C21H18N2O5S,410.45,3.17,98.5,1,6,6,2,4,0.143,29,0,0,none,0.9775,0.9165,0.9531,T17258,GW4064,FXR,非甾体高效 FXR 激动剂工具化合物，抑制 DNL 相关转录程序,0.186,无明确优势骨架命中,,,0.0,0.1856,O=c1ccc2nc3ccc(OCc4ccccc4)cc3oc-2c1,0.5694
2385,T25360,80263-73-6,CCOCCOC(=O)c1nc2cc(Cl)ccc2o1,C12H12ClNO4,269.68,2.67,61.56,0,5,5,2,2,0.333,18,1,0,none,1.0,0.8827,0.9531,T25360,Etomoxir,CPT1a (抑制剂/阴性对照),CPT1 不可逆抑制剂，作为脂肪酸氧化通路机制阴性对照,0.281,无明确优势骨架命中,,,0.0,0.2812,c1ccc2ocnc2c1,0.6172
2386,T29261,221132-62-3,Oc1cc2c(cc1Cl)CCNC[C@@H]2c1cccc2ccoc12,C18H16ClNO2,313.78,4.07,45.4,2,3,1,3,4,0.222,22,1,0,none,0.9219,1.0,0.9531,T29261,Naringenin,PPAR-alpha / SREBP,柑橘黄烷酮，抑制脂肪生成基因并促进脂肪酸氧化,0.143,无明确优势骨架命中,,,0.0,0.1429,c1ccc2c(c1)CCNCC2c1cccc2ccoc12,0.548
2387,T1043,3679-64-9,O=C(Nc1ccc(Cl)cc1)c1cc(Br)ccc1O,C13H9BrClNO2,326.58,4.06,49.33,2,2,2,2,2,0.0,18,2,0,none,0.9345,0.9811,0.9531,T1043,Salicylate,"AMPK (direct, beta1)",直接结合 AMPK beta1 变构位点，抑制脂肪生成,0.25,无明确优势骨架命中,,,0.0,0.25,O=C(Nc1ccccc1)c1ccccc1,0.6016
2388,T9768L,2311824-72-1,COc1ccc(CN2CCN(CCOC(=O)c3cccnc3)CC2)c(OC)c1OC,C22H29N3O5,415.49,2.08,73.36,0,8,9,2,3,0.455,30,0,0,none,0.9474,0.9616,0.9531,T9768L,Trimetazidine,3-KAT (长链硫解酶),部分脂肪酸氧化抑制剂，代谢调节剂,0.323,无明确优势骨架命中,,,0.0,0.3226,O=C(OCCN1CCN(Cc2ccccc2)CC1)c1cccnc1,0.6378
2389,T9970,374548-18-2,CCc1nc(N2CCOCC2)c(C#N)c2c1CCCC2,C16H21N3O,271.36,2.23,49.15,0,4,2,1,3,0.625,20,0,0,none,0.9838,0.9068,0.953,T9970,PF-06424439 (DGAT2i),DGAT2,二酰甘油酰基转移酶2 抑制剂，直接阻断甘油三酯酯化终末步骤,0.194,无明确优势骨架命中,,,0.0,0.194,c1nc(N2CCOCC2)cc2c1CCCC2,0.5735
2390,T33940,1400811-63-3,CC1(C)C(=O)N(C(=O)NCC2CCN(CC3(O)CCOCC3)CC2)c2cc(F)ccc21,C23H32FN3O4,433.52,2.41,82.11,2,5,4,1,4,0.652,31,1,0,none,0.9983,0.8849,0.9529,T33940,TVB-2640 (Denifanstat),FASN,脂肪酸合酶 beta-酮脂酰还原酶结构域抑制剂，直接阻断棕榈酸从头合成,0.192,无明确优势骨架命中,,,0.0,0.1919,O=C1Cc2ccccc2N1C(=O)NCC1CCN(CC2CCOCC2)CC1,0.5724
2391,TL0008,67884-30-4,COc1cc(O)cc(CCc2ccc(OC)c(O)c2)c1,C16H18O4,274.32,2.9,58.92,2,4,5,2,2,0.25,20,0,0,none,1.0,0.8821,0.9529,TL0008,Trimetazidine,3-KAT (长链硫解酶),部分脂肪酸氧化抑制剂，代谢调节剂,0.212,无明确优势骨架命中,,,0.0,0.2115,c1ccc(CCc2ccccc2)cc1,0.5822
2392,TN7033,83088-28-2,COc1cc(O)cc(CCc2ccc(O)c(OC)c2)c1,C16H18O4,274.32,2.9,58.92,2,4,5,2,2,0.25,20,0,0,none,1.0,0.8821,0.9529,TN7033,Bezafibrate,PPAR pan,泛 PPAR 弱激动剂，降低血浆与肝内甘油三酯,0.197,无明确优势骨架命中,,,0.0,0.1967,c1ccc(CCc2ccccc2)cc1,0.5748
2393,T3965,872365-14-5,Cc1c(CC(=O)O)c2cccnc2n1Cc1ccc(S(C)(=O)=O)cc1C(F)(F)F,C19H17F3N2O4S,426.42,3.44,89.26,1,4,5,3,3,0.263,29,3,0,none,1.0,0.8823,0.9529,T3965,Lanifibranor,PPAR pan (alpha/delta/gamma),泛 PPAR 激动，促进 beta-氧化、抑制脂肪生成与炎症纤维化,0.237,无明确优势骨架命中,,,0.0,0.2375,c1ccc(Cn2ccc3cccnc32)cc1,0.5952
2394,T22698,1279713-77-7,O=C(N[C@H](Cc1ccccc1)C(=O)O)c1sc2cc(F)ccc2c1Cl,C18H13ClFNO3S,377.82,4.12,66.4,2,3,5,3,3,0.111,25,2,0,none,0.9214,1.0,0.9529,T22698,Atorvastatin,HMGCR,HMG-CoA 还原酶抑制，降低胆固醇合成并上调 LDLR,0.241,无明确优势骨架命中,,,0.0,0.241,O=C(NCCc1ccccc1)c1cc2ccccc2s1,0.597
2395,T27583,314297-26-2,O=C(O)COc1cc(Cl)ccc1C(=O)NCc1ccc(Br)cc1F,C16H12BrClFNO4,416.63,3.64,75.63,2,3,6,2,2,0.125,24,3,0,none,0.9959,0.8884,0.9529,T27583,Bezafibrate,PPAR pan,泛 PPAR 弱激动剂，降低血浆与肝内甘油三酯,0.239,无明确优势骨架命中,,,0.0,0.2394,O=C(NCc1ccccc1)c1ccccc1,0.5962
2396,T60796,1613480-70-8,Cc1cnn(-c2ccncc2N2CCC(C(=O)N(C)C)CC2)c1,C17H23N5O,313.41,1.88,54.26,0,4,3,2,3,0.471,23,0,0,none,0.9214,1.0,0.9528,T60796,PF-06424439 (DGAT2i),DGAT2,二酰甘油酰基转移酶2 抑制剂，直接阻断甘油三酯酯化终末步骤,0.365,无明确优势骨架命中,,,0.0,0.3651,c1cnn(-c2ccncc2N2CCCCC2)c1,0.6589
2397,T10354,1395946-75-4,CCCc1c(-c2ccccc2)nn(-c2ccccn2)c1O,C17H17N3O,279.34,3.59,50.94,1,3,4,3,3,0.176,21,0,0,none,0.9981,0.885,0.9528,T10354,Telmisartan,PPAR-gamma partial / AT1R,AT1 受体拮抗兼 PPAR-gamma 部分激动，文献报道减轻肝细胞脂肪变,0.195,无明确优势骨架命中,,,0.0,0.1951,c1ccc(-c2ccn(-c3ccccn3)n2)cc1,0.574
2398,T2618,1243244-14-5,Cc1cc(-c2ncc(CC(=O)Nc3ccc(-c4cnccn4)cn3)cc2C)ccn1,C23H20N6O,396.45,3.79,93.55,1,6,5,4,4,0.13,30,0,0,none,0.9475,0.9604,0.9527,T2618,Ervogastat (PF-06865571),DGAT2,口服 DGAT2 抑制剂，降低肝内甘油三酯合成与 VLDL 分泌,0.205,无明确优势骨架命中,,,0.0,0.2048,O=C(Cc1ccc(-c2ccncc2)nc1)Nc1ccc(-c2cnccn2)cn1,0.5788
2399,T3358,200626-61-5,O=C(c1ccc(Cl)cc1Cl)n1nnc2ccccc21,C13H7Cl2N3O,292.12,3.43,47.78,0,3,1,3,3,0.0,19,2,0,none,0.9944,0.8902,0.9527,T3358,Telmisartan,PPAR-gamma partial / AT1R,AT1 受体拮抗兼 PPAR-gamma 部分激动，文献报道减轻肝细胞脂肪变,0.2,无明确优势骨架命中,,,0.0,0.2,O=C(c1ccccc1)n1nnc2ccccc21,0.5764
2400,T27598,1314944-07-4,Cc1cc(N2CCC[C@@H](N)C2)c2c(n1)n(C)c(=O)n2Cc1ccccc1C#N,C21H24N6O,376.46,1.89,92.87,1,5,3,3,4,0.381,28,0,0,none,0.9212,1.0,0.9527,T27598,Pentoxifylline,PDE / TNF-alpha,非选择性磷酸二酯酶抑制剂，降低肝脏炎症与脂质沉积,0.185,无明确优势骨架命中,,,0.0,0.1852,O=c1[nH]c2nccc(N3CCCCC3)c2n1Cc1ccccc1,0.569
2401,T39673,2201048-82-8,Fc1ccccc1Cc1nc(-c2nnc(C(F)(F)F)[nH]2)cn2ccnc12,C16H10F4N6,362.29,3.26,71.76,1,4,3,4,4,0.125,26,4,0,none,0.9705,0.926,0.9527,T39673,Ervogastat (PF-06865571),DGAT2,口服 DGAT2 抑制剂，降低肝内甘油三酯合成与 VLDL 分泌,0.14,无明确优势骨架命中,,,0.0,0.1395,c1ccc(Cc2nc(-c3nnc[nH]3)cn3ccnc23)cc1,0.5461
2402,T4222,952849-76-2,Cc1ccc(-c2nnc(NC(=O)c3ccc(Br)s3)o2)cc1,C14H10BrN3O2S,364.22,4.12,68.02,1,5,3,3,3,0.071,21,1,0,none,0.921,1.0,0.9526,T4222,GW501516,PPAR-delta,PPAR-delta 选择性激动，提升肝与骨骼肌脂肪酸氧化,0.159,无明确优势骨架命中,,,0.0,0.1585,O=C(Nc1nnc(-c2ccccc2)o1)c1cccs1,0.5556
2403,T3329,1157-39-7,COc1ccc(-c2coc3cc(OC)ccc3c2=O)cc1,C17H14O4,282.3,3.48,48.67,0,4,3,3,3,0.118,21,0,0,none,0.9994,0.8823,0.9526,T3329,ACC inhibitor chemotype (firsocostat-like proxy),ACC1/ACC2,变构抑制乙酰辅酶A羧化酶，降低丙二酰辅酶A、阻断新发脂质合成(DNL)并解除 CPT1 抑制,0.169,无明确优势骨架命中,,,0.0,0.169,O=c1c(-c2ccccc2)coc2ccccc12,0.5608
2404,T13118,136529-33-4,CCN(CC)CC#CC(C)(C)OC(=O)C(O)(c1ccccc1)C1CCCCC1,C24H35NO3,385.55,4.12,49.77,1,4,7,1,2,0.625,28,0,0,none,0.921,1.0,0.9526,T13118,Ciprofibrate,PPAR-alpha,长效贝特类，诱导过氧化物酶体增殖与脂肪酸 beta-氧化,0.194,无明确优势骨架命中,,,0.0,0.194,c1ccc(CC2CCCCC2)cc1,0.5733
2405,T9587,1616271-41-0,COc1ccc(-c2cccc(NC(=O)C(Cl)Cl)c2)cc1OC,C16H15Cl2NO3,340.21,4.11,47.56,1,3,5,2,2,0.188,22,2,0,none,0.921,1.0,0.9526,T9587,Ranolazine,pFOX / 晚钠电流,部分脂肪酸氧化抑制，改善代谢底物利用,0.265,无明确优势骨架命中,,,0.0,0.2647,c1ccc(-c2ccccc2)cc1,0.6086
2406,T1141,43210-67-9,COC(=O)Nc1nc2cc(Sc3ccccc3)ccc2[nH]1,C15H13N3O2S,299.36,3.89,67.01,2,4,3,3,3,0.067,21,0,0,none,0.9667,0.9315,0.9526,T1141,Ranolazine,pFOX / 晚钠电流,部分脂肪酸氧化抑制，改善代谢底物利用,0.2,无明确优势骨架命中,,,0.0,0.2,c1ccc(Sc2ccc3[nH]cnc3c2)cc1,0.5763
2407,T5778,21392-57-4,COc1cc(OC)c2c(=O)cc(-c3ccccc3)oc2c1,C17H14O4,282.3,3.48,48.67,0,4,3,3,3,0.118,21,0,0,none,0.9994,0.8823,0.9526,T5778,ACC inhibitor chemotype (firsocostat-like proxy),ACC1/ACC2,变构抑制乙酰辅酶A羧化酶，降低丙二酰辅酶A、阻断新发脂质合成(DNL)并解除 CPT1 抑制,0.197,黄酮/黄烷酮母核,AMPK / SREBP-1c,黄酮类多酚激活 AMPK-SIRT1 轴，抑制 SREBP-1c/FAS/ACC 表达并促进脂噬,0.6,0.4672,O=c1cc(-c2ccccc2)oc2ccccc12,0.7099
2408,TN2883,4143-62-8,COc1ccc(-c2cc(=O)c3ccccc3o2)cc1OC,C17H14O4,282.3,3.48,48.67,0,4,3,3,3,0.118,21,0,0,none,0.9994,0.8823,0.9526,TN2883,ACC inhibitor chemotype (firsocostat-like proxy),ACC1/ACC2,变构抑制乙酰辅酶A羧化酶，降低丙二酰辅酶A、阻断新发脂质合成(DNL)并解除 CPT1 抑制,0.197,黄酮/黄烷酮母核,AMPK / SREBP-1c,黄酮类多酚激活 AMPK-SIRT1 轴，抑制 SREBP-1c/FAS/ACC 表达并促进脂噬,0.6,0.4672,O=c1cc(-c2ccccc2)oc2ccccc12,0.7099
2409,T16850,211096-49-0,N#Cc1ccc(NC(=O)Nc2ccccc2Br)c2[nH]nnc12,C14H9BrN6O,357.17,3.24,106.49,3,4,2,3,3,0.0,22,1,0,none,0.9218,0.9982,0.9524,T16850,A-769662,"AMPK (direct, beta1)",直接变构激活 AMPK beta1 亚基，磷酸化 ACC1/2 抑制 DNL,0.164,无明确优势骨架命中,,,0.0,0.1644,O=C(Nc1ccccc1)Nc1cccc2nn[nH]c12,0.5584
2410,T9734,2428737-43-1,Cc1c(S(=O)(=O)Nc2cccc(CN)c2)sc2ccc(Cl)cc12,C16H15ClN2O2S2,366.9,4.12,72.19,2,4,4,3,3,0.125,23,1,0,none,0.9207,1.0,0.9524,T9734,Lanifibranor,PPAR pan (alpha/delta/gamma),泛 PPAR 激动，促进 beta-氧化、抑制脂肪生成与炎症纤维化,0.171,无明确优势骨架命中,,,0.0,0.1711,O=S(=O)(Nc1ccccc1)c1cc2ccccc2s1,0.5618
2411,T3193,937039-45-7,Cc1ccc(NC(=O)CCCCCC(=O)Nc2ccccc2N)cc1,C20H25N3O2,339.44,4.1,84.22,3,3,8,2,2,0.3,25,0,0,none,0.9207,1.0,0.9524,T3193,Ranolazine,pFOX / 晚钠电流,部分脂肪酸氧化抑制，改善代谢底物利用,0.214,无明确优势骨架命中,,,0.0,0.2143,O=C(CCCCCC(=O)Nc1ccccc1)Nc1ccccc1,0.5834
2412,T36816,2799-07-7,N[C@@H](CSC(c1ccccc1)(c1ccccc1)c1ccccc1)C(=O)O,C22H21NO2S,363.48,4.12,63.32,2,3,7,3,3,0.136,26,0,0,none,0.9205,1.0,0.9523,T36816,Salicylate,"AMPK (direct, beta1)",直接结合 AMPK beta1 变构位点，抑制脂肪生成,0.243,无明确优势骨架命中,,,0.0,0.2432,c1ccc(C(c2ccccc2)c2ccccc2)cc1,0.5978
2413,T2437,165682-93-9,CCOC(=O)c1csc(Nc2ccc(Cl)cc2)n1,C12H11ClN2O2S,282.75,3.72,51.22,1,5,4,2,2,0.167,18,1,0,none,0.9895,0.8964,0.9523,T2437,Etomoxir,CPT1a (抑制剂/阴性对照),CPT1 不可逆抑制剂，作为脂肪酸氧化通路机制阴性对照,0.29,无明确优势骨架命中,,,0.0,0.2903,c1ccc(Nc2nccs2)cc1,0.6213
2414,T0239,50264-69-2,O=C(O)c1nn(Cc2ccc(Cl)cc2Cl)c2ccccc12,C15H10Cl2N2O2,321.16,4.09,55.12,1,2,3,3,3,0.067,21,2,0,none,0.9282,0.9882,0.9522,T0239,Fluvastatin,HMGCR,全合成 HMGCR 抑制剂,0.213,无明确优势骨架命中,,,0.0,0.2133,c1ccc(Cn2ncc3ccccc32)cc1,0.5828
2415,T23533,1477-57-2,O=C(NCCCCCCCCNC(=O)C(Cl)Cl)C(Cl)Cl,C12H20Cl4N2O2,366.12,3.17,58.2,2,2,11,0,0,0.833,20,4,0,none,0.9263,0.991,0.9522,T23533,Bempedoic acid,ACLY / AMPK,肝特异性 ATP-柠檬酸裂解酶抑制剂前药，减少乙酰辅酶A 供应并激活 AMPK,0.194,无明确优势骨架命中,,,0.0,0.1944,,0.5733
2416,T2035,21561-09-1,COc1cc2ncnc(Nc3ccccc3)c2cc1OC,C16H15N3O2,281.32,3.39,56.27,1,5,4,3,3,0.125,21,0,0,none,1.0,0.8802,0.9521,T2035,Ranolazine,pFOX / 晚钠电流,部分脂肪酸氧化抑制，改善代谢底物利用,0.186,无明确优势骨架命中,,,0.0,0.1857,c1ccc(Nc2ncnc3ccccc23)cc1,0.5689
2417,TN1973,3682-04-0,CC(=O)Oc1ccc([C@@H]2CC(=O)c3c(OC(C)=O)cc(OC(C)=O)cc3O2)cc1,C21H18O8,398.37,3.17,105.2,0,8,4,2,3,0.238,29,0,0,none,0.9325,0.9815,0.9521,TN1973,Naringenin,PPAR-alpha / SREBP,柑橘黄烷酮，抑制脂肪生成基因并促进脂肪酸氧化,0.462,黄酮/黄烷酮母核,AMPK / SREBP-1c,黄酮类多酚激活 AMPK-SIRT1 轴，抑制 SREBP-1c/FAS/ACC 表达并促进脂噬,0.6,0.7315,O=C1CC(c2ccccc2)Oc2ccccc21,0.8418
2418,T22954,338736-46-2,COc1ccc(Nc2ncnc3ccc(OC)cc23)cc1,C16H15N3O2,281.31,3.39,56.27,1,5,4,3,3,0.125,21,0,0,none,1.0,0.8802,0.9521,T22954,GW4064,FXR,非甾体高效 FXR 激动剂工具化合物，抑制 DNL 相关转录程序,0.145,无明确优势骨架命中,,,0.0,0.1446,c1ccc(Nc2ncnc3ccccc23)cc1,0.5484
2419,T69645L,2986118-54-9,CN1c2ccc(C#Cc3cccnc3)cc2[C@H]2[C@H](CCN2C(=O)C2CCCCC2)[C@@H]1CO,C27H31N3O2,429.56,3.76,56.67,1,4,2,2,5,0.481,32,0,0,none,0.9848,0.9027,0.952,T69645L,Nicotinic acid (Niacin),HCAR2 / DGAT2,抑制脂肪组织脂解并弱抑制 DGAT2，减少肝内 VLDL 底物供应,0.209,无明确优势骨架命中,,,0.0,0.209,O=C(C1CCCCC1)N1CCC2CNc3ccc(C#Cc4cccnc4)cc3C21,0.5805
2420,T13356,1072803-08-7,Cc1nc(N2CCN(Cc3ccc(F)cc3)C2=O)sc1C(=O)NCc1cccnc1,C21H20FN5O2S,425.49,3.36,78.43,1,5,6,3,4,0.238,30,1,0,none,1.0,0.88,0.952,T13356,Nicotinic acid (Niacin),HCAR2 / DGAT2,抑制脂肪组织脂解并弱抑制 DGAT2，减少肝内 VLDL 底物供应,0.212,无明确优势骨架命中,,,0.0,0.2121,O=C(NCc1cccnc1)c1cnc(N2CCN(Cc3ccccc3)C2=O)s1,0.582
2421,T69645,2414154-84-8,CN1c2ccc(C#Cc3cccnc3)cc2[C@@H]2[C@@H](CCN2C(=O)C2CCCCC2)[C@H]1CO,C27H31N3O2,429.56,3.76,56.67,1,4,2,2,5,0.481,32,0,0,none,0.9848,0.9027,0.952,T69645,Nicotinic acid (Niacin),HCAR2 / DGAT2,抑制脂肪组织脂解并弱抑制 DGAT2，减少肝内 VLDL 底物供应,0.209,无明确优势骨架命中,,,0.0,0.209,O=C(C1CCCCC1)N1CCC2CNc3ccc(C#Cc4cccnc4)cc3C21,0.5805
2422,T20735,10049-83-9,Cc1ncc(CSSCc2cnc(C)c(O)c2CO)c(CO)c1O,C16H20N2O4S2,368.48,2.57,106.7,4,8,7,2,2,0.375,24,0,0,none,0.92,1.0,0.952,T0905;T20735,GW501516,PPAR-delta,PPAR-delta 选择性激动，提升肝与骨骼肌脂肪酸氧化,0.155,无明确优势骨架命中,,,0.0,0.1549,c1cncc(CSSCc2cccnc2)c1,0.5534
2423,T0727,1951/3/6,CCCCOCCOCCOCc1cc2c(cc1CCC)OCO2,C19H30O5,338.44,3.72,46.15,0,5,13,1,2,0.684,24,0,0,none,0.9199,1.0,0.9519,T0727,Berberine,AMPK / PCSK9 / LDLR,原小檗碱型生物碱，激活 AMPK 并稳定 LDLR mRNA，HepG2 经典降脂阳性对照,0.197,无明确优势骨架命中,,,0.0,0.197,c1ccc2c(c1)OCO2,0.5744
2424,T2057,376640-41-4,Cc1c(Cl)cccc1S(=O)(=O)Nc1nc(CC(=O)N2CCN(C)CC2)cs1,C17H21ClN4O3S2,428.97,2.22,82.61,1,6,5,2,3,0.412,27,1,0,none,0.983,0.9053,0.9519,T2057,Lanifibranor,PPAR pan (alpha/delta/gamma),泛 PPAR 激动，促进 beta-氧化、抑制脂肪生成与炎症纤维化,0.256,无明确优势骨架命中,,,0.0,0.2564,O=C(Cc1csc(NS(=O)(=O)c2ccccc2)n1)N1CCNCC1,0.6042
2425,T12235,307519-88-6,CCOC(=O)c1c(NC(=O)CC2Nc3cc(C)c(C)cc3NC2=O)sc(C)c1C,C21H25N3O4S,415.52,3.92,96.53,3,6,5,2,3,0.381,29,0,0,none,0.9486,0.9568,0.9519,T12235,Etomoxir,CPT1a (抑制剂/阴性对照),CPT1 不可逆抑制剂，作为脂肪酸氧化通路机制阴性对照,0.195,无明确优势骨架命中,,,0.0,0.1948,O=C(CC1Nc2ccccc2NC1=O)Nc1cccs1,0.5734
2426,T69760,2230640-94-3,C=CCNc1nc(N)c(C(=O)c2ccc(F)s2)s1,C11H10FN3OS2,283.35,2.75,68.01,2,6,5,2,2,0.091,18,1,0,none,1.0,0.8798,0.9519,T69760,GW501516,PPAR-delta,PPAR-delta 选择性激动，提升肝与骨骼肌脂肪酸氧化,0.157,无明确优势骨架命中,,,0.0,0.1566,O=C(c1cccs1)c1cncs1,0.5542
2427,T1590,112809-51-5,N#Cc1ccc(C(c2ccc(C#N)cc2)n2cncn2)cc1,C17H11N5,285.31,2.66,78.29,0,4,3,3,3,0.059,22,0,0,none,1.0,0.8795,0.9518,T1590,Resmetirom (MGL-3196),THR-beta,肝脏选择性甲状腺激素受体 beta 激动；上调 CPT1A/线粒体 beta-氧化与脂噬，降低肝内甘油三酯,0.125,无明确优势骨架命中,,,0.0,0.125,c1ccc(C(c2ccccc2)n2cncn2)cc1,0.5384
2428,T15732,1374639-75-4,CN(C)C(=O)c1cc2cnc(Nc3ccc(N4CCNCC4)cn3)nc2n1C1CCCC1,C23H30N8O,434.55,2.8,91.21,2,7,5,3,5,0.478,32,0,0,none,0.9995,0.8802,0.9518,T15730;T15732;T6199,PF-06424439 (DGAT2i),DGAT2,二酰甘油酰基转移酶2 抑制剂，直接阻断甘油三酯酯化终末步骤,0.214,无明确优势骨架命中,,,0.0,0.2143,c1cc(Nc2ncc3ccn(C4CCCC4)c3n2)ncc1N1CCNCC1,0.583
2429,T2061,1232221-74-7,Cc1cccc(/C=N/Nc2cc(N3CCOCC3)n3nc(-c4ccncc4)cc3n2)c1,C23H23N7O,413.49,3.38,79.94,1,7,5,4,5,0.217,31,0,0,none,0.9705,0.9238,0.9518,T2061,PF-06424439 (DGAT2i),DGAT2,二酰甘油酰基转移酶2 抑制剂，直接阻断甘油三酯酯化终末步骤,0.165,无明确优势骨架命中,,,0.0,0.1647,C(=NNc1cc(N2CCOCC2)n2nc(-c3ccncc3)cc2n1)c1ccccc1,0.5582
2430,T0962,101-31-5,CN1[C@@H]2CC[C@H]1CC(OC(=O)[C@H](CO)c1ccccc1)C2,C17H23NO3,289.38,1.93,49.77,1,4,4,1,3,0.588,21,0,0,none,0.9327,0.9802,0.9517,T0962,Ranolazine,pFOX / 晚钠电流,部分脂肪酸氧化抑制，改善代谢底物利用,0.225,无明确优势骨架命中,,,0.0,0.2254,O=C(Cc1ccccc1)OC1CC2CCC(C1)N2,0.5886
2431,T7551,213819-48-8,CCC1(O)C(=O)OCc2c1cc1n(c2=O)Cc2c-1nc1ccccc1c2CCNC(C)C,C25H27N3O4,433.51,2.62,93.45,2,6,5,3,5,0.4,32,0,0,none,0.9962,0.8849,0.9517,T7551,GW4064,FXR,非甾体高效 FXR 激动剂工具化合物，抑制 DNL 相关转录程序,0.165,无明确优势骨架命中,,,0.0,0.1651,O=C1Cc2cc3n(c(=O)c2CO1)Cc1cc2ccccc2nc1-3,0.5584
2432,T0180,86541-74-4,CCOC(=O)[C@H](CCc1ccccc1)N[C@H]1CCc2ccccc2N(CC(=O)O)C1=O,C24H28N2O5,424.5,2.57,95.94,2,5,9,2,3,0.375,31,0,0,none,0.9739,0.9185,0.9517,T0180,Ranolazine,pFOX / 晚钠电流,部分脂肪酸氧化抑制，改善代谢底物利用,0.198,无明确优势骨架命中,,,0.0,0.1977,O=C1Nc2ccccc2CCC1NCCCc1ccccc1,0.5747
2433,T0375,51-55-8,CN1[C@@H]2CC[C@H]1C[C@@H](OC(=O)C(CO)c1ccccc1)C2,C17H23NO3,289.38,1.93,49.77,1,4,4,1,3,0.588,21,0,0,none,0.9327,0.9802,0.9517,T0375;T0375L,Ranolazine,pFOX / 晚钠电流,部分脂肪酸氧化抑制，改善代谢底物利用,0.225,无明确优势骨架命中,,,0.0,0.2254,O=C(Cc1ccccc1)OC1CC2CCC(C1)N2,0.5886
2434,T4S1619,620-61-1,CN1[C@@H]2CC[C@H]1C[C@@H](OC(=O)[C@H](CO)c1ccccc1)C2,C17H23NO3,289.38,1.93,49.77,1,4,4,1,3,0.588,21,0,0,none,0.9327,0.9802,0.9517,T4S1619,Ranolazine,pFOX / 晚钠电流,部分脂肪酸氧化抑制，改善代谢底物利用,0.225,无明确优势骨架命中,,,0.0,0.2254,O=C(Cc1ccccc1)OC1CC2CCC(C1)N2,0.5886
2435,T26326,1158347-73-9,O=C(NCCN1CCC2(CC1)C(=O)NCN2c1ccccc1)c1cnc2ccccc2c1,C25H27N5O2,429.52,2.39,77.57,2,5,5,3,5,0.32,32,0,0,none,0.9974,0.8829,0.9516,T26326,Nicotinic acid (Niacin),HCAR2 / DGAT2,抑制脂肪组织脂解并弱抑制 DGAT2，减少肝内 VLDL 底物供应,0.179,无明确优势骨架命中,,,0.0,0.1791,O=C(NCCN1CCC2(CC1)C(=O)NCN2c1ccccc1)c1cnc2ccccc2c1,0.5654
2436,T84875,82-76-8,O=S(=O)(O)c1cccc2cccc(Nc3ccccc3)c12,C16H13NO3S,299.35,3.83,66.4,2,3,3,3,3,0.0,21,0,0,none,0.9761,0.9148,0.9516,T84875,Salicylate,"AMPK (direct, beta1)",直接结合 AMPK beta1 变构位点，抑制脂肪生成,0.195,无明确优势骨架命中,,,0.0,0.1951,c1ccc(Nc2cccc3ccccc23)cc1,0.5734
2437,T11615,1888341-29-4,CSCCNc1nonc1-c1noc(=O)n1-c1ccc(F)c(Br)c1,C13H11BrFN5O3S,416.23,2.55,98.98,1,8,6,3,3,0.231,24,2,0,none,0.975,0.9164,0.9516,T11615,GW4064,FXR,非甾体高效 FXR 激动剂工具化合物，抑制 DNL 相关转录程序,0.139,无明确优势骨架命中,,,0.0,0.1386,O=c1onc(-c2cnon2)n1-c1ccccc1,0.5451
2438,T68054,73931-96-1,OC(Cn1ccnc1)c1ccc(CCc2ccccc2)cc1,C19H20N2O,292.38,3.4,38.05,1,2,6,3,3,0.211,22,0,0,none,0.9568,0.9438,0.9516,T68054,Ezetimibe,NPC1L1,抑制胆固醇再摄取，降低肝内胆固醇酯负荷,0.2,无明确优势骨架命中,,,0.0,0.2,c1ccc(CCc2ccc(CCn3ccnc3)cc2)cc1,0.5758
2439,T2157,251456-60-7,CN(C)c1ccc(C(=O)NCCCCCCC(=O)NO)cc1,C16H25N3O3,307.39,1.94,81.67,3,4,9,1,1,0.5,22,0,0,none,0.9194,1.0,0.9516,T2157,Bezafibrate,PPAR pan,泛 PPAR 弱激动剂，降低血浆与肝内甘油三酯,0.283,无明确优势骨架命中,,,0.0,0.2833,c1ccccc1,0.6175
2440,T4011,1792999-26-8,O[C@H]1CC[C@@H](Oc2cccc3cnc(Nc4ccc5nc[nH]c5c4)nc23)CC1,C21H21N5O2,375.43,3.93,95.95,3,6,4,4,5,0.286,28,0,0,none,0.9192,1.0,0.9515,T4011,Ervogastat (PF-06865571),DGAT2,口服 DGAT2 抑制剂，降低肝内甘油三酯合成与 VLDL 分泌,0.176,无明确优势骨架命中,,,0.0,0.1765,c1cc(OC2CCCCC2)c2nc(Nc3ccc4nc[nH]c4c3)ncc2c1,0.564
2441,T11469,2170136-65-7,CCc1c(C#N)c(S[C@@H](C(N)=O)c2ccccc2)nc(N(C)C)c1C#N,C19H19N5OS,365.46,2.77,106.8,1,6,6,2,2,0.263,26,0,0,none,0.9192,1.0,0.9515,T11469,A-769662,"AMPK (direct, beta1)",直接变构激活 AMPK beta1 亚基，磷酸化 ACC1/2 抑制 DNL,0.169,无明确优势骨架命中,,,0.0,0.1688,c1ccc(CSc2ccccn2)cc1,0.5602
2442,T20811,32809-16-8,CC12CC1(C)C(=O)N(c1cc(Cl)cc(Cl)c1)C2=O,C13H11Cl2NO2,284.14,3.28,37.38,0,2,1,1,3,0.385,18,2,0,none,0.9481,0.9563,0.9514,T20811,Etomoxir,CPT1a (抑制剂/阴性对照),CPT1 不可逆抑制剂，作为脂肪酸氧化通路机制阴性对照,0.158,无明确优势骨架命中,,,0.0,0.1579,O=C1C2CC2C(=O)N1c1ccccc1,0.5546
2443,T67866,2131223-92-0,Cc1c(C(=O)Nc2ccc3ccccc3n2)cnn1-c1ccccc1,C20H16N4O,328.38,3.98,59.81,1,3,3,4,4,0.05,25,0,0,none,0.9213,0.9964,0.9513,T67866,Telmisartan,PPAR-gamma partial / AT1R,AT1 受体拮抗兼 PPAR-gamma 部分激动，文献报道减轻肝细胞脂肪变,0.2,无明确优势骨架命中,,,0.0,0.2,O=C(Nc1ccc2ccccc2n1)c1cnn(-c2ccccc2)c1,0.5756
2444,T31123,2127037-35-6,COc1cccc(-c2ccc3[nH]cc(CC(=O)O)c3c2)c1,C17H15NO3,281.31,3.47,62.32,2,2,4,3,3,0.118,21,0,0,none,1.0,0.8783,0.9513,T31123,Lanifibranor,PPAR pan (alpha/delta/gamma),泛 PPAR 激动，促进 beta-氧化、抑制脂肪生成与炎症纤维化,0.181,无明确优势骨架命中,,,0.0,0.1806,c1ccc(-c2ccc3[nH]ccc3c2)cc1,0.566
2445,T19766,133-06-2,O=C1C2CC=CCC2C(=O)N1SC(Cl)(Cl)Cl,C9H8Cl3NO2S,300.59,2.91,37.38,0,3,1,0,2,0.556,16,3,0,none,0.9186,1.0,0.9512,T19766,Ciprofibrate,PPAR-alpha,长效贝特类，诱导过氧化物酶体增殖与脂肪酸 beta-氧化,0.16,无明确优势骨架命中,,,0.0,0.16,O=C1NC(=O)C2CC=CCC12,0.5556
2446,T67846,,COc1ccccc1NC(=O)c1ccccc1OCc1c(C)noc1C,C20H20N2O4,352.39,4.13,73.59,1,5,6,3,3,0.2,26,0,0,none,0.9187,1.0,0.9512,T67846,Ranolazine,pFOX / 晚钠电流,部分脂肪酸氧化抑制，改善代谢底物利用,0.267,无明确优势骨架命中,,,0.0,0.2667,O=C(Nc1ccccc1)c1ccccc1OCc1cnoc1,0.609
2447,T22963,55-45-8,C[N+](C)(C)CC#CCOC(=O)Nc1cccc(Cl)c1,C14H18ClN2O2+,281.76,2.6,38.33,1,2,3,1,1,0.357,19,1,0,none,0.9587,0.94,0.9512,T22963,Bezafibrate,PPAR pan,泛 PPAR 弱激动剂，降低血浆与肝内甘油三酯,0.191,无明确优势骨架命中,,,0.0,0.1912,c1ccccc1,0.5712
2448,TYD-02592,845305-83-1,CC(C)(C)OC(=O)N1CCC(OC2CCNCC2)CC1,C15H28N2O3,284.4,2.15,50.8,1,4,2,0,2,0.933,20,0,0,none,0.9444,0.9612,0.9511,TYD-02592,Ervogastat (PF-06865571),DGAT2,口服 DGAT2 抑制剂，降低肝内甘油三酯合成与 VLDL 分泌,0.231,无明确优势骨架命中,,,0.0,0.2308,C1CC(OC2CCNCC2)CCN1,0.591
2449,T70348,1628945-93-6,Cc1cc(C(=O)O)nc(N2C[C@H]3C[C@@H](c4ccccc4C(F)(F)F)C[C@H]3C2)n1,C20H20F3N3O2,391.39,4.13,66.32,1,4,3,2,4,0.45,28,3,0,none,0.9185,1.0,0.9511,T70348,TVB-2640 (Denifanstat),FASN,脂肪酸合酶 beta-酮脂酰还原酶结构域抑制剂，直接阻断棕榈酸从头合成,0.213,无明确优势骨架命中,,,0.0,0.2135,c1ccc(C2CC3CN(c4ncccn4)CC3C2)cc1,0.5823
2450,T7522,260264-93-5,CNC(=O)[C@@H](NC(=O)[C@H](CCCc1ccccc1)[C@H](C)N(O)C=O)C(C)(C)C,C21H33N3O4,391.51,2.14,98.74,3,4,10,1,1,0.571,28,0,0,none,0.9183,1.0,0.951,T7522,Bezafibrate,PPAR pan,泛 PPAR 弱激动剂，降低血浆与肝内甘油三酯,0.216,无明确优势骨架命中,,,0.0,0.2162,c1ccccc1,0.5836
2451,T7352,346688-38-8,CCCN1CCC(c2cccc(S(C)(=O)=O)c2)CC1,C15H23NO2S,281.42,2.68,37.38,0,3,4,1,2,0.6,19,0,0,none,0.9521,0.9493,0.951,T7352,Lanifibranor,PPAR pan (alpha/delta/gamma),泛 PPAR 激动，促进 beta-氧化、抑制脂肪生成与炎症纤维化,0.191,无明确优势骨架命中,,,0.0,0.1912,c1ccc(C2CCNCC2)cc1,0.5711
2452,T28435,146798-66-5,CCCN1CCC[C@@H](c2cccc(S(C)(=O)=O)c2)C1,C15H23NO2S,281.42,2.68,37.38,0,3,4,1,2,0.6,19,0,0,none,0.9521,0.9493,0.951,T28435,Lanifibranor,PPAR pan (alpha/delta/gamma),泛 PPAR 激动，促进 beta-氧化、抑制脂肪生成与炎症纤维化,0.183,无明确优势骨架命中,,,0.0,0.1831,c1ccc(C2CCCNC2)cc1,0.567
2453,T3230,16673-34-0,COc1ccc(Cl)cc1C(=O)NCCc1ccc(S(N)(=O)=O)cc1,C16H17ClN2O4S,368.84,1.97,98.49,2,4,6,2,2,0.188,24,1,0,none,0.9183,1.0,0.951,T3230,Bezafibrate,PPAR pan,泛 PPAR 弱激动剂，降低血浆与肝内甘油三酯,0.387,无明确优势骨架命中,,,0.0,0.3871,O=C(NCCc1ccccc1)c1ccccc1,0.669
2454,T35898,2051918-33-1,Cc1cc(Nc2cc3ncccc3c(N[C@@H]3C[C@H]4CC[C@@H](C3)N4CCC#N)n2)n[nH]1,C22H26N8,402.51,3.73,105.55,3,7,6,3,5,0.455,30,0,0,none,0.9183,1.0,0.951,T35898,Rosiglitazone,PPAR-gamma,TZD 类 PPAR-gamma 全激动剂，改善胰岛素抵抗与肝内脂肪蓄积,0.134,无明确优势骨架命中,,,0.0,0.134,c1cnc2cc(Nc3cc[nH]n3)nc(NC3CC4CCC(C3)N4)c2c1,0.5425
2455,T60027,160777-43-5,CCCN1CCC[C@H](c2cccc(S(C)(=O)=O)c2)C1,C15H23NO2S,281.42,2.68,37.38,0,3,4,1,2,0.6,19,0,0,none,0.9521,0.9493,0.951,T60027,Lanifibranor,PPAR pan (alpha/delta/gamma),泛 PPAR 激动，促进 beta-氧化、抑制脂肪生成与炎症纤维化,0.183,无明确优势骨架命中,,,0.0,0.1831,c1ccc(C2CCCNC2)cc1,0.567
2456,T4S2012,3606-45-9,CN1Cc2c(ccc3c2OCO3)-c2ccc3cc4c(cc3c21)OCO4,C20H15NO4,333.34,3.91,40.16,0,5,0,3,6,0.2,25,0,0,none,0.9183,1.0,0.951,T4S2012,Berberine,AMPK / PCSK9 / LDLR,原小檗碱型生物碱，激活 AMPK 并稳定 LDLR mRNA，HepG2 经典降脂阳性对照,0.269,无明确优势骨架命中,,,0.0,0.2687,c1cc2c(c3c1OCO3)CNc1c-2ccc2cc3c(cc12)OCO3,0.6098
2457,T23638,100510-33-6,CC1(C)C(=O)Nc2cc3nc(-c4ccncc4)[nH]c3cc21,C16H14N4O,278.31,2.85,70.67,2,3,1,3,4,0.188,21,0,0,none,0.9959,0.8835,0.951,T23638,Ervogastat (PF-06865571),DGAT2,口服 DGAT2 抑制剂，降低肝内甘油三酯合成与 VLDL 分泌,0.145,无明确优势骨架命中,,,0.0,0.1447,O=C1Cc2cc3[nH]c(-c4ccncc4)nc3cc2N1,0.5478
2458,T32402,1801243-39-9,C=C(C)[C@@H]1CCC(C)=C[C@H]1c1c(O)cc(CC2CN(C(C)=O)C2)cc1O,C22H29NO3,355.48,4.13,60.77,2,3,4,1,3,0.5,26,0,0,none,0.9179,1.0,0.9508,T32402,Lanifibranor,PPAR pan (alpha/delta/gamma),泛 PPAR 激动，促进 beta-氧化、抑制脂肪生成与炎症纤维化,0.167,无明确优势骨架命中,,,0.0,0.1667,C1=CC(c2ccc(CC3CNC3)cc2)CCC1,0.5588
2459,T64400,2018-66-8,CC(C)C[C@H](NC(=O)OCc1ccccc1)C(=O)O,C14H19NO4,265.31,2.41,75.63,2,3,6,1,1,0.429,19,0,0,none,0.9983,0.8795,0.9508,T64400,Orlistat,Lipase / FASN-TE,beta-内酯共价抑制脂肪酶及 FASN 硫酯酶结构域,0.225,无明确优势骨架命中,,,0.0,0.2254,c1ccccc1,0.5881
2460,T6417,2854-32-2,COc1ccc2c(c1)c(CC(=O)N1CCOCC1)c(C)n2C(=O)c1ccc(Cl)cc1,C23H23ClN2O4,426.9,3.7,60.77,0,4,4,3,4,0.304,30,1,0,none,0.991,0.8905,0.9508,T6417,Fenofibric acid,PPAR-alpha,激活 PPAR-alpha 上调 CPT1/ACOX1，增强线粒体与过氧化物酶体脂肪酸氧化,0.254,无明确优势骨架命中,,,0.0,0.2537,O=C(Cc1cn(C(=O)c2ccccc2)c2ccccc12)N1CCOCC1,0.6022
2461,T68109,23790-08-1,COc1cc(NCCCCCCN2CCN(CCC(C)O)CC2)c2ncccc2c1,C24H38N4O2,414.59,3.6,60.86,2,6,12,2,3,0.625,30,0,0,none,0.9413,0.9651,0.9508,T68109,Ranolazine,pFOX / 晚钠电流,部分脂肪酸氧化抑制，改善代谢底物利用,0.229,无明确优势骨架命中,,,0.0,0.2289,c1cnc2c(NCCCCCCN3CCNCC3)cccc2c1,0.5898
2462,T38562,1175017-90-9,Nc1ncc(-c2ccncc2)nc1Nc1ccc2[nH]ccc2c1,C17H14N6,302.34,3.35,92.51,3,5,3,4,4,0.0,23,0,0,none,0.9685,0.9242,0.9508,T38562,Ervogastat (PF-06865571),DGAT2,口服 DGAT2 抑制剂，降低肝内甘油三酯合成与 VLDL 分泌,0.167,无明确优势骨架命中,,,0.0,0.1667,c1cc(-c2cncc(Nc3ccc4[nH]ccc4c3)n2)ccn1,0.5588
2463,T9609,1642839-27-7,COc1cc(Nc2cc3c(cn2)nc(-c2ccco2)n3C)cc(OC)c1OC,C20H20N4O4,380.4,4.0,83.57,1,7,6,4,4,0.2,28,0,0,none,0.9181,1.0,0.9508,T9609,Trimetazidine,3-KAT (长链硫解酶),部分脂肪酸氧化抑制剂，代谢调节剂,0.174,无明确优势骨架命中,,,0.0,0.1739,c1ccc(Nc2cc3[nH]c(-c4ccco4)nc3cn2)cc1,0.5624
2464,T4303,144059-86-9,Cc1nc(-c2ccc(C(F)(F)F)cc2)sc1C(=O)O,C12H8F3NO2S,287.26,3.84,50.19,1,3,2,2,2,0.167,19,3,0,none,0.9754,0.9139,0.9508,T4303,GW501516,PPAR-delta,PPAR-delta 选择性激动，提升肝与骨骼肌脂肪酸氧化,0.467,无明确优势骨架命中,,,0.0,0.4667,c1ccc(-c2nccs2)cc1,0.7088
2465,T2538,155206-00-1,CCNC(=O)CCC/C=C\C[C@@H]1[C@@H](/C=C/[C@@H](O)CCc2ccccc2)[C@H](O)C[C@@H]1O,C25H37NO4,415.57,3.15,89.79,4,4,12,1,2,0.56,30,0,0,none,0.9437,0.9613,0.9507,T2538,EPA (Eicosapentaenoic acid),PPAR-alpha / SREBP-1c,omega-3 多不饱和脂肪酸，激活 PPAR-alpha 并抑制 SREBP-1c 成熟,0.25,无明确优势骨架命中,,,0.0,0.25,C(=CC1CCCC1)CCCc1ccccc1,0.6003
2466,T6202,208255-80-5,C[C@H](NC(=O)Cc1cc(F)cc(F)c1)C(=O)N[C@H](C(=O)OC(C)(C)C)c1ccccc1,C23H26F2N2O4,432.47,3.21,84.5,2,4,7,2,2,0.348,31,2,0,none,1.0,0.8766,0.9507,T6202,Bezafibrate,PPAR pan,泛 PPAR 弱激动剂，降低血浆与肝内甘油三酯,0.219,无明确优势骨架命中,,,0.0,0.2192,O=C(CNC(=O)Cc1ccccc1)NCc1ccccc1,0.585
2467,T6633,95635-55-5,COc1ccccc1OCC(O)CN1CCN(CC(=O)Nc2c(C)cccc2C)CC1,C24H33N3O4,427.55,2.31,74.27,2,6,9,2,3,0.458,31,0,0,none,0.9768,0.9116,0.9507,T0207;T6633,Ranolazine,pFOX / 晚钠电流,部分脂肪酸氧化抑制，改善代谢底物利用,1.0,无明确优势骨架命中,,,0.0,0.55,O=C(CN1CCN(CCCOc2ccccc2)CC1)Nc1ccccc1,0.7504
2468,T3589,1796596-46-7,O=C(O)c1ccc(S(=O)(=O)NC2CCCCC2)cc1,C13H17NO4S,283.35,2.0,83.47,2,3,4,1,2,0.462,19,0,0,none,0.9463,0.9571,0.9506,T3589;T3590,Nicotinic acid (Niacin),HCAR2 / DGAT2,抑制脂肪组织脂解并弱抑制 DGAT2，减少肝内 VLDL 底物供应,0.238,无明确优势骨架命中,,,0.0,0.2381,O=S(=O)(NC1CCCCC1)c1ccccc1,0.5944
2469,T2433,154447-35-5,O=c1cc(N2CCOCC2)oc2c1ccc1ccccc12,C17H15NO3,281.31,2.78,42.68,0,4,1,3,4,0.235,21,0,0,none,0.9792,0.9077,0.9506,T2433,PF-06424439 (DGAT2i),DGAT2,二酰甘油酰基转移酶2 抑制剂，直接阻断甘油三酯酯化终末步骤,0.197,无明确优势骨架命中,,,0.0,0.197,O=c1cc(N2CCOCC2)oc2c1ccc1ccccc12,0.5738
2470,T16951,99105-77-8,CS(=O)(=O)c1ccc(C(=O)C2C(=O)CCCC2=O)c(Cl)c1,C14H13ClO5S,328.77,1.86,85.35,0,5,3,1,2,0.357,21,1,0,none,0.9177,1.0,0.9506,T16951,Lanifibranor,PPAR pan (alpha/delta/gamma),泛 PPAR 激动，促进 beta-氧化、抑制脂肪生成与炎症纤维化,0.29,无明确优势骨架命中,,,0.0,0.2903,O=C1CCCC(=O)C1C(=O)c1ccccc1,0.6204
2471,T16865,76081-98-6,Cc1nc2c(OCc3ccccc3)cccn2c1CC#N,C17H15N3O,277.33,3.29,50.32,0,3,4,3,3,0.176,21,0,0,none,1.0,0.8766,0.9506,T16865,GW501516,PPAR-delta,PPAR-delta 选择性激动，提升肝与骨骼肌脂肪酸氧化,0.173,无明确优势骨架命中,,,0.0,0.1728,c1ccc(COc2cccn3ccnc23)cc1,0.5617
2472,T1812,518058-84-9,O=C(NCc1cccc(O)c1)c1cc2cc(F)ccc2[nH]1,C16H13FN2O2,284.29,2.94,65.12,3,2,3,3,3,0.062,21,1,0,none,1.0,0.8764,0.9506,T1812,Atorvastatin,HMGCR,HMG-CoA 还原酶抑制，降低胆固醇合成并上调 LDLR,0.165,无明确优势骨架命中,,,0.0,0.1647,O=C(NCc1ccccc1)c1cc2ccccc2[nH]1,0.5576
2473,T6S1315,480-11-5,COc1c(O)cc2oc(-c3ccccc3)cc(=O)c2c1O,C16H12O5,284.27,2.88,79.9,2,5,2,3,3,0.062,21,0,0,none,1.0,0.8763,0.9505,T6S1315,Salicylate,"AMPK (direct, beta1)",直接结合 AMPK beta1 变构位点，抑制脂肪生成,0.217,黄酮/黄烷酮母核,AMPK / SREBP-1c,黄酮类多酚激活 AMPK-SIRT1 轴，抑制 SREBP-1c/FAS/ACC 表达并促进脂噬,0.6,0.4874,O=c1cc(-c2ccccc2)oc2ccccc12,0.719
2474,T4S0878,552-59-0,COc1cc(O)c2c(=O)c(-c3ccc(O)cc3)coc2c1,C16H12O5,284.27,2.88,79.9,2,5,2,3,3,0.062,21,0,0,none,1.0,0.8763,0.9505,T4S0878,Naringenin,PPAR-alpha / SREBP,柑橘黄烷酮，抑制脂肪生成基因并促进脂肪酸氧化,0.246,无明确优势骨架命中,,,0.0,0.2456,O=c1c(-c2ccccc2)coc2ccccc12,0.598
2475,T2933,632-85-9,COc1c(O)cc(O)c2c(=O)cc(-c3ccccc3)oc12,C16H12O5,284.27,2.88,79.9,2,5,2,3,3,0.062,21,0,0,none,1.0,0.8763,0.9505,T2933,Salicylate,"AMPK (direct, beta1)",直接结合 AMPK beta1 变构位点，抑制脂肪生成,0.222,黄酮/黄烷酮母核,AMPK / SREBP-1c,黄酮类多酚激活 AMPK-SIRT1 轴，抑制 SREBP-1c/FAS/ACC 表达并促进脂噬,0.6,0.4922,O=c1cc(-c2ccccc2)oc2ccccc12,0.7214
2476,T5707,6665-74-3,COc1c(-c2ccccc2)oc2cc(O)cc(O)c2c1=O,C16H12O5,284.27,2.88,79.9,2,5,2,3,3,0.062,21,0,0,none,1.0,0.8763,0.9505,T5707,Naringenin,PPAR-alpha / SREBP,柑橘黄烷酮，抑制脂肪生成基因并促进脂肪酸氧化,0.22,黄酮/黄烷酮母核,AMPK / SREBP-1c,黄酮类多酚激活 AMPK-SIRT1 轴，抑制 SREBP-1c/FAS/ACC 表达并促进脂噬,0.6,0.4903,O=c1cc(-c2ccccc2)oc2ccccc12,0.7204
2477,T6S0095,437-64-9,COc1cc(O)c2c(=O)cc(-c3ccc(O)cc3)oc2c1,C16H12O5,284.27,2.88,79.9,2,5,2,3,3,0.062,21,0,0,none,1.0,0.8763,0.9505,T6S0095,Naringenin,PPAR-alpha / SREBP,柑橘黄烷酮，抑制脂肪生成基因并促进脂肪酸氧化,0.255,黄酮/黄烷酮母核,AMPK / SREBP-1c,黄酮类多酚激活 AMPK-SIRT1 轴，抑制 SREBP-1c/FAS/ACC 表达并促进脂噬,0.6,0.5245,O=c1cc(-c2ccccc2)oc2ccccc12,0.7375
2478,T13384L,173897-44-4,C[C@@H](N)c1ccc(C(=O)Nc2ccnc3[nH]ccc23)cc1,C16H16N4O,280.33,2.83,83.8,3,3,3,3,3,0.125,21,0,0,none,1.0,0.8762,0.9505,T13384L,Nicotinic acid (Niacin),HCAR2 / DGAT2,抑制脂肪组织脂解并弱抑制 DGAT2，减少肝内 VLDL 底物供应,0.192,无明确优势骨架命中,,,0.0,0.1923,O=C(Nc1ccnc2[nH]ccc12)c1ccccc1,0.5714
2479,T3981,480-44-4,COc1ccc(-c2cc(=O)c3c(O)cc(O)cc3o2)cc1,C16H12O5,284.27,2.88,79.9,2,5,2,3,3,0.062,21,0,0,none,1.0,0.8763,0.9505,T3981,Naringenin,PPAR-alpha / SREBP,柑橘黄烷酮，抑制脂肪生成基因并促进脂肪酸氧化,0.246,黄酮/黄烷酮母核,AMPK / SREBP-1c,黄酮类多酚激活 AMPK-SIRT1 轴，抑制 SREBP-1c/FAS/ACC 表达并促进脂噬,0.6,0.5156,O=c1cc(-c2ccccc2)oc2ccccc12,0.733
2480,TN1254,21913-98-4,COc1cc(-c2coc3cc(O)ccc3c2=O)ccc1O,C16H12O5,284.27,2.88,79.9,2,5,2,3,3,0.062,21,0,0,none,1.0,0.8763,0.9505,TN1254,ACC inhibitor chemotype (firsocostat-like proxy),ACC1/ACC2,变构抑制乙酰辅酶A羧化酶，降低丙二酰辅酶A、阻断新发脂质合成(DNL)并解除 CPT1 抑制,0.216,无明确优势骨架命中,,,0.0,0.2162,O=c1c(-c2ccccc2)coc2ccccc12,0.5834
2481,T6S0325,40957-83-3,COc1cc2c(=O)c(-c3ccc(O)cc3)coc2cc1O,C16H12O5,284.27,2.88,79.9,2,5,2,3,3,0.062,21,0,0,none,1.0,0.8763,0.9505,T6S0325,Naringenin,PPAR-alpha / SREBP,柑橘黄烷酮，抑制脂肪生成基因并促进脂肪酸氧化,0.22,无明确优势骨架命中,,,0.0,0.2203,O=c1c(-c2ccccc2)coc2ccccc12,0.5854
2482,T3923,20575-57-9,COc1ccc(-c2coc3cc(O)ccc3c2=O)cc1O,C16H12O5,284.27,2.88,79.9,2,5,2,3,3,0.062,21,0,0,none,1.0,0.8763,0.9505,T3923,ACC inhibitor chemotype (firsocostat-like proxy),ACC1/ACC2,变构抑制乙酰辅酶A羧化酶，降低丙二酰辅酶A、阻断新发脂质合成(DNL)并解除 CPT1 抑制,0.2,无明确优势骨架命中,,,0.0,0.2,O=c1c(-c2ccccc2)coc2ccccc12,0.5752
2483,T2859,491-80-5,COc1ccc(-c2coc3cc(O)cc(O)c3c2=O)cc1,C16H12O5,284.27,2.88,79.9,2,5,2,3,3,0.062,21,0,0,none,1.0,0.8763,0.9505,T2859,Naringenin,PPAR-alpha / SREBP,柑橘黄烷酮，抑制脂肪生成基因并促进脂肪酸氧化,0.22,无明确优势骨架命中,,,0.0,0.2203,O=c1c(-c2ccccc2)coc2ccccc12,0.5854
2484,T9533,695207-56-8,Cc1c(C(C)C)c(=O)n(-c2ccc(S(=O)(=O)NCCOc3ccccc3)cc2)n1C,C22H27N3O4S,429.54,2.97,82.33,1,4,8,3,3,0.318,30,0,0,none,0.9959,0.8823,0.9505,T9533,Rosiglitazone,PPAR-gamma,TZD 类 PPAR-gamma 全激动剂，改善胰岛素抵抗与肝内脂肪蓄积,0.185,无明确优势骨架命中,,,0.0,0.1852,O=c1cc[nH]n1-c1ccc(S(=O)(=O)NCCOc2ccccc2)cc1,0.5678
2485,T3311,1910124-24-1,COc1ccccc1C(=O)Nc1cc2c(cc1N1CCNC[C@H]1C)n(C)c(=O)n2C,C22H27N5O3,409.49,1.94,80.53,2,5,4,3,4,0.364,30,0,0,none,0.9338,0.9753,0.9504,T3311,Ranolazine,pFOX / 晚钠电流,部分脂肪酸氧化抑制，改善代谢底物利用,0.238,无明确优势骨架命中,,,0.0,0.2381,O=C(Nc1cc2[nH]c(=O)[nH]c2cc1N1CCNCC1)c1ccccc1,0.5943
2486,T60688,1190277-80-5,O=C(Nc1nc2ccccc2[nH]1)c1cccc(-n2cccc2)c1,C18H14N4O,302.34,3.61,62.71,2,2,3,4,4,0.0,23,0,0,none,0.968,0.9242,0.9504,T60688,Nicotinic acid (Niacin),HCAR2 / DGAT2,抑制脂肪组织脂解并弱抑制 DGAT2，减少肝内 VLDL 底物供应,0.189,无明确优势骨架命中,,,0.0,0.1887,O=C(Nc1nc2ccccc2[nH]1)c1cccc(-n2cccc2)c1,0.5696
2487,T23182,875634-01-8,COc1ccccc1-c1c[nH]c2ncc(-c3cncc(C(=O)N(C)C)c3)cc12,C22H20N4O2,372.43,4.0,71.11,1,4,4,4,4,0.136,28,0,0,none,0.9172,1.0,0.9503,T23182,Ranolazine,pFOX / 晚钠电流,部分脂肪酸氧化抑制，改善代谢底物利用,0.207,无明确优势骨架命中,,,0.0,0.2073,c1ccc(-c2c[nH]c3ncc(-c4cccnc4)cc23)cc1,0.5788
2488,T10269,2338747-54-7,C[C@@H](CO)NC(=O)c1cc(-c2ccc(OC(F)(F)F)cc2)nc(-c2cccnc2)n1,C20H17F3N4O3,418.38,3.21,97.23,2,6,6,3,3,0.2,30,3,0,none,0.9836,0.9002,0.9502,T10269,TVB-2640 (Denifanstat),FASN,脂肪酸合酶 beta-酮脂酰还原酶结构域抑制剂，直接阻断棕榈酸从头合成,0.253,无明确优势骨架命中,,,0.0,0.2527,c1ccc(-c2ccnc(-c3cccnc3)n2)cc1,0.6014
2489,T72071,300803-79-6,O=C(NCc1ccccc1)c1c(O)c2ccccc2[nH]c1=O,C17H14N2O3,294.31,2.16,82.19,3,3,3,3,3,0.059,22,0,0,none,0.9753,0.9126,0.9502,T72071,Salicylate,"AMPK (direct, beta1)",直接结合 AMPK beta1 变构位点，抑制脂肪生成,0.227,无明确优势骨架命中,,,0.0,0.2273,O=C(NCc1ccccc1)c1cc2ccccc2[nH]c1=O,0.5888
2490,T40187,2561414-56-8,CCN1CCN(C(=O)Nc2cc(-c3cn(C4CCOCC4)c4cnccc34)ccn2)CC1,C24H30N6O2,434.54,3.62,75.52,1,5,4,3,5,0.458,32,0,0,none,0.9968,0.8802,0.9502,T40187,Ervogastat (PF-06865571),DGAT2,口服 DGAT2 抑制剂，降低肝内甘油三酯合成与 VLDL 分泌,0.294,杂芳基脲 (DGAT2/SCD1 型),DGAT2 / SCD1,杂芳基脲连接的哌啶醚母核，抑制 DGAT2 或 SCD1，减少甘油三酯与单不饱和脂肪酸生成，降低脂滴体积,0.68,0.6001,O=C(Nc1cc(-c2cn(C3CCOCC3)c3cnccc23)ccn1)N1CCNCC1,0.7752
2491,T7371,956025-47-1,CC(C)(C)n1nc(-c2cccc3ccccc23)c2c(N)ncnc21,C19H19N5,317.4,3.98,69.62,1,4,1,4,4,0.211,24,0,0,none,0.9168,1.0,0.9501,T3935;T7371,Telmisartan,PPAR-gamma partial / AT1R,AT1 受体拮抗兼 PPAR-gamma 部分激动，文献报道减轻肝细胞脂肪变,0.122,无明确优势骨架命中,,,0.0,0.1222,c1ccc2c(-c3n[nH]c4ncncc34)cccc2c1,0.5362
2492,T69343,371215-02-0,O=C(Oc1ccccc1)n1c(=O)oc2ccc(Cl)cc21,C14H8ClNO4,289.67,3.3,61.44,0,4,1,3,3,0.0,20,1,0,none,0.9959,0.8813,0.9501,T69343,Fenofibric acid,PPAR-alpha,激活 PPAR-alpha 上调 CPT1/ACOX1，增强线粒体与过氧化物酶体脂肪酸氧化,0.236,无明确优势骨架命中,,,0.0,0.2364,O=C(Oc1ccccc1)n1c(=O)oc2ccccc21,0.5932
2493,T62396L,,COc1ccc(OC(=O)CN2CCN(Cc3cc(OC)c(OC)c(OC)c3)CC2)cc1,C23H30N2O6,430.5,2.44,69.7,0,8,9,2,3,0.435,31,0,0,none,0.9844,0.8985,0.95,T62396;T62396L,Trimetazidine,3-KAT (长链硫解酶),部分脂肪酸氧化抑制剂，代谢调节剂,0.333,无明确优势骨架命中,,,0.0,0.3333,O=C(CN1CCN(Cc2ccccc2)CC1)Oc1ccccc1,0.6416
2494,T14913,1700637-55-3,COCCOC1CCC(Nc2cc(=O)n(C)c3ccc(-c4cncs4)cc23)CC1,C22H27N3O3S,413.54,4.05,65.38,1,6,7,3,4,0.455,29,0,0,none,0.9372,0.9692,0.95,T14913,Ervogastat (PF-06865571),DGAT2,口服 DGAT2 抑制剂，降低肝内甘油三酯合成与 VLDL 分泌,0.178,无明确优势骨架命中,,,0.0,0.1778,O=c1cc(NC2CCCCC2)c2cc(-c3cncs3)ccc2[nH]1,0.5639
2495,T7430,1883711-97-4,Cn1cnc2ncn(Cc3nc(CCc4ccc(Cl)cc4)no3)c(=O)c21,C17H15ClN6O2,370.8,2.0,91.63,0,6,5,4,4,0.235,26,1,0,none,0.9167,1.0,0.95,T7430,Pentoxifylline,PDE / TNF-alpha,非选择性磷酸二酯酶抑制剂，降低肝脏炎症与脂质沉积,0.225,无明确优势骨架命中,,,0.0,0.2254,O=c1c2[nH]cnc2ncn1Cc1nc(CCc2ccccc2)no1,0.5877
2496,T4381,170632-47-0,OCc1ccc(-c2nn(Cc3ccccc3)c3ccccc23)o1,C19H16N2O2,304.35,3.84,51.19,1,3,4,4,4,0.105,23,0,0,none,0.9457,0.9565,0.95,T4381,Telmisartan,PPAR-gamma partial / AT1R,AT1 受体拮抗兼 PPAR-gamma 部分激动，文献报道减轻肝细胞脂肪变,0.193,无明确优势骨架命中,,,0.0,0.1928,c1ccc(Cn2nc(-c3ccco3)c3ccccc32)cc1,0.5714
